event_id,event_time,reentry_time,confirmation_time,entry_time,entry_price,event_low,rsi_at_reentry,rsi_min_before_confirmation,year,mid_slope_atr,width_slope_atr,mid_category,width_category,target,anchor,reentry_atr_pct,reentry_bb_width_pct,entry_index,net_2h,net_3h,net_6h,net_12h,atr_bin,bb_bin,anchor_label,target_label
1,2020-03-01T00:00:00+00:00,2020-03-01T00:00:00+00:00,2020-03-01T08:00:00+00:00,2020-03-01T12:00:00+00:00,8647.42,8511.11,37.659482101250696,34.91237551088909,2020,-0.42321378915345753,-1.1961137698635138,flat,contracting,False,False,0.02028635860749601,0.045288829533900656,362,-0.013281119686565535,-0.014543924083715187,0.011832729299605993,0.023403810616345777,2-4%,<5%,vol0,other
2,2020-03-09T12:00:00+00:00,2020-03-09T12:00:00+00:00,2020-03-09T16:00:00+00:00,2020-03-09T20:00:00+00:00,7842.04,7632.01,16.635616030183755,16.635616030183755,2020,-0.891533471298789,2.8722809635158426,down,expanding,False,True,0.02743020065036417,0.22382687362936554,412,0.007448056883157973,0.006504424869039239,0.01645719226119724,-0.0027610213668892705,2-4%,>=12%,vol1,other
3,2020-03-13T04:00:00+00:00,2020-03-13T04:00:00+00:00,2020-03-13T20:00:00+00:00,2020-03-14T00:00:00+00:00,5576.05,4674.0,24.32522796623344,23.319768996429303,2020,-0.6436670945125655,3.2203875590971047,down,expanding,False,False,0.11481816573473073,0.5980363865047131,437,-0.014529290447539145,-0.023923036916813967,-0.07337560638803464,-0.03968688408461196,>=4%,>=12%,vol0,other
4,2020-06-12T00:00:00+00:00,2020-06-12T00:00:00+00:00,2020-06-12T04:00:00+00:00,2020-06-12T08:00:00+00:00,9439.48,9232.51,33.29010973034232,33.29010973034232,2020,-0.37240703072536413,2.775324954159409,flat,expanding,True,False,0.01644618400319295,0.07316464325388855,979,-0.0032776678376351667,-0.0018867013860931472,-0.0011896290897378528,-0.003641035311267137,1-2%,5-12%,vol0,flat_expand
5,2020-06-25T04:00:00+00:00,2020-06-25T04:00:00+00:00,2020-06-25T08:00:00+00:00,2020-06-25T12:00:00+00:00,9255.79,9090.17,36.01664995856142,36.01664995856142,2020,-0.1463490640426127,0.8477213661827401,flat,expanding,True,False,0.013570796314095471,0.07625692235819449,1058,0.002306038706582415,-0.0016806550278259938,-0.008174968317129272,-0.01135243885178916,1-2%,5-12%,vol0,flat_expand
6,2020-07-02T16:00:00+00:00,2020-07-02T16:00:00+00:00,2020-07-03T04:00:00+00:00,2020-07-03T08:00:00+00:00,9105.25,8940.0,37.988330598668206,37.988330598668206,2020,0.08716392547187606,0.12905946987579756,flat,flat,False,True,0.009743311028215174,0.023901703986655934,1105,-0.0015348562642432109,-0.0031471129293538782,-0.004476016583839003,-0.005731336316959989,<1%,<5%,vol1,other
7,2020-07-16T12:00:00+00:00,2020-07-16T12:00:00+00:00,2020-07-17T08:00:00+00:00,2020-07-17T12:00:00+00:00,9138.92,9069.31,39.331654277617574,37.98114451162426,2020,-0.28399369582351913,0.9047566900506329,flat,expanding,True,False,0.0073966581304454335,0.02337078203870745,1190,0.0018252791358278628,0.0006840064252667819,0.0012967702967089387,-0.002587714959754516,<1%,<5%,vol0,flat_expand
8,2020-08-11T20:00:00+00:00,2020-08-11T20:00:00+00:00,2020-08-12T12:00:00+00:00,2020-08-12T16:00:00+00:00,11581.54,11125.0,38.31785609206881,37.95879816230693,2020,-0.0686615386650526,0.4464122187013011,flat,flat,False,True,0.019876653655120806,0.057226744386656224,1347,-0.0024851220131347765,-0.002237313863268752,-0.00805864677754431,0.012712338773600007,1-2%,5-12%,vol1,other
9,2020-08-22T04:00:00+00:00,2020-08-22T04:00:00+00:00,2020-08-22T20:00:00+00:00,2020-08-23T00:00:00+00:00,11663.51,11411.87,39.271534466910204,38.457743249307676,2020,-0.5167162039120549,-0.07144051764778701,down,flat,False,False,0.011572928621948414,0.038267575061540965,1409,-0.005033948614096561,-0.012743463159889168,-0.0023194998761092425,0.006260250130535439,1-2%,<5%,vol0,other
10,2020-09-04T04:00:00+00:00,2020-09-04T04:00:00+00:00,2020-09-04T08:00:00+00:00,2020-09-04T12:00:00+00:00,10422.52,10093.1,23.406765912249384,23.406765912249384,2020,-0.6479016681299338,2.847284280351464,down,expanding,False,False,0.03074846331570812,0.20798495486308885,1484,0.013162601750824066,0.0012768006201954183,-0.019888905945970925,-0.015986778629352716,2-4%,>=12%,vol0,other
11,2020-09-22T00:00:00+00:00,2020-09-22T00:00:00+00:00,2020-09-22T16:00:00+00:00,2020-09-22T20:00:00+00:00,10491.98,10353.0,34.03616153756697,31.642669367671786,2020,-0.502392601546448,2.7403995692067014,down,expanding,False,False,0.014452974142733416,0.0832056421618056,1594,-0.0025230680958217002,-0.007037945173360981,-0.019964961808924486,0.014429880727946709,1-2%,5-12%,vol0,other
12,2020-12-09T08:00:00+00:00,2020-12-09T08:00:00+00:00,2020-12-09T20:00:00+00:00,2020-12-10T00:00:00+00:00,18541.29,17650.0,36.99265220536661,36.99265220536661,2020,-0.4590138403492931,2.7682699865937828,flat,expanding,True,True,0.0187191915727757,0.08543764079687222,2063,-0.0120768991801542,-0.01981152821621368,-0.016450920620949216,-0.02822356427195749,1-2%,5-12%,vol1,flat_expand
13,2021-02-26T08:00:00+00:00,2021-02-26T08:00:00+00:00,2021-02-27T00:00:00+00:00,2021-02-27T04:00:00+00:00,47423.07,44939.19,38.83694055320289,38.83694055320289,2021,-0.4992856877806253,-0.38778198887632637,flat,flat,False,False,0.043261181644989564,0.14714126061007018,2538,-0.0035953612872384735,-0.019856855956394193,-0.059839927486769695,-0.02391479653257378,>=4%,>=12%,vol0,other
14,2021-04-18T12:00:00+00:00,2021-04-18T12:00:00+00:00,2021-04-19T00:00:00+00:00,2021-04-19T04:00:00+00:00,57030.9,53200.0,35.02046652770758,35.02046652770758,2021,-0.5687013313410372,3.2627921314680344,down,expanding,False,False,0.03833778824405928,0.1909002688907054,2844,0.00034155343857456087,-0.04394303614356432,-0.04074634803238253,-0.03302299104520534,2-4%,>=12%,vol0,other
15,2021-04-22T00:00:00+00:00,2021-04-22T00:00:00+00:00,2021-04-22T08:00:00+00:00,2021-04-22T12:00:00+00:00,54866.63,52561.0,38.548093882495216,38.548093882495216,2021,0.015000358368353318,-0.13408771286701504,flat,flat,False,True,0.03024472919928917,0.0760484278822281,2864,-0.03641478672920129,-0.05887999007775768,-0.08841688709512496,-0.10661082391974863,2-4%,5-12%,vol1,other
16,2021-04-23T08:00:00+00:00,2021-04-23T08:00:00+00:00,2021-04-23T20:00:00+00:00,2021-04-24T00:00:00+00:00,51110.56,47500.0,35.988268947333935,35.43161319277094,2021,-0.4087256018460324,2.270098955613031,flat,expanding,True,False,0.04130758625034281,0.16870599638573597,2873,-0.026662015833909813,-0.04088295178139301,-0.021792572024254886,-0.04098782247739008,>=4%,>=12%,vol0,flat_expand
17,2021-05-16T00:00:00+00:00,2021-05-16T00:00:00+00:00,2021-05-16T04:00:00+00:00,2021-05-16T08:00:00+00:00,49375.28,46467.0,38.74102761683764,38.74102761683764,2021,-0.7734143400948335,-2.690201741798857,down,contracting,False,False,0.03140047386913979,0.08288889019049542,3007,-0.034377430973555945,-0.07840796609153411,-0.08671090634827794,-0.08611526415647663,2-4%,5-12%,vol0,other
18,2021-05-23T16:00:00+00:00,2021-05-23T16:00:00+00:00,2021-05-23T20:00:00+00:00,2021-05-24T00:00:00+00:00,34681.44,31111.01,30.360283767454874,30.360283767454874,2021,-0.2198153213758005,0.7291112138306107,flat,expanding,True,True,0.07307525419784594,0.24816336979882017,3053,0.055639805036930334,0.08315365682624487,0.11807089209675248,0.10404984798785744,>=4%,>=12%,vol1,flat_expand
19,2021-09-11T00:00:00+00:00,2021-09-11T00:00:00+00:00,2021-09-11T08:00:00+00:00,2021-09-11T12:00:00+00:00,45555.68,44722.22,36.24003737667735,35.42177967050323,2021,-0.7419579594836048,-4.6518204332982975,down,contracting,False,False,0.021074108256363105,0.049979864593817105,3716,-0.005282890739420453,-0.009385342947355824,0.010639163327163748,-0.016287665555645314,2-4%,<5%,vol0,other
20,2021-11-19T08:00:00+00:00,2021-11-19T08:00:00+00:00,2021-11-19T12:00:00+00:00,2021-11-19T16:00:00+00:00,57887.96,55986.05,31.886365867046905,31.886365867046905,2021,-0.7737882658187007,-0.46059052836079933,down,flat,False,False,0.026030192531653576,0.10531867277470228,4131,0.001921851106862272,0.009799136815323961,-0.006175169413466962,0.02165237883663551,2-4%,5-12%,vol0,other
21,2021-12-04T12:00:00+00:00,2021-12-04T12:00:00+00:00,2021-12-04T16:00:00+00:00,2021-12-04T20:00:00+00:00,49249.99,46489.66,26.371511664503544,26.371511664503544,2021,-0.6456490289278773,4.0258451210639405,down,expanding,False,False,0.044074804999530114,0.25389342410878873,4222,-0.0026083251996599213,-0.0002044668435464683,-0.008056854224741894,-0.003984569133922643,>=4%,>=12%,vol0,other
22,2021-12-13T20:00:00+00:00,2021-12-13T20:00:00+00:00,2021-12-14T08:00:00+00:00,2021-12-14T12:00:00+00:00,47617.99,46214.13,35.3950188821331,35.3950188821331,2021,-0.08855995743870164,0.5148763377293278,flat,expanding,True,False,0.023901957440560635,0.08169329306148713,4280,-0.01693032381249182,0.014098495337581451,0.00980578999659587,0.03238654151508713,2-4%,5-12%,vol0,flat_expand
23,2021-12-31T20:00:00+00:00,2021-12-31T20:00:00+00:00,2022-01-01T00:00:00+00:00,2022-01-01T04:00:00+00:00,46813.21,45678.0,37.68546373721937,37.68546373721937,2021,-0.3149682682281543,-0.8456217804883888,flat,contracting,False,False,0.021632533483169184,0.052224888058177654,4386,-0.0021607834626166103,0.007669134203785678,0.01002808373961106,-0.0014259481458332992,2-4%,5-12%,vol0,other
24,2022-01-06T12:00:00+00:00,2022-01-06T12:00:00+00:00,2022-01-06T16:00:00+00:00,2022-01-06T20:00:00+00:00,43438.11,42632.44,28.6553022891905,28.6553022891905,2022,-0.5799752855286041,2.1501870066131867,down,expanding,False,False,0.024195088329764875,0.13348325247321477,4420,-0.03863975918841778,-0.04085900859867064,-0.039278138712757094,-0.06101757442945843,2-4%,>=12%,vol0,other
25,2022-02-12T04:00:00+00:00,2022-02-12T04:00:00+00:00,2022-02-12T16:00:00+00:00,2022-02-12T20:00:00+00:00,42662.47,41688.88,39.55251646889326,39.55251646889326,2022,-0.14507839916091603,0.721668890093901,flat,expanding,True,False,0.024869660993382444,0.07144017278629093,4642,-0.011137247093288338,-0.006861826565597417,-0.015797549227693608,-0.01373156476875348,2-4%,5-12%,vol0,flat_expand
26,2022-02-22T04:00:00+00:00,2022-02-22T04:00:00+00:00,2022-02-22T08:00:00+00:00,2022-02-22T12:00:00+00:00,37519.47,36515.87,31.76061041807661,31.76061041807661,2022,-0.3964301312445876,0.940857094030018,flat,expanding,True,False,0.02989792760434064,0.11649445129101788,4700,0.0135484464466048,0.01794642968037652,0.03267424966290833,-0.056364321510938176,2-4%,5-12%,vol0,flat_expand
27,2022-02-24T08:00:00+00:00,2022-02-24T08:00:00+00:00,2022-02-24T16:00:00+00:00,2022-02-24T20:00:00+00:00,37300.0,34818.09,33.32478188920051,33.32478188920051,2022,-0.3672780002533854,1.539406248884457,flat,expanding,True,True,0.02916618331792665,0.1233795387951106,4714,0.04252198391420914,0.03026675603217155,0.03589356568364599,0.051389276139410245,2-4%,>=12%,vol1,flat_expand
28,2022-03-05T04:00:00+00:00,2022-03-05T04:00:00+00:00,2022-03-05T16:00:00+00:00,2022-03-05T20:00:00+00:00,39433.71,38407.59,29.190983343326337,29.190983343326337,2022,-0.665600369460378,2.511182531170951,down,expanding,False,False,0.025076037894513507,0.1688981738254073,4768,-0.004377313471139343,-0.002170318491463318,-0.020350449146174676,-0.054882071963302415,2-4%,>=12%,vol0,other
29,2022-03-07T20:00:00+00:00,2022-03-07T20:00:00+00:00,2022-03-08T00:00:00+00:00,2022-03-08T04:00:00+00:00,38696.56,37155.0,39.25956684978238,39.25956684978238,2022,-0.5683203572738063,-1.6070641826400154,down,contracting,False,False,0.024426698656718666,0.06523774669710124,4782,0.006403500466191426,-0.0019876846934198103,0.06415230294372443,0.05254326069294024,2-4%,5-12%,vol0,other
30,2022-04-25T08:00:00+00:00,2022-04-25T08:00:00+00:00,2022-04-25T16:00:00+00:00,2022-04-25T20:00:00+00:00,40225.98,38209.36,36.07427830485599,36.07427830485599,2022,-0.6836640861800585,-1.7448968454006732,down,contracting,False,False,0.01307464925268558,0.04774629819388267,5074,0.006689309247406628,0.007912647995151345,-0.04962404843834767,-0.03500066325295259,1-2%,<5%,vol0,other
31,2022-05-01T00:00:00+00:00,2022-05-01T00:00:00+00:00,2022-05-01T12:00:00+00:00,2022-05-01T16:00:00+00:00,38490.01,37386.38,39.16549655704332,38.179643525229,2022,-0.22256636621040055,0.9286644110877159,flat,expanding,True,False,0.014495170079185845,0.06313904496393365,5109,-0.0015627434235533358,0.00378305929252798,0.004353077330974898,-0.005251492789947298,1-2%,5-12%,vol0,flat_expand
32,2022-05-12T04:00:00+00:00,2022-05-12T04:00:00+00:00,2022-05-12T12:00:00+00:00,2022-05-12T16:00:00+00:00,29021.26,26700.0,22.937453090038602,22.937453090038602,2022,-0.5076643933345244,-0.024442412850301316,down,flat,False,True,0.05905743897507927,0.187952489373804,5175,-0.0007078004194166479,0.052797802025136176,0.04444048053048022,-0.008002108109709916,>=4%,>=12%,vol1,other
33,2022-06-14T00:00:00+00:00,2022-06-14T00:00:00+00:00,2022-06-14T04:00:00+00:00,2022-06-14T08:00:00+00:00,22877.52,20846.0,12.405168424371837,12.405168424371837,2022,-0.8747642859010634,1.8709535036891844,down,expanding,False,True,0.057138408978912675,0.35853410224736376,5371,-0.009617192772643168,-0.031011557196759076,-0.09517978871835764,-0.04966523993859473,>=4%,>=12%,vol1,other
34,2022-06-18T20:00:00+00:00,2022-06-18T20:00:00+00:00,2022-06-19T08:00:00+00:00,2022-06-19T12:00:00+00:00,19692.49,17622.0,32.074860386957965,28.769117696787873,2022,-0.49247361652980803,2.0399954718114692,flat,expanding,True,True,0.042111018345271096,0.2191099199157518,5402,0.0209159689810684,0.043763765272954225,0.055331119122061234,0.06348803579435602,>=4%,>=12%,vol1,flat_expand
35,2022-08-17T20:00:00+00:00,2022-08-17T20:00:00+00:00,2022-08-18T08:00:00+00:00,2022-08-18T12:00:00+00:00,23534.43,23180.4,36.10844184742907,36.10844184742907,2022,-0.5007270187058532,0.30613334283047733,down,flat,False,False,0.014981552475779784,0.058403537543521185,5762,-0.00905415724961256,-0.015573541827866633,-0.08880837266931896,-0.09876187483614429,1-2%,5-12%,vol0,other
36,2022-08-20T00:00:00+00:00,2022-08-20T00:00:00+00:00,2022-08-20T12:00:00+00:00,2022-08-20T16:00:00+00:00,21300.5,20792.92,21.995048495774682,21.995048495774682,2022,-0.9706684849995773,2.8312105510942165,down,expanding,False,False,0.020521835099557104,0.1781127344222794,5775,-0.008531748081030965,-0.005245909720429042,0.00456324968897437,0.003693317058285018,2-4%,>=12%,vol0,other
37,2022-09-07T04:00:00+00:00,2022-09-07T04:00:00+00:00,2022-09-07T16:00:00+00:00,2022-09-07T20:00:00+00:00,18992.37,18671.22,28.635886199075088,27.73399917653458,2022,-0.4310657586810356,3.4501315072008385,flat,expanding,True,False,0.01786178750774771,0.08534036787002201,5884,0.01090109501868397,0.008436947574209985,0.017955506869337667,0.12006177375440774,1-2%,5-12%,vol0,flat_expand
38,2022-09-19T12:00:00+00:00,2022-09-19T12:00:00+00:00,2022-09-19T16:00:00+00:00,2022-09-19T20:00:00+00:00,19514.8,18676.47,38.10572748272779,38.10572748272779,2022,-0.4934895421456053,3.5527466113394714,flat,expanding,True,True,0.01958765958616064,0.09647342823377208,5956,-0.008717732182753624,-0.008990345788837173,-0.02772177014368571,-0.027238547153955017,1-2%,5-12%,vol1,flat_expand
39,2022-10-11T04:00:00+00:00,2022-10-11T04:00:00+00:00,2022-10-11T08:00:00+00:00,2022-10-11T12:00:00+00:00,19153.68,19010.0,29.697273578178923,29.697273578178923,2022,-0.44797118054883217,-0.10827225663029273,flat,flat,False,False,0.00913131125611671,0.030258621025760216,6086,-0.009145693151394463,-0.005890966122437113,-0.0030392947987019072,-0.021862309488307252,<1%,<5%,vol0,other
40,2022-10-13T12:00:00+00:00,2022-10-13T12:00:00+00:00,2022-10-13T16:00:00+00:00,2022-10-13T20:00:00+00:00,19369.94,18190.0,38.86502735802421,38.86502735802421,2022,-0.40367194823603286,-0.27688470466681264,flat,flat,False,True,0.012720656667279307,0.024513678262553608,6100,0.022072348184867807,0.013055799863087025,-0.011416139647309143,-0.01479921672447082,1-2%,<5%,vol1,other
41,2022-11-28T16:00:00+00:00,2022-11-28T16:00:00+00:00,2022-11-29T00:00:00+00:00,2022-11-29T04:00:00+00:00,16287.53,15995.27,39.10233402693478,38.56772469639564,2022,-0.3382763372165839,1.5002803144572847,flat,expanding,True,True,0.010207509250637806,0.03714029288484737,6378,0.011844182021460425,0.00555777763724763,0.03324214721323615,0.05201294917031618,1-2%,<5%,vol1,flat_expand
42,2022-12-17T00:00:00+00:00,2022-12-17T00:00:00+00:00,2022-12-17T20:00:00+00:00,2022-12-18T00:00:00+00:00,16777.54,16579.85,29.34155530188231,29.34155530188231,2022,-0.34463428586286965,1.7796840200368509,flat,expanding,True,False,0.01420720511196231,0.09348848222651393,6491,-0.002592009317218035,-0.0049451552492202335,-0.003297118647906715,-0.021185319182669193,1-2%,5-12%,vol0,flat_expand
43,2023-02-06T04:00:00+00:00,2023-02-06T04:00:00+00:00,2023-02-06T12:00:00+00:00,2023-02-06T16:00:00+00:00,23042.86,22628.13,34.40110867473193,34.35845394984278,2023,-0.6943437105519195,0.4016355322903609,down,flat,False,False,0.008733260184656637,0.037915890184537254,6795,-0.0131660245299412,-0.008154927817119906,-0.00698753800526497,-0.008446124309222092,<1%,<5%,vol0,other
44,2023-02-22T16:00:00+00:00,2023-02-22T16:00:00+00:00,2023-02-22T20:00:00+00:00,2023-02-23T00:00:00+00:00,24182.21,23574.69,38.34747254245966,38.34747254245966,2023,-0.22891191122243282,1.0640466200136556,flat,expanding,True,False,0.017365051357410864,0.06115783317574008,6893,0.007060057372754503,-0.017623790794968675,-0.011007770174851661,-0.0422770379547609,1-2%,5-12%,vol0,flat_expand
45,2023-03-10T12:00:00+00:00,2023-03-10T12:00:00+00:00,2023-03-10T20:00:00+00:00,2023-03-11T00:00:00+00:00,20150.69,19657.11,18.92571035710752,18.92571035710752,2023,-0.9558958685844572,3.2554874330153347,down,expanding,False,True,0.020805018926734736,0.1642247439827244,6989,-0.015881872531411934,-0.0042068380784975315,0.014137943167206735,0.09067725770184543,2-4%,>=12%,vol1,other
46,2023-05-01T20:00:00+00:00,2023-05-01T20:00:00+00:00,2023-05-02T12:00:00+00:00,2023-05-02T16:00:00+00:00,28540.69,27666.95,37.083030236314414,36.76253452436808,2023,-0.4507451735108019,2.064041456091376,flat,expanding,True,False,0.015041239769455896,0.06857446924484284,7305,0.003525468725528281,-0.0016937463670289024,-0.009029588632930685,0.010405120198565654,1-2%,5-12%,vol0,flat_expand
47,2023-06-10T16:00:00+00:00,2023-06-10T16:00:00+00:00,2023-06-11T16:00:00+00:00,2023-06-11T20:00:00+00:00,26030.89,25358.0,36.48261514287007,36.48261514287007,2023,-0.7064820316539303,1.3172333668608431,down,expanding,False,True,0.012612399445215,0.04915455108647646,7546,-0.010204449021911977,-0.009755751340042473,-0.008939029360886197,-0.0059195398236479005,1-2%,<5%,vol1,other
48,2023-06-15T12:00:00+00:00,2023-06-15T12:00:00+00:00,2023-06-15T16:00:00+00:00,2023-06-15T20:00:00+00:00,25455.49,24921.11,28.68660592270838,28.68660592270838,2023,-0.45530997474440965,2.2393096596788027,flat,expanding,True,False,0.011887386450236142,0.06349084771746415,7570,0.0031743451019800037,0.0022020597521398297,0.03541414877497939,0.03906287052419721,1-2%,5-12%,vol0,flat_expand
49,2023-08-01T12:00:00+00:00,2023-08-01T12:00:00+00:00,2023-08-01T16:00:00+00:00,2023-08-01T20:00:00+00:00,29274.42,28585.7,39.77156949784722,39.77156949784722,2023,-0.3374808745866458,1.985638461795591,flat,expanding,True,True,0.007814143616968802,0.023982124839038527,7852,0.011247552641521108,0.009344526040140244,-0.005196496463465316,-0.0007642993439324055,<1%,<5%,vol1,flat_expand
50,2023-08-22T20:00:00+00:00,2023-08-22T20:00:00+00:00,2023-08-23T12:00:00+00:00,2023-08-23T16:00:00+00:00,26143.99,25300.0,39.626987326508065,37.174632552239245,2023,-0.0049940792604453174,0.22645134408618386,flat,flat,False,True,0.008866562129917962,0.013984709003486726,7983,0.010043455876474705,0.01039917816676017,-0.006647186982553287,-0.009108173235990447,<1%,<5%,vol1,other
51,2023-09-25T12:00:00+00:00,2023-09-25T12:00:00+00:00,2023-09-26T00:00:00+00:00,2023-09-26T04:00:00+00:00,26353.87,25990.46,37.38715927801317,37.38715927801317,2023,-0.4878946086638611,2.4793359588165345,flat,expanding,True,True,0.005995257423218072,0.026650553206467156,8184,-0.004037504548667802,-0.009621504166181238,-0.0038777557148153,-4.074809506138168e-05,<1%,<5%,vol1,flat_expand
52,2023-11-15T04:00:00+00:00,2023-11-15T04:00:00+00:00,2023-11-15T08:00:00+00:00,2023-11-15T12:00:00+00:00,36240.95,35375.38,35.77132794759568,35.77132794759568,2023,-0.48315084007190384,2.207988360664493,flat,expanding,True,False,0.014474247641405636,0.06669552341408601,8486,0.03374081115423311,0.04362493394902722,0.026773554501192787,0.002638701524104615,1-2%,5-12%,vol0,flat_expand
53,2023-11-27T16:00:00+00:00,2023-11-27T16:00:00+00:00,2023-11-27T20:00:00+00:00,2023-11-28T00:00:00+00:00,37242.7,36707.0,38.37516648549765,38.37516648549765,2023,-0.19109822164793316,1.3300508367784036,flat,expanding,True,False,0.007925052006864474,0.037305706411003434,8561,-0.004694415281383923,-0.0007655916461480885,0.014470951354225048,0.01543140803432641,<1%,<5%,vol0,flat_expand
54,2023-12-11T20:00:00+00:00,2023-12-11T20:00:00+00:00,2023-12-12T00:00:00+00:00,2023-12-12T04:00:00+00:00,41735.29,40554.0,32.70183827749268,32.70183827749268,2023,-0.37498013487908494,2.2849977848181986,flat,expanding,True,False,0.017690611128848968,0.0966038170905397,8646,-0.004611092674808303,-0.010279916348969964,-0.022706809752609858,0.022447063624093544,1-2%,5-12%,vol0,flat_expand
55,2023-12-18T08:00:00+00:00,2023-12-18T08:00:00+00:00,2023-12-18T16:00:00+00:00,2023-12-18T20:00:00+00:00,41701.11,40542.93,36.912420836571314,36.912420836571314,2023,-0.5295113685453051,0.7863067680207324,down,expanding,False,True,0.011287488551999647,0.04665540675704561,8686,0.03211902249124787,0.03101497514094953,0.014367696447408762,0.047845222585202296,1-2%,<5%,vol1,other
56,2023-12-26T20:00:00+00:00,2023-12-26T20:00:00+00:00,2023-12-27T08:00:00+00:00,2023-12-27T12:00:00+00:00,43019.11,42055.0,39.34372250076514,36.00979502351877,2023,-0.3370461180358217,1.616424543946348,flat,expanding,True,False,0.012433538754596463,0.04592473916673313,8738,0.0021434866969586306,0.008524836752782705,-4.995710046073933e-05,-0.004652097869993098,1-2%,<5%,vol0,flat_expand
57,2024-04-17T16:00:00+00:00,2024-04-17T16:00:00+00:00,2024-04-18T00:00:00+00:00,2024-04-18T04:00:00+00:00,61987.99,59678.16,35.178931954265764,35.178931954265764,2024,-0.16538968657584238,0.6791810837785609,flat,expanding,True,True,0.029311028781140957,0.09338144873033849,9414,0.00883948664894596,0.023370849901730995,-0.004272408090663981,0.030748408038395847,2-4%,5-12%,vol1,flat_expand
58,2024-06-11T16:00:00+00:00,2024-06-11T16:00:00+00:00,2024-06-12T08:00:00+00:00,2024-06-12T12:00:00+00:00,67778.43,66161.26,36.7703845353237,36.19857247896167,2024,-0.5641043136347906,4.022338749422287,down,expanding,False,True,0.011469069971887421,0.059722426174242255,9746,-0.00462224383185028,0.006163783522279976,-0.0015669945438392388,-0.011953927377780671,1-2%,5-12%,vol1,other
59,2024-06-24T20:00:00+00:00,2024-06-24T20:00:00+00:00,2024-06-25T00:00:00+00:00,2024-06-25T04:00:00+00:00,61302.59,58402.0,25.896191876168615,25.896191876168615,2024,-0.8195055114100498,5.092748763654215,down,expanding,False,True,0.013405078650056116,0.09878150460330903,9822,-0.0028751246888589757,0.007277138045880372,0.009333658006945522,-0.005327386493784391,1-2%,5-12%,vol1,other
60,2024-06-28T20:00:00+00:00,2024-06-28T20:00:00+00:00,2024-06-29T04:00:00+00:00,2024-06-29T08:00:00+00:00,61052.3,60063.0,38.82593159646929,38.82593159646929,2024,-0.02050932308623722,0.41112104838161656,flat,flat,False,False,0.011604277574234458,0.032106621508928984,9847,-0.00012042625748753723,-0.0009167926515464267,0.0067918440419115775,0.03545300832237264,1-2%,<5%,vol0,other
61,2024-07-05T08:00:00+00:00,2024-07-05T08:00:00+00:00,2024-07-05T12:00:00+00:00,2024-07-05T16:00:00+00:00,56662.99,53900.0,27.53655285264277,27.53655285264277,2024,-0.7687899198925353,1.5585213002875997,down,expanding,False,True,0.026533429624451755,0.16482312314934666,9885,-0.0016035685727138196,-0.005464995581772158,0.010559573541742195,0.0018665977563131495,2-4%,>=12%,vol1,other
62,2024-08-01T16:00:00+00:00,2024-08-01T16:00:00+00:00,2024-08-01T20:00:00+00:00,2024-08-02T00:00:00+00:00,65354.02,62302.0,32.71659413215984,32.71659413215984,2024,-0.740560143616582,-0.12647182951134028,down,flat,False,True,0.016888210980924218,0.08007800484267705,10049,-0.01920775523831586,-0.011619239642794654,-0.05999682988131416,-0.07224320738035706,1-2%,5-12%,vol1,other
63,2024-08-05T12:00:00+00:00,2024-08-05T12:00:00+00:00,2024-08-06T00:00:00+00:00,2024-08-06T04:00:00+00:00,55665.73,49542.83,30.963010316627745,29.2388848170026,2024,-0.9026206999314894,3.1370358453212854,down,expanding,False,True,0.042563447403998284,0.2393644911527144,10074,-0.009186904222759695,0.012298307594277413,0.02049042148553515,0.02386287344116378,>=4%,>=12%,vol1,other
64,2024-09-02T00:00:00+00:00,2024-09-02T00:00:00+00:00,2024-09-02T08:00:00+00:00,2024-09-02T12:00:00+00:00,58422.01,57128.0,37.253345551499095,35.9062778060966,2024,-0.4358718850819706,-0.38347685615848925,flat,flat,False,False,0.011435583406753078,0.0377415995663454,10238,-0.0006915546041638123,0.011154836850015948,0.01012594380097498,-0.03264920207298594,1-2%,<5%,vol0,other
65,2024-09-06T20:00:00+00:00,2024-09-06T20:00:00+00:00,2024-09-07T08:00:00+00:00,2024-09-07T12:00:00+00:00,54326.01,52550.0,30.06563440830233,29.429071604687408,2024,-0.5768146005484727,0.5845858992003765,down,expanding,False,False,0.021274006442354283,0.09252625727546662,10268,0.00043577634359681736,-0.004039980296730804,0.003234987991939665,0.016281961255759536,2-4%,5-12%,vol0,other
66,2024-10-10T00:00:00+00:00,2024-10-10T00:00:00+00:00,2024-10-10T08:00:00+00:00,2024-10-10T12:00:00+00:00,61262.01,60355.0,36.01931295169814,36.01931295169814,2024,-0.17467533630359008,1.1056771215700631,flat,expanding,True,False,0.012438252691194892,0.05253513795965624,10466,-0.026052067341571172,-0.016272270694350444,-0.002422251734802815,0.02633994526134542,1-2%,5-12%,vol0,flat_expand
67,2024-10-10T20:00:00+00:00,2024-10-10T20:00:00+00:00,2024-10-11T08:00:00+00:00,2024-10-11T12:00:00+00:00,61174.88,59586.29,37.499057830123604,37.499057830123604,2024,-0.5175088666105228,0.4010106737887117,down,flat,False,False,0.012782962812792203,0.060095598867933794,10472,0.03024027378557992,0.021314878263757886,0.027803162343759458,0.021663877722359337,1-2%,5-12%,vol0,other
68,2024-12-10T16:00:00+00:00,2024-12-10T16:00:00+00:00,2024-12-11T00:00:00+00:00,2024-12-11T04:00:00+00:00,97398.42,94256.54,37.24691904275669,37.24691904275669,2024,-0.21075925534748732,0.6496146997819081,flat,expanding,True,True,0.02026004645336668,0.06238933676721565,10836,0.008180744410433038,0.029423696811508804,0.036243519966751125,0.022929238277171193,2-4%,5-12%,vol1,flat_expand
69,2025-01-13T16:00:00+00:00,2025-01-13T16:00:00+00:00,2025-01-13T20:00:00+00:00,2025-01-14T00:00:00+00:00,94536.11,91250.0,39.669062246591544,39.669062246591544,2025,-0.16705706471113005,1.3713681491052296,flat,expanding,True,False,0.01394494049585719,0.044985635362277655,11039,0.0024683043336563024,0.020282132298441335,0.020417636075780954,0.062057809338674885,1-2%,<5%,vol0,flat_expand
70,2025-02-25T16:00:00+00:00,2025-02-25T16:00:00+00:00,2025-02-25T20:00:00+00:00,2025-02-26T00:00:00+00:00,88680.39,86157.69,22.855137939761136,22.855137939761136,2025,-0.6460763308984451,3.163674870252773,down,expanding,False,False,0.021424019186825863,0.1320452820805277,11297,-0.0005532270437692546,-0.001717069467105369,-0.050958057243546184,-0.0457880303638718,2-4%,>=12%,vol0,other
71,2025-02-26T20:00:00+00:00,2025-02-26T20:00:00+00:00,2025-02-27T00:00:00+00:00,2025-02-27T04:00:00+00:00,85226.32,82256.01,20.73576141822643,20.73576141822643,2025,-0.5956968811574079,0.5143396356556832,down,expanding,False,True,0.02962315614652245,0.16943891506142728,11304,0.016274945110853145,0.0022210706739419503,-0.057008871437837616,0.00022626437466721858,2-4%,>=12%,vol1,other
72,2025-02-28T08:00:00+00:00,2025-02-28T08:00:00+00:00,2025-02-28T12:00:00+00:00,2025-02-28T16:00:00+00:00,84005.05,78258.52,27.922348009324296,27.922348009324296,2025,-0.7577999162149681,0.12765420249666765,down,flat,False,False,0.030235214143466412,0.13978601285184414,11313,0.003105705549844796,0.014782146430482368,0.008463240602797018,0.03974695509377113,2-4%,>=12%,vol0,other
73,2025-03-10T00:00:00+00:00,2025-03-10T00:00:00+00:00,2025-03-10T08:00:00+00:00,2025-03-10T12:00:00+00:00,83582.0,80037.62,34.34772362730172,34.34772362730172,2025,-0.9068009095260964,0.6900304350290737,down,expanding,False,False,0.018393302290103997,0.10671425640150371,11372,-0.05509250795625853,-0.06065566748821516,-0.02327357565025956,-0.007909980617836432,1-2%,5-12%,vol0,other
74,2025-04-07T08:00:00+00:00,2025-04-07T08:00:00+00:00,2025-04-07T12:00:00+00:00,2025-04-07T16:00:00+00:00,78479.91,75085.74,29.589400931833566,29.589400931833566,2025,-0.5882260490168908,4.167003731452142,down,expanding,False,False,0.01924248826386409,0.1288551691717064,11541,0.007707069108514487,0.017145917853371606,-0.0007694951485036619,-0.016569589720477618,1-2%,>=12%,vol0,other
75,2025-05-30T00:00:00+00:00,2025-05-30T00:00:00+00:00,2025-05-30T08:00:00+00:00,2025-05-30T12:00:00+00:00,105880.5,104600.5,38.26258396552857,34.0526550757252,2025,-0.47321867149083574,1.1237501197546529,flat,expanding,True,False,0.011960421860583463,0.049990487491208914,11858,-0.012711410505239384,-0.018897818767383945,-0.023500177086432372,-0.017979802702102865,1-2%,<5%,vol0,flat_expand
76,2025-06-06T00:00:00+00:00,2025-06-06T00:00:00+00:00,2025-06-06T08:00:00+00:00,2025-06-06T12:00:00+00:00,103927.99,101095.8,37.03219038440188,37.03219038440188,2025,-0.26880103176118114,2.122726096947763,flat,expanding,True,False,0.010986167597575364,0.04938195745628757,11900,0.0018078095227281885,0.002468170605435361,0.010758333823255861,0.015922486425456683,1-2%,<5%,vol0,flat_expand
77,2025-06-13T04:00:00+00:00,2025-06-13T04:00:00+00:00,2025-06-13T20:00:00+00:00,2025-06-14T00:00:00+00:00,106066.59,103782.75,35.14446173565763,35.14446173565763,2025,-0.3040638577869318,1.923692819600965,flat,expanding,True,False,0.011408442456061494,0.06266094953210644,11945,-0.010333759103597129,-0.01028265912951476,-0.007146704631496025,-0.0054554086258452586,1-2%,5-12%,vol0,flat_expand
78,2025-10-16T20:00:00+00:00,2025-10-16T20:00:00+00:00,2025-10-17T00:00:00+00:00,2025-10-17T04:00:00+00:00,109176.74,107427.0,32.68885040774882,32.68885040774882,2025,-0.45083603980394826,0.48944172874898556,flat,flat,False,False,0.015332761980181797,0.06933188178797146,12696,-0.03299426910896952,-0.022737414031596903,-0.02029284571054235,-0.018411675783688075,1-2%,5-12%,vol0,other
79,2025-10-17T12:00:00+00:00,2025-10-17T12:00:00+00:00,2025-10-18T08:00:00+00:00,2025-10-18T12:00:00+00:00,107208.61,104533.21,34.974249348793336,33.98481611050006,2025,-0.6363376383658824,0.4622176613836855,down,flat,False,False,0.018557345436054407,0.0825588316612145,12704,-0.002198317933606252,-0.0012202248494780346,0.004362069333797015,0.034520841096624566,1-2%,5-12%,vol0,other
80,2025-11-04T20:00:00+00:00,2025-11-04T20:00:00+00:00,2025-11-05T12:00:00+00:00,2025-11-05T16:00:00+00:00,103728.3,98944.36,27.94035890522086,27.94035890522086,2025,-0.5977111700416651,2.106210810901131,down,expanding,False,True,0.01948676173452971,0.11610080041607637,12813,0.0005122199052717278,-0.001880955341984846,-0.017522106310428276,-0.029250246075564812,1-2%,5-12%,vol1,other
81,2025-11-18T08:00:00+00:00,2025-11-18T08:00:00+00:00,2025-11-18T12:00:00+00:00,2025-11-18T16:00:00+00:00,92910.1,90509.79,33.38142662630017,33.38142662630017,2025,-0.4296195047536453,1.717076395926862,flat,expanding,True,False,0.017268970911114057,0.08046873830722946,12891,-0.00045398831773935024,-0.012146150956677593,-0.03284153283658087,-0.033722169064504315,1-2%,5-12%,vol0,flat_expand
82,2025-11-21T12:00:00+00:00,2025-11-21T12:00:00+00:00,2025-11-21T16:00:00+00:00,2025-11-21T20:00:00+00:00,84209.3,80600.0,25.033689822086785,25.033689822086785,2025,-0.491523508454075,2.2648235119596953,flat,expanding,True,True,0.030158521918926488,0.15357145955581541,12910,0.0017453024784671598,0.003402839116344648,0.0037556505041603802,0.035999595056602884,2-4%,>=12%,vol1,flat_expand
83,2025-12-01T16:00:00+00:00,2025-12-01T16:00:00+00:00,2025-12-01T20:00:00+00:00,2025-12-02T00:00:00+00:00,86286.01,84030.95,26.780196718316546,26.780196718316546,2025,-0.6981539017027298,3.467572837395135,down,expanding,False,False,0.014517756646613623,0.1043772063858457,12971,0.007421179748605789,0.011550238445374839,0.05685259974357393,0.08179372287581732,1-2%,5-12%,vol0,other
84,2025-12-16T04:00:00+00:00,2025-12-16T04:00:00+00:00,2025-12-16T08:00:00+00:00,2025-12-16T12:00:00+00:00,87261.46,85266.0,30.250866643059382,30.250866643059382,2025,-0.6114499752705544,1.559732962778872,down,expanding,False,False,0.014090852724759505,0.0722155234048984,13058,0.0027164173049590854,0.0058984635370528124,-0.00418811993290069,-0.0005526089066124609,1-2%,5-12%,vol0,other
85,2026-01-26T00:00:00+00:00,2026-01-26T00:00:00+00:00,2026-01-26T04:00:00+00:00,2026-01-26T08:00:00+00:00,88000.64,86509.63,32.94892198026061,32.94892198026061,2026,-0.5006862433131826,3.0016430579891744,down,expanding,False,True,0.007955350335083624,0.04521900921895636,13303,-0.005082129402695256,-0.0008573874008189755,0.0026337235729195782,0.011882974487458342,<1%,<5%,vol1,other
86,2026-02-03T20:00:00+00:00,2026-02-03T20:00:00+00:00,2026-02-04T00:00:00+00:00,2026-02-04T04:00:00+00:00,76698.17,74586.54,32.18979956318503,32.18979956318503,2026,-0.5089622343395431,-1.9061187686901568,down,contracting,False,False,0.025553946031598145,0.05702034093376925,13356,-0.009877917165429073,-0.03439962348514969,-0.07238266793066894,-0.16436556660999857,2-4%,5-12%,vol0,other
87,2026-02-06T00:00:00+00:00,2026-02-06T00:00:00+00:00,2026-02-06T08:00:00+00:00,2026-02-06T12:00:00+00:00,66631.32,60000.0,18.72131568606143,18.72131568606143,2026,-0.7685066885736389,2.998600033244353,down,expanding,False,True,0.03904341462970465,0.2685374501389829,13370,0.06053457563199982,0.05826552258007178,0.01913062325645043,0.06456481246356816,2-4%,>=12%,vol1,other
88,2026-02-28T08:00:00+00:00,2026-02-28T08:00:00+00:00,2026-02-28T12:00:00+00:00,2026-02-28T16:00:00+00:00,64841.17,63372.1,34.80029468589126,34.80029468589126,2026,0.13100890363592416,-0.5963011229861179,flat,contracting,False,False,0.01806170333405384,0.08631647195011012,13503,0.03188173239316938,0.040038587058191744,0.0298638786129245,0.06514670895050167,1-2%,5-12%,vol0,other
89,2026-03-27T20:00:00+00:00,2026-03-27T20:00:00+00:00,2026-03-28T12:00:00+00:00,2026-03-28T16:00:00+00:00,67014.92,65817.44,30.910733333541373,30.156529352797094,2026,-0.6567098001322023,2.3144288966868856,down,expanding,False,False,0.015314618259581537,0.10146186887571469,13671,-0.01051847737787348,-0.002535777405986538,-0.00834030571102684,0.008169301403329166,1-2%,5-12%,vol0,other
90,2026-04-28T12:00:00+00:00,2026-04-28T12:00:00+00:00,2026-04-29T00:00:00+00:00,2026-04-29T04:00:00+00:00,76994.77,75666.6,38.3936397542525,38.3936397542525,2026,-0.16717816024824766,0.6384755358641115,flat,expanding,True,True,0.011036619782428364,0.038514034555065475,13860,0.006731304347035284,-0.014903931396898717,-0.014853928000564287,0.0007703799881472193,1-2%,<5%,vol1,flat_expand
91,2026-05-23T12:00:00+00:00,2026-05-23T12:00:00+00:00,2026-05-23T16:00:00+00:00,2026-05-23T20:00:00+00:00,75983.45,74660.05,37.996647410042755,37.996647410042755,2026,-0.3475534302722893,2.0814813459547947,flat,expanding,True,True,0.010561620384382605,0.05544067890678934,14008,0.009088512695856754,0.009746287513925922,0.009395421634579626,0.01819365335477674,1-2%,5-12%,vol1,flat_expand
92,2026-06-05T16:00:00+00:00,2026-06-05T16:00:00+00:00,2026-06-05T20:00:00+00:00,2026-06-06T00:00:00+00:00,61056.47,59130.91,21.07563221304075,21.07563221304075,2026,-0.8172435339237673,-1.0387397847875328,down,contracting,False,True,0.02924663791909094,0.1330543517456387,14087,-0.0018438090181106528,-0.005153040619609971,-0.0038146075264422477,0.03626943270713168,2-4%,>=12%,vol1,other
93,2026-06-18T16:00:00+00:00,2026-06-18T16:00:00+00:00,2026-06-19T12:00:00+00:00,2026-06-19T16:00:00+00:00,63214.01,62272.07,37.67795458193743,35.822841795538125,2026,-0.3186487666769664,1.4554950788033596,flat,expanding,True,False,0.0162885167922436,0.07577248871542829,14169,0.004218621631502218,0.003156989882464268,0.013965511600988356,0.01497731262421087,1-2%,5-12%,vol0,flat_expand
94,2026-07-13T20:00:00+00:00,2026-07-13T20:00:00+00:00,2026-07-14T08:00:00+00:00,2026-07-14T12:00:00+00:00,62844.99,61882.88,35.86839767664438,35.86839767664438,2026,-0.3689333895250295,1.4660400418201944,flat,expanding,True,False,0.009678528503490973,0.04300230892149925,14318,0.02644212386699396,0.033990856073013886,0.0290288057966116,0.021460501624711914,<1%,<5%,vol0,flat_expand
95,2026-09-11T00:00:00+00:00,2026-09-11T00:00:00+00:00,2026-09-11T04:00:00+00:00,2026-09-11T08:00:00+00:00,77230.7,76563.01,32.71441300904047,32.71441300904047,2026,-0.427212367283605,1.3120915492320335,flat,expanding,True,False,0.009899829556411912,0.03841734277487164,14671,0.005494179128248234,-0.00028396350156090124,-0.0004970911826515092,-0.0023299115507173776,<1%,<5%,vol0,flat_expand
