year,atr_bin,target_n,control_n,diff_2h,diff_3h,diff_6h,diff_12h
2020,<1%,1,1,0.0033601354000710737,0.00383111935462066,0.005772786880547942,0.0031436213572054728
2020,1-2%,3,3,-0.0010021298627179718,-0.00045338747787130717,0.0015091968115872323,-0.025539836022365314
2021,2-4%,1,6,-0.004268242585932244,0.04295650604443184,0.043369467300342135,0.06935492717946609
2021,>=4%,2,2,0.01759073784495946,0.031166013922396263,0.08208755089200459,0.04548069558848189
2022,1-2%,5,3,-0.004594608304230079,-0.0010298453169382753,0.05485588877604985,0.07320045769748638
2022,2-4%,3,4,0.02626405782444103,0.02634951675831259,0.015318347512845148,0.00868023044695676
2022,>=4%,1,2,0.02607846557709831,0.032870642858765675,0.08070077321599994,0.09232170981850835
2023,<1%,3,2,0.002399828597223042,-0.0014696484322164931,0.008616262219223939,0.01365260230438381
2023,1-2%,6,2,-0.0034517740052269113,-0.006503882409956492,0.0005179293926252568,-0.016358738039742693
2024,1-2%,1,6,-0.026505928869055083,-0.021834704758949292,-0.001170715696209171,0.0371827514747081
2024,2-4%,2,2,0.009094011644248001,0.03114976129587138,0.009088275171202642,0.017764543651747178
2025,1-2%,5,7,0.006430849604745041,0.0036989693636994636,-0.005772278406056834,-0.002066911621130244
2025,2-4%,1,3,-0.004530505393842402,-0.0016925434294283353,0.036923546530355976,0.0379378653550807
2026,<1%,2,1,0.021050280900316354,0.01771083368654547,0.011632133734060468,-0.0023176794504610743
2026,1-2%,3,2,-0.004002147949516532,-0.01941828949293878,-0.00792611803928093,-0.025344223187870475
