train,validation,selected_combo,train_n,horizon,validation_n,validation_avg_net,validation_win
2020-2022,2023,falling__vol1,8,2,5,0.0026485498061554606,0.4
2020-2022,2023,falling__vol1,8,3,5,0.0033550815192737197,0.4
2020-2022,2023,falling__vol1,8,6,5,0.0020984716150897397,0.4
2020-2022,2023,falling__vol1,8,12,5,0.026359578604881185,0.4
2020-2023,2024,falling__vol1,13,2,7,-0.002925052213588486,0.2857142857142857
2020-2023,2024,falling__vol1,13,3,7,0.008778505807301513,0.7142857142857143
2020-2023,2024,falling__vol1,13,6,7,0.001541562926450943,0.5714285714285714
2020-2023,2024,falling__vol1,13,12,7,-0.0014453433912683146,0.5714285714285714
2020-2024,2025,falling__vol1,20,2,3,0.006177489164863967,1.0
2020-2024,2025,falling__vol1,20,3,3,0.0012476514827672333,0.6666666666666666
2020-2024,2025,falling__vol1,20,6,3,-0.02359177574803517,0.3333333333333333
2020-2024,2025,falling__vol1,20,12,3,0.0023252044519017335,0.6666666666666666
2020-2025,2026,falling__vol1,23,2,3,0.021513652975053768,0.6666666666666666
2020-2025,2026,falling__vol1,23,3,3,0.0223848075643929,0.6666666666666666
2020-2025,2026,falling__vol1,23,6,3,0.010386589487983168,1.0
2020-2025,2026,falling__vol1,23,12,3,0.031547146768601035,1.0
