validation,signal,horizon,n,avg_net,win
2023,volume_anchor,2,6,0.0038810341512086673,0.5
2023,volume_anchor,3,6,0.004529097627188117,0.5
2023,volume_anchor,6,6,0.0006408618488159167,0.3333333333333333
2023,volume_anchor,12,6,0.020448286631402583,0.3333333333333333
2023,falling_volume_anchor,2,5,0.0026485498061554606,0.4
2023,falling_volume_anchor,3,5,0.0033550815192737197,0.4
2023,falling_volume_anchor,6,5,0.0020984716150897397,0.4
2023,falling_volume_anchor,12,5,0.026359578604881185,0.4
2024,volume_anchor,2,7,-0.002925052213588486,0.2857142857142857
2024,volume_anchor,3,7,0.008778505807301513,0.7142857142857143
2024,volume_anchor,6,7,0.001541562926450943,0.5714285714285714
2024,volume_anchor,12,7,-0.0014453433912683146,0.5714285714285714
2024,falling_volume_anchor,2,7,-0.002925052213588486,0.2857142857142857
2024,falling_volume_anchor,3,7,0.008778505807301513,0.7142857142857143
2024,falling_volume_anchor,6,7,0.001541562926450943,0.5714285714285714
2024,falling_volume_anchor,12,7,-0.0014453433912683146,0.5714285714285714
2025,volume_anchor,2,3,0.006177489164863967,1.0
2025,volume_anchor,3,3,0.0012476514827672333,0.6666666666666666
2025,volume_anchor,6,3,-0.02359177574803517,0.3333333333333333
2025,volume_anchor,12,3,0.0023252044519017335,0.6666666666666666
2025,falling_volume_anchor,2,3,0.006177489164863967,1.0
2025,falling_volume_anchor,3,3,0.0012476514827672333,0.6666666666666666
2025,falling_volume_anchor,6,3,-0.02359177574803517,0.3333333333333333
2025,falling_volume_anchor,12,3,0.0023252044519017335,0.6666666666666666
2026,volume_anchor,2,5,0.013885690850817181,0.6
2026,volume_anchor,3,5,0.009419490135334021,0.4
2026,volume_anchor,6,5,0.0024982465873886195,0.6
2026,volume_anchor,12,5,0.026336250600216382,1.0
2026,falling_volume_anchor,2,3,0.021513652975053768,0.6666666666666666
2026,falling_volume_anchor,3,3,0.0223848075643929,0.6666666666666666
2026,falling_volume_anchor,6,3,0.010386589487983168,1.0
2026,falling_volume_anchor,12,3,0.031547146768601035,1.0
