event_id,year,entry_time,pre_reentry_lower_bb_slope_atr,category,horizon,gross_return,net_return
1,2020,2020-03-01T12:00:00+00:00,0.17484309577830234,flat,2,-0.012281119686565534,-0.013281119686565535
1,2020,2020-03-01T12:00:00+00:00,0.17484309577830234,flat,3,-0.013543924083715186,-0.014543924083715187
1,2020,2020-03-01T12:00:00+00:00,0.17484309577830234,flat,6,0.012832729299605994,0.011832729299605993
1,2020,2020-03-01T12:00:00+00:00,0.17484309577830234,flat,12,0.024403810616345778,0.023403810616345777
2,2020,2020-03-09T20:00:00+00:00,-2.3276739530567085,falling,2,0.008448056883157973,0.007448056883157973
2,2020,2020-03-09T20:00:00+00:00,-2.3276739530567085,falling,3,0.007504424869039239,0.006504424869039239
2,2020,2020-03-09T20:00:00+00:00,-2.3276739530567085,falling,6,0.01745719226119724,0.01645719226119724
2,2020,2020-03-09T20:00:00+00:00,-2.3276739530567085,falling,12,-0.0017610213668892705,-0.0027610213668892705
3,2020,2020-03-14T00:00:00+00:00,-2.2538608740611177,falling,2,-0.013529290447539144,-0.014529290447539145
3,2020,2020-03-14T00:00:00+00:00,-2.2538608740611177,falling,3,-0.022923036916813966,-0.023923036916813967
3,2020,2020-03-14T00:00:00+00:00,-2.2538608740611177,falling,6,-0.07237560638803464,-0.07337560638803464
3,2020,2020-03-14T00:00:00+00:00,-2.2538608740611177,falling,12,-0.03868688408461196,-0.03968688408461196
4,2020,2020-06-12T08:00:00+00:00,-1.760069507805065,falling,2,-0.0022776678376351667,-0.0032776678376351667
4,2020,2020-06-12T08:00:00+00:00,-1.760069507805065,falling,3,-0.0008867013860931472,-0.0018867013860931472
4,2020,2020-06-12T08:00:00+00:00,-1.760069507805065,falling,6,-0.00018962908973785275,-0.0011896290897378528
4,2020,2020-06-12T08:00:00+00:00,-1.760069507805065,falling,12,-0.002641035311267137,-0.003641035311267137
5,2020,2020-06-25T12:00:00+00:00,-0.5702097471339913,falling,2,0.003306038706582415,0.002306038706582415
5,2020,2020-06-25T12:00:00+00:00,-0.5702097471339913,falling,3,-0.0006806550278259937,-0.0016806550278259938
5,2020,2020-06-25T12:00:00+00:00,-0.5702097471339913,falling,6,-0.007174968317129271,-0.008174968317129272
5,2020,2020-06-25T12:00:00+00:00,-0.5702097471339913,falling,12,-0.010352438851789159,-0.01135243885178916
6,2020,2020-07-03T08:00:00+00:00,0.0226341905339878,flat,2,-0.0005348562642432109,-0.0015348562642432109
6,2020,2020-07-03T08:00:00+00:00,0.0226341905339878,flat,3,-0.002147112929353878,-0.0031471129293538782
6,2020,2020-07-03T08:00:00+00:00,0.0226341905339878,flat,6,-0.0034760165838390034,-0.004476016583839003
6,2020,2020-07-03T08:00:00+00:00,0.0226341905339878,flat,12,-0.004731336316959989,-0.005731336316959989
7,2020,2020-07-17T12:00:00+00:00,-0.7363720408488325,falling,2,0.002825279135827863,0.0018252791358278628
7,2020,2020-07-17T12:00:00+00:00,-0.7363720408488325,falling,3,0.001684006425266782,0.0006840064252667819
7,2020,2020-07-17T12:00:00+00:00,-0.7363720408488325,falling,6,0.0022967702967089387,0.0012967702967089387
7,2020,2020-07-17T12:00:00+00:00,-0.7363720408488325,falling,12,-0.001587714959754516,-0.002587714959754516
8,2020,2020-08-12T16:00:00+00:00,-0.29186764801570325,flat,2,-0.0014851220131347764,-0.0024851220131347765
8,2020,2020-08-12T16:00:00+00:00,-0.29186764801570325,flat,3,-0.001237313863268752,-0.002237313863268752
8,2020,2020-08-12T16:00:00+00:00,-0.29186764801570325,flat,6,-0.0070586467775443085,-0.00805864677754431
8,2020,2020-08-12T16:00:00+00:00,-0.29186764801570325,flat,12,0.013712338773600008,0.012712338773600007
9,2020,2020-08-23T00:00:00+00:00,-0.48099594508815824,flat,2,-0.004033948614096561,-0.005033948614096561
9,2020,2020-08-23T00:00:00+00:00,-0.48099594508815824,flat,3,-0.011743463159889167,-0.012743463159889168
9,2020,2020-08-23T00:00:00+00:00,-0.48099594508815824,flat,6,-0.0013194998761092425,-0.0023194998761092425
9,2020,2020-08-23T00:00:00+00:00,-0.48099594508815824,flat,12,0.0072602501305354394,0.006260250130535439
10,2020,2020-09-04T12:00:00+00:00,-2.0715438083056634,falling,2,0.014162601750824066,0.013162601750824066
10,2020,2020-09-04T12:00:00+00:00,-2.0715438083056634,falling,3,0.0022768006201954183,0.0012768006201954183
10,2020,2020-09-04T12:00:00+00:00,-2.0715438083056634,falling,6,-0.018888905945970924,-0.019888905945970925
10,2020,2020-09-04T12:00:00+00:00,-2.0715438083056634,falling,12,-0.014986778629352715,-0.015986778629352716
11,2020,2020-09-22T20:00:00+00:00,-1.8725923861497933,falling,2,-0.0015230680958217002,-0.0025230680958217002
11,2020,2020-09-22T20:00:00+00:00,-1.8725923861497933,falling,3,-0.006037945173360981,-0.007037945173360981
11,2020,2020-09-22T20:00:00+00:00,-1.8725923861497933,falling,6,-0.018964961808924485,-0.019964961808924486
11,2020,2020-09-22T20:00:00+00:00,-1.8725923861497933,falling,12,0.01542988072794671,0.014429880727946709
12,2020,2020-12-10T00:00:00+00:00,-1.8431488336461808,falling,2,-0.011076899180154198,-0.0120768991801542
12,2020,2020-12-10T00:00:00+00:00,-1.8431488336461808,falling,3,-0.01881152821621368,-0.01981152821621368
12,2020,2020-12-10T00:00:00+00:00,-1.8431488336461808,falling,6,-0.015450920620949216,-0.016450920620949216
12,2020,2020-12-10T00:00:00+00:00,-1.8431488336461808,falling,12,-0.02722356427195749,-0.02822356427195749
13,2021,2021-02-27T04:00:00+00:00,-0.30539469334246316,flat,2,-0.0025953612872384735,-0.0035953612872384735
13,2021,2021-02-27T04:00:00+00:00,-0.30539469334246316,flat,3,-0.018856855956394192,-0.019856855956394193
13,2021,2021-02-27T04:00:00+00:00,-0.30539469334246316,flat,6,-0.058839927486769694,-0.059839927486769695
13,2021,2021-02-27T04:00:00+00:00,-0.30539469334246316,flat,12,-0.022914796532573778,-0.02391479653257378
14,2021,2021-04-19T04:00:00+00:00,-2.2000973970750555,falling,2,0.0013415534385745609,0.00034155343857456087
14,2021,2021-04-19T04:00:00+00:00,-2.2000973970750555,falling,3,-0.04294303614356432,-0.04394303614356432
14,2021,2021-04-19T04:00:00+00:00,-2.2000973970750555,falling,6,-0.03974634803238253,-0.04074634803238253
14,2021,2021-04-19T04:00:00+00:00,-2.2000973970750555,falling,12,-0.03202299104520534,-0.03302299104520534
15,2021,2021-04-22T12:00:00+00:00,0.08204421480186126,flat,2,-0.035414786729201286,-0.03641478672920129
15,2021,2021-04-22T12:00:00+00:00,0.08204421480186126,flat,3,-0.05787999007775768,-0.05887999007775768
15,2021,2021-04-22T12:00:00+00:00,0.08204421480186126,flat,6,-0.08741688709512496,-0.08841688709512496
15,2021,2021-04-22T12:00:00+00:00,0.08204421480186126,flat,12,-0.10561082391974863,-0.10661082391974863
16,2021,2021-04-24T00:00:00+00:00,-1.5437750796525465,falling,2,-0.025662015833909813,-0.026662015833909813
16,2021,2021-04-24T00:00:00+00:00,-1.5437750796525465,falling,3,-0.039882951781393006,-0.04088295178139301
16,2021,2021-04-24T00:00:00+00:00,-1.5437750796525465,falling,6,-0.020792572024254885,-0.021792572024254886
16,2021,2021-04-24T00:00:00+00:00,-1.5437750796525465,falling,12,-0.03998782247739008,-0.04098782247739008
17,2021,2021-05-16T08:00:00+00:00,0.571686530804594,rising,2,-0.033377430973555944,-0.034377430973555945
17,2021,2021-05-16T08:00:00+00:00,0.571686530804594,rising,3,-0.07740796609153411,-0.07840796609153411
17,2021,2021-05-16T08:00:00+00:00,0.571686530804594,rising,6,-0.08571090634827794,-0.08671090634827794
17,2021,2021-05-16T08:00:00+00:00,0.571686530804594,rising,12,-0.08511526415647663,-0.08611526415647663
18,2021,2021-05-24T00:00:00+00:00,-0.5843709282911078,falling,2,0.056639805036930335,0.055639805036930334
18,2021,2021-05-24T00:00:00+00:00,-0.5843709282911078,falling,3,0.08415365682624487,0.08315365682624487
18,2021,2021-05-24T00:00:00+00:00,-0.5843709282911078,falling,6,0.11907089209675248,0.11807089209675248
18,2021,2021-05-24T00:00:00+00:00,-0.5843709282911078,falling,12,0.10504984798785744,0.10404984798785744
19,2021,2021-09-11T12:00:00+00:00,1.5839522571655404,rising,2,-0.004282890739420453,-0.005282890739420453
19,2021,2021-09-11T12:00:00+00:00,1.5839522571655404,rising,3,-0.008385342947355823,-0.009385342947355824
19,2021,2021-09-11T12:00:00+00:00,1.5839522571655404,rising,6,0.011639163327163748,0.010639163327163748
19,2021,2021-09-11T12:00:00+00:00,1.5839522571655404,rising,12,-0.015287665555645313,-0.016287665555645314
20,2021,2021-11-19T16:00:00+00:00,-0.5434930016383014,falling,2,0.002921851106862272,0.001921851106862272
20,2021,2021-11-19T16:00:00+00:00,-0.5434930016383014,falling,3,0.010799136815323962,0.009799136815323961
20,2021,2021-11-19T16:00:00+00:00,-0.5434930016383014,falling,6,-0.005175169413466962,-0.006175169413466962
20,2021,2021-11-19T16:00:00+00:00,-0.5434930016383014,falling,12,0.02265237883663551,0.02165237883663551
21,2021,2021-12-04T20:00:00+00:00,-2.6585715894598474,falling,2,-0.0016083251996599213,-0.0026083251996599213
21,2021,2021-12-04T20:00:00+00:00,-2.6585715894598474,falling,3,0.0007955331564535317,-0.0002044668435464683
21,2021,2021-12-04T20:00:00+00:00,-2.6585715894598474,falling,6,-0.007056854224741893,-0.008056854224741894
21,2021,2021-12-04T20:00:00+00:00,-2.6585715894598474,falling,12,-0.0029845691339226432,-0.003984569133922643
22,2021,2021-12-14T12:00:00+00:00,-0.34599812630336496,flat,2,-0.01593032381249182,-0.01693032381249182
22,2021,2021-12-14T12:00:00+00:00,-0.34599812630336496,flat,3,0.015098495337581452,0.014098495337581451
22,2021,2021-12-14T12:00:00+00:00,-0.34599812630336496,flat,6,0.010805789996595871,0.00980578999659587
22,2021,2021-12-14T12:00:00+00:00,-0.34599812630336496,flat,12,0.03338654151508713,0.03238654151508713
23,2021,2022-01-01T04:00:00+00:00,0.10784262201604025,flat,2,-0.0011607834626166103,-0.0021607834626166103
23,2021,2022-01-01T04:00:00+00:00,0.10784262201604025,flat,3,0.008669134203785678,0.007669134203785678
23,2021,2022-01-01T04:00:00+00:00,0.10784262201604025,flat,6,0.011028083739611061,0.01002808373961106
23,2021,2022-01-01T04:00:00+00:00,0.10784262201604025,flat,12,-0.0004259481458332992,-0.0014259481458332992
24,2022,2022-01-06T20:00:00+00:00,-1.6550687888352005,falling,2,-0.037639759188417776,-0.03863975918841778
24,2022,2022-01-06T20:00:00+00:00,-1.6550687888352005,falling,3,-0.03985900859867064,-0.04085900859867064
24,2022,2022-01-06T20:00:00+00:00,-1.6550687888352005,falling,6,-0.03827813871275709,-0.039278138712757094
24,2022,2022-01-06T20:00:00+00:00,-1.6550687888352005,falling,12,-0.06001757442945843,-0.06101757442945843
25,2022,2022-02-12T20:00:00+00:00,-0.505912844207863,falling,2,-0.010137247093288337,-0.011137247093288338
25,2022,2022-02-12T20:00:00+00:00,-0.505912844207863,falling,3,-0.005861826565597417,-0.006861826565597417
25,2022,2022-02-12T20:00:00+00:00,-0.505912844207863,falling,6,-0.014797549227693607,-0.015797549227693608
25,2022,2022-02-12T20:00:00+00:00,-0.505912844207863,falling,12,-0.012731564768753478,-0.01373156476875348
26,2022,2022-02-22T12:00:00+00:00,-0.8668586782595947,falling,2,0.014548446446604801,0.0135484464466048
26,2022,2022-02-22T12:00:00+00:00,-0.8668586782595947,falling,3,0.01894642968037652,0.01794642968037652
26,2022,2022-02-22T12:00:00+00:00,-0.8668586782595947,falling,6,0.03367424966290833,0.03267424966290833
26,2022,2022-02-22T12:00:00+00:00,-0.8668586782595947,falling,12,-0.055364321510938175,-0.056364321510938176
27,2022,2022-02-24T20:00:00+00:00,-1.1369811246956079,falling,2,0.04352198391420914,0.04252198391420914
27,2022,2022-02-24T20:00:00+00:00,-1.1369811246956079,falling,3,0.03126675603217155,0.03026675603217155
27,2022,2022-02-24T20:00:00+00:00,-1.1369811246956079,falling,6,0.03689356568364599,0.03589356568364599
27,2022,2022-02-24T20:00:00+00:00,-1.1369811246956079,falling,12,0.052389276139410246,0.051389276139410245
28,2022,2022-03-05T20:00:00+00:00,-1.9211916350458522,falling,2,-0.0033773134711393427,-0.004377313471139343
28,2022,2022-03-05T20:00:00+00:00,-1.9211916350458522,falling,3,-0.001170318491463318,-0.002170318491463318
28,2022,2022-03-05T20:00:00+00:00,-1.9211916350458522,falling,6,-0.019350449146174675,-0.020350449146174676
28,2022,2022-03-05T20:00:00+00:00,-1.9211916350458522,falling,12,-0.053882071963302414,-0.054882071963302415
29,2022,2022-03-08T04:00:00+00:00,0.23521173404620171,flat,2,0.007403500466191426,0.006403500466191426
29,2022,2022-03-08T04:00:00+00:00,0.23521173404620171,flat,3,-0.0009876846934198102,-0.0019876846934198103
29,2022,2022-03-08T04:00:00+00:00,0.23521173404620171,flat,6,0.06515230294372443,0.06415230294372443
29,2022,2022-03-08T04:00:00+00:00,0.23521173404620171,flat,12,0.05354326069294024,0.05254326069294024
30,2022,2022-04-25T20:00:00+00:00,0.18878433652028587,flat,2,0.007689309247406628,0.006689309247406628
30,2022,2022-04-25T20:00:00+00:00,0.18878433652028587,flat,3,0.008912647995151346,0.007912647995151345
30,2022,2022-04-25T20:00:00+00:00,0.18878433652028587,flat,6,-0.04862404843834767,-0.04962404843834767
30,2022,2022-04-25T20:00:00+00:00,0.18878433652028587,flat,12,-0.03400066325295259,-0.03500066325295259
31,2022,2022-05-01T16:00:00+00:00,-0.6868985717542572,falling,2,-0.0005627434235533357,-0.0015627434235533358
31,2022,2022-05-01T16:00:00+00:00,-0.6868985717542572,falling,3,0.00478305929252798,0.00378305929252798
31,2022,2022-05-01T16:00:00+00:00,-0.6868985717542572,falling,6,0.005353077330974898,0.004353077330974898
31,2022,2022-05-01T16:00:00+00:00,-0.6868985717542572,falling,12,-0.004251492789947298,-0.005251492789947298
32,2022,2022-05-12T16:00:00+00:00,-0.4954431869093729,flat,2,0.00029219958058335216,-0.0007078004194166479
32,2022,2022-05-12T16:00:00+00:00,-0.4954431869093729,flat,3,0.05379780202513618,0.052797802025136176
32,2022,2022-05-12T16:00:00+00:00,-0.4954431869093729,flat,6,0.04544048053048022,0.04444048053048022
32,2022,2022-05-12T16:00:00+00:00,-0.4954431869093729,flat,12,-0.007002108109709915,-0.008002108109709916
33,2022,2022-06-14T08:00:00+00:00,-1.8102410377456568,falling,2,-0.008617192772643167,-0.009617192772643168
33,2022,2022-06-14T08:00:00+00:00,-1.8102410377456568,falling,3,-0.030011557196759076,-0.031011557196759076
33,2022,2022-06-14T08:00:00+00:00,-1.8102410377456568,falling,6,-0.09417978871835764,-0.09517978871835764
33,2022,2022-06-14T08:00:00+00:00,-1.8102410377456568,falling,12,-0.04866523993859473,-0.04966523993859473
34,2022,2022-06-19T12:00:00+00:00,-1.512471352435545,falling,2,0.0219159689810684,0.0209159689810684
34,2022,2022-06-19T12:00:00+00:00,-1.512471352435545,falling,3,0.044763765272954226,0.043763765272954225
34,2022,2022-06-19T12:00:00+00:00,-1.512471352435545,falling,6,0.056331119122061235,0.055331119122061234
34,2022,2022-06-19T12:00:00+00:00,-1.512471352435545,falling,12,0.06448803579435602,0.06348803579435602
35,2022,2022-08-18T12:00:00+00:00,-0.6537936901210947,falling,2,-0.008054157249612559,-0.00905415724961256
35,2022,2022-08-18T12:00:00+00:00,-0.6537936901210947,falling,3,-0.014573541827866632,-0.015573541827866633
35,2022,2022-08-18T12:00:00+00:00,-0.6537936901210947,falling,6,-0.08780837266931896,-0.08880837266931896
35,2022,2022-08-18T12:00:00+00:00,-0.6537936901210947,falling,12,-0.09776187483614429,-0.09876187483614429
36,2022,2022-08-20T16:00:00+00:00,-2.386273760546687,falling,2,-0.0075317480810309645,-0.008531748081030965
36,2022,2022-08-20T16:00:00+00:00,-2.386273760546687,falling,3,-0.004245909720429042,-0.005245909720429042
36,2022,2022-08-20T16:00:00+00:00,-2.386273760546687,falling,6,0.00556324968897437,0.00456324968897437
36,2022,2022-08-20T16:00:00+00:00,-2.386273760546687,falling,12,0.004693317058285018,0.003693317058285018
37,2022,2022-09-07T20:00:00+00:00,-2.1561315122814553,falling,2,0.011901095018683971,0.01090109501868397
37,2022,2022-09-07T20:00:00+00:00,-2.1561315122814553,falling,3,0.009436947574209986,0.008436947574209985
37,2022,2022-09-07T20:00:00+00:00,-2.1561315122814553,falling,6,0.018955506869337668,0.017955506869337667
37,2022,2022-09-07T20:00:00+00:00,-2.1561315122814553,falling,12,0.12106177375440774,0.12006177375440774
38,2022,2022-09-19T20:00:00+00:00,-2.269862847815347,falling,2,-0.007717732182753623,-0.008717732182753624
38,2022,2022-09-19T20:00:00+00:00,-2.269862847815347,falling,3,-0.007990345788837172,-0.008990345788837173
38,2022,2022-09-19T20:00:00+00:00,-2.269862847815347,falling,6,-0.026721770143685708,-0.02772177014368571
38,2022,2022-09-19T20:00:00+00:00,-2.269862847815347,falling,12,-0.026238547153955016,-0.027238547153955017
39,2022,2022-10-11T12:00:00+00:00,-0.3938350522336951,flat,2,-0.008145693151394462,-0.009145693151394463
39,2022,2022-10-11T12:00:00+00:00,-0.3938350522336951,flat,3,-0.004890966122437113,-0.005890966122437113
39,2022,2022-10-11T12:00:00+00:00,-0.3938350522336951,flat,6,-0.0020392947987019072,-0.0030392947987019072
39,2022,2022-10-11T12:00:00+00:00,-0.3938350522336951,flat,12,-0.02086230948830725,-0.021862309488307252
40,2022,2022-10-13T20:00:00+00:00,-0.2652295959026296,flat,2,0.023072348184867808,0.022072348184867807
40,2022,2022-10-13T20:00:00+00:00,-0.2652295959026296,flat,3,0.014055799863087026,0.013055799863087025
40,2022,2022-10-13T20:00:00+00:00,-0.2652295959026296,flat,6,-0.010416139647309142,-0.011416139647309143
40,2022,2022-10-13T20:00:00+00:00,-0.2652295959026296,flat,12,-0.01379921672447082,-0.01479921672447082
41,2022,2022-11-29T04:00:00+00:00,-1.0884164944452301,falling,2,0.012844182021460426,0.011844182021460425
41,2022,2022-11-29T04:00:00+00:00,-1.0884164944452301,falling,3,0.00655777763724763,0.00555777763724763
41,2022,2022-11-29T04:00:00+00:00,-1.0884164944452301,falling,6,0.03424214721323615,0.03324214721323615
41,2022,2022-11-29T04:00:00+00:00,-1.0884164944452301,falling,12,0.05301294917031618,0.05201294917031618
42,2022,2022-12-18T00:00:00+00:00,-1.2344762958812954,falling,2,-0.001592009317218035,-0.002592009317218035
42,2022,2022-12-18T00:00:00+00:00,-1.2344762958812954,falling,3,-0.0039451552492202335,-0.0049451552492202335
42,2022,2022-12-18T00:00:00+00:00,-1.2344762958812954,falling,6,-0.002297118647906715,-0.003297118647906715
42,2022,2022-12-18T00:00:00+00:00,-1.2344762958812954,falling,12,-0.020185319182669192,-0.021185319182669193
43,2023,2023-02-06T16:00:00+00:00,-0.8951614766970982,falling,2,-0.0121660245299412,-0.0131660245299412
43,2023,2023-02-06T16:00:00+00:00,-0.8951614766970982,falling,3,-0.007154927817119905,-0.008154927817119906
43,2023,2023-02-06T16:00:00+00:00,-0.8951614766970982,falling,6,-0.00598753800526497,-0.00698753800526497
43,2023,2023-02-06T16:00:00+00:00,-0.8951614766970982,falling,12,-0.007446124309222091,-0.008446124309222092
44,2023,2023-02-23T00:00:00+00:00,-0.7609352212292633,falling,2,0.008060057372754503,0.007060057372754503
44,2023,2023-02-23T00:00:00+00:00,-0.7609352212292633,falling,3,-0.016623790794968674,-0.017623790794968675
44,2023,2023-02-23T00:00:00+00:00,-0.7609352212292633,falling,6,-0.01000777017485166,-0.011007770174851661
44,2023,2023-02-23T00:00:00+00:00,-0.7609352212292633,falling,12,-0.0412770379547609,-0.0422770379547609
45,2023,2023-03-11T00:00:00+00:00,-2.5836395850921288,falling,2,-0.014881872531411933,-0.015881872531411934
45,2023,2023-03-11T00:00:00+00:00,-2.5836395850921288,falling,3,-0.0032068380784975314,-0.0042068380784975315
45,2023,2023-03-11T00:00:00+00:00,-2.5836395850921288,falling,6,0.015137943167206735,0.014137943167206735
45,2023,2023-03-11T00:00:00+00:00,-2.5836395850921288,falling,12,0.09167725770184543,0.09067725770184543
46,2023,2023-05-02T16:00:00+00:00,-1.482765901556495,falling,2,0.004525468725528281,0.003525468725528281
46,2023,2023-05-02T16:00:00+00:00,-1.482765901556495,falling,3,-0.0006937463670289024,-0.0016937463670289024
46,2023,2023-05-02T16:00:00+00:00,-1.482765901556495,falling,6,-0.008029588632930684,-0.009029588632930685
46,2023,2023-05-02T16:00:00+00:00,-1.482765901556495,falling,12,0.011405120198565655,0.010405120198565654
47,2023,2023-06-11T20:00:00+00:00,-1.3650987150843505,falling,2,-0.009204449021911976,-0.010204449021911977
47,2023,2023-06-11T20:00:00+00:00,-1.3650987150843505,falling,3,-0.008755751340042472,-0.009755751340042473
47,2023,2023-06-11T20:00:00+00:00,-1.3650987150843505,falling,6,-0.007939029360886196,-0.008939029360886197
47,2023,2023-06-11T20:00:00+00:00,-1.3650987150843505,falling,12,-0.0049195398236479004,-0.0059195398236479005
48,2023,2023-06-15T20:00:00+00:00,-1.5749648045838172,falling,2,0.004174345101980004,0.0031743451019800037
48,2023,2023-06-15T20:00:00+00:00,-1.5749648045838172,falling,3,0.0032020597521398297,0.0022020597521398297
48,2023,2023-06-15T20:00:00+00:00,-1.5749648045838172,falling,6,0.036414148774979394,0.03541414877497939
48,2023,2023-06-15T20:00:00+00:00,-1.5749648045838172,falling,12,0.040062870524197214,0.03906287052419721
49,2023,2023-08-01T20:00:00+00:00,-1.3303001054844426,falling,2,0.012247552641521109,0.011247552641521108
49,2023,2023-08-01T20:00:00+00:00,-1.3303001054844426,falling,3,0.010344526040140245,0.009344526040140244
49,2023,2023-08-01T20:00:00+00:00,-1.3303001054844426,falling,6,-0.004196496463465316,-0.005196496463465316
49,2023,2023-08-01T20:00:00+00:00,-1.3303001054844426,falling,12,0.0002357006560675945,-0.0007642993439324055
50,2023,2023-08-23T16:00:00+00:00,-0.11821975130354503,flat,2,0.011043455876474706,0.010043455876474705
50,2023,2023-08-23T16:00:00+00:00,-0.11821975130354503,flat,3,0.011399178166760171,0.01039917816676017
50,2023,2023-08-23T16:00:00+00:00,-0.11821975130354503,flat,6,-0.005647186982553287,-0.006647186982553287
50,2023,2023-08-23T16:00:00+00:00,-0.11821975130354503,flat,12,-0.008108173235990446,-0.009108173235990447
51,2023,2023-09-26T04:00:00+00:00,-1.7275625880721424,falling,2,-0.003037504548667802,-0.004037504548667802
51,2023,2023-09-26T04:00:00+00:00,-1.7275625880721424,falling,3,-0.008621504166181237,-0.009621504166181238
51,2023,2023-09-26T04:00:00+00:00,-1.7275625880721424,falling,6,-0.0028777557148153,-0.0038777557148153
51,2023,2023-09-26T04:00:00+00:00,-1.7275625880721424,falling,12,0.0009592519049386183,-4.074809506138168e-05
52,2023,2023-11-15T12:00:00+00:00,-1.587145020404157,falling,2,0.03474081115423311,0.03374081115423311
52,2023,2023-11-15T12:00:00+00:00,-1.587145020404157,falling,3,0.04462493394902722,0.04362493394902722
52,2023,2023-11-15T12:00:00+00:00,-1.587145020404157,falling,6,0.027773554501192788,0.026773554501192787
52,2023,2023-11-15T12:00:00+00:00,-1.587145020404157,falling,12,0.003638701524104615,0.002638701524104615
53,2023,2023-11-28T00:00:00+00:00,-0.8561236400371556,falling,2,-0.0036944152813839226,-0.004694415281383923
53,2023,2023-11-28T00:00:00+00:00,-0.8561236400371556,falling,3,0.0002344083538519115,-0.0007655916461480885
53,2023,2023-11-28T00:00:00+00:00,-0.8561236400371556,falling,6,0.015470951354225049,0.014470951354225048
53,2023,2023-11-28T00:00:00+00:00,-0.8561236400371556,falling,12,0.01643140803432641,0.01543140803432641
54,2023,2023-12-12T04:00:00+00:00,-1.5174790272881864,falling,2,-0.0036110926748083028,-0.004611092674808303
54,2023,2023-12-12T04:00:00+00:00,-1.5174790272881864,falling,3,-0.009279916348969963,-0.010279916348969964
54,2023,2023-12-12T04:00:00+00:00,-1.5174790272881864,falling,6,-0.021706809752609857,-0.022706809752609858
54,2023,2023-12-12T04:00:00+00:00,-1.5174790272881864,falling,12,0.023447063624093545,0.022447063624093544
55,2023,2023-12-18T20:00:00+00:00,-0.9226647525556757,falling,2,0.033119022491247874,0.03211902249124787
55,2023,2023-12-18T20:00:00+00:00,-0.9226647525556757,falling,3,0.03201497514094953,0.03101497514094953
55,2023,2023-12-18T20:00:00+00:00,-0.9226647525556757,falling,6,0.015367696447408763,0.014367696447408762
55,2023,2023-12-18T20:00:00+00:00,-0.9226647525556757,falling,12,0.0488452225852023,0.047845222585202296
56,2023,2023-12-27T12:00:00+00:00,-1.1452583900090036,falling,2,0.0031434866969586306,0.0021434866969586306
56,2023,2023-12-27T12:00:00+00:00,-1.1452583900090036,falling,3,0.009524836752782706,0.008524836752782705
56,2023,2023-12-27T12:00:00+00:00,-1.1452583900090036,falling,6,0.0009500428995392607,-4.995710046073933e-05
56,2023,2023-12-27T12:00:00+00:00,-1.1452583900090036,falling,12,-0.0036520978699930984,-0.004652097869993098
57,2024,2024-04-18T04:00:00+00:00,-0.5049802284651241,falling,2,0.009839486648945961,0.00883948664894596
57,2024,2024-04-18T04:00:00+00:00,-0.5049802284651241,falling,3,0.024370849901730995,0.023370849901730995
57,2024,2024-04-18T04:00:00+00:00,-0.5049802284651241,falling,6,-0.0032724080906639808,-0.004272408090663981
57,2024,2024-04-18T04:00:00+00:00,-0.5049802284651241,falling,12,0.03174840803839585,0.030748408038395847
58,2024,2024-06-12T12:00:00+00:00,-2.5752736883459346,falling,2,-0.0036222438318502803,-0.00462224383185028
58,2024,2024-06-12T12:00:00+00:00,-2.5752736883459346,falling,3,0.007163783522279976,0.006163783522279976
58,2024,2024-06-12T12:00:00+00:00,-2.5752736883459346,falling,6,-0.0005669945438392388,-0.0015669945438392388
58,2024,2024-06-12T12:00:00+00:00,-2.5752736883459346,falling,12,-0.01095392737778067,-0.011953927377780671
59,2024,2024-06-25T04:00:00+00:00,-3.365879893237152,falling,2,-0.0018751246888589757,-0.0028751246888589757
59,2024,2024-06-25T04:00:00+00:00,-3.365879893237152,falling,3,0.008277138045880372,0.007277138045880372
59,2024,2024-06-25T04:00:00+00:00,-3.365879893237152,falling,6,0.010333658006945523,0.009333658006945522
59,2024,2024-06-25T04:00:00+00:00,-3.365879893237152,falling,12,-0.004327386493784391,-0.005327386493784391
60,2024,2024-06-29T08:00:00+00:00,-0.2260698472770438,flat,2,0.0008795737425124628,-0.00012042625748753723
60,2024,2024-06-29T08:00:00+00:00,-0.2260698472770438,flat,3,8.320734845357336e-05,-0.0009167926515464267
60,2024,2024-06-29T08:00:00+00:00,-0.2260698472770438,flat,6,0.0077918440419115775,0.0067918440419115775
60,2024,2024-06-29T08:00:00+00:00,-0.2260698472770438,flat,12,0.03645300832237264,0.03545300832237264
61,2024,2024-07-05T16:00:00+00:00,-1.5480505700363316,falling,2,-0.0006035685727138196,-0.0016035685727138196
61,2024,2024-07-05T16:00:00+00:00,-1.5480505700363316,falling,3,-0.004464995581772158,-0.005464995581772158
61,2024,2024-07-05T16:00:00+00:00,-1.5480505700363316,falling,6,0.011559573541742196,0.010559573541742195
61,2024,2024-07-05T16:00:00+00:00,-1.5480505700363316,falling,12,0.0028665977563131495,0.0018665977563131495
62,2024,2024-08-02T00:00:00+00:00,-0.6773242288609131,falling,2,-0.01820775523831586,-0.01920775523831586
62,2024,2024-08-02T00:00:00+00:00,-0.6773242288609131,falling,3,-0.010619239642794653,-0.011619239642794654
62,2024,2024-08-02T00:00:00+00:00,-0.6773242288609131,falling,6,-0.05899682988131416,-0.05999682988131416
62,2024,2024-08-02T00:00:00+00:00,-0.6773242288609131,falling,12,-0.07124320738035705,-0.07224320738035706
63,2024,2024-08-06T04:00:00+00:00,-2.4711386225921306,falling,2,-0.008186904222759694,-0.009186904222759695
63,2024,2024-08-06T04:00:00+00:00,-2.4711386225921306,falling,3,0.013298307594277414,0.012298307594277413
63,2024,2024-08-06T04:00:00+00:00,-2.4711386225921306,falling,6,0.02149042148553515,0.02049042148553515
63,2024,2024-08-06T04:00:00+00:00,-2.4711386225921306,falling,12,0.02486287344116378,0.02386287344116378
64,2024,2024-09-02T12:00:00+00:00,-0.24413345700272818,flat,2,0.0003084453958361877,-0.0006915546041638123
64,2024,2024-09-02T12:00:00+00:00,-0.24413345700272818,flat,3,0.012154836850015949,0.011154836850015948
64,2024,2024-09-02T12:00:00+00:00,-0.24413345700272818,flat,6,0.01112594380097498,0.01012594380097498
64,2024,2024-09-02T12:00:00+00:00,-0.24413345700272818,flat,12,-0.03164920207298594,-0.03264920207298594
65,2024,2024-09-07T12:00:00+00:00,-0.8691075501486559,falling,2,0.0014357763435968174,0.00043577634359681736
65,2024,2024-09-07T12:00:00+00:00,-0.8691075501486559,falling,3,-0.0030399802967308043,-0.004039980296730804
65,2024,2024-09-07T12:00:00+00:00,-0.8691075501486559,falling,6,0.004234987991939665,0.003234987991939665
65,2024,2024-09-07T12:00:00+00:00,-0.8691075501486559,falling,12,0.017281961255759537,0.016281961255759536
66,2024,2024-10-10T12:00:00+00:00,-0.7275138970886286,falling,2,-0.02505206734157117,-0.026052067341571172
66,2024,2024-10-10T12:00:00+00:00,-0.7275138970886286,falling,3,-0.015272270694350443,-0.016272270694350444
66,2024,2024-10-10T12:00:00+00:00,-0.7275138970886286,falling,6,-0.0014222517348028152,-0.002422251734802815
66,2024,2024-10-10T12:00:00+00:00,-0.7275138970886286,falling,12,0.027339945261345422,0.02633994526134542
67,2024,2024-10-11T12:00:00+00:00,-0.7180142035048761,falling,2,0.03124027378557992,0.03024027378557992
67,2024,2024-10-11T12:00:00+00:00,-0.7180142035048761,falling,3,0.022314878263757887,0.021314878263757886
67,2024,2024-10-11T12:00:00+00:00,-0.7180142035048761,falling,6,0.02880316234375946,0.027803162343759458
67,2024,2024-10-11T12:00:00+00:00,-0.7180142035048761,falling,12,0.022663877722359338,0.021663877722359337
68,2024,2024-12-11T04:00:00+00:00,-0.535566605238446,falling,2,0.00918074441043304,0.008180744410433038
68,2024,2024-12-11T04:00:00+00:00,-0.535566605238446,falling,3,0.030423696811508805,0.029423696811508804
68,2024,2024-12-11T04:00:00+00:00,-0.535566605238446,falling,6,0.037243519966751126,0.036243519966751125
68,2024,2024-12-11T04:00:00+00:00,-0.535566605238446,falling,12,0.023929238277171194,0.022929238277171193
69,2025,2025-01-14T00:00:00+00:00,-0.8527411392637476,falling,2,0.0034683043336563024,0.0024683043336563024
69,2025,2025-01-14T00:00:00+00:00,-0.8527411392637476,falling,3,0.021282132298441336,0.020282132298441335
69,2025,2025-01-14T00:00:00+00:00,-0.8527411392637476,falling,6,0.021417636075780955,0.020417636075780954
69,2025,2025-01-14T00:00:00+00:00,-0.8527411392637476,falling,12,0.06305780933867489,0.062057809338674885
70,2025,2025-02-26T00:00:00+00:00,-2.2279137660248356,falling,2,0.0004467729562307454,-0.0005532270437692546
70,2025,2025-02-26T00:00:00+00:00,-2.2279137660248356,falling,3,-0.000717069467105369,-0.001717069467105369
70,2025,2025-02-26T00:00:00+00:00,-2.2279137660248356,falling,6,-0.04995805724354618,-0.050958057243546184
70,2025,2025-02-26T00:00:00+00:00,-2.2279137660248356,falling,12,-0.0447880303638718,-0.0457880303638718
71,2025,2025-02-27T04:00:00+00:00,-0.8528666989852504,falling,2,0.017274945110853146,0.016274945110853145
71,2025,2025-02-27T04:00:00+00:00,-0.8528666989852504,falling,3,0.0032210706739419503,0.0022210706739419503
71,2025,2025-02-27T04:00:00+00:00,-0.8528666989852504,falling,6,-0.056008871437837615,-0.057008871437837616
71,2025,2025-02-27T04:00:00+00:00,-0.8528666989852504,falling,12,0.0012262643746672186,0.00022626437466721858
72,2025,2025-02-28T16:00:00+00:00,-0.8216270174633044,falling,2,0.004105705549844796,0.003105705549844796
72,2025,2025-02-28T16:00:00+00:00,-0.8216270174633044,falling,3,0.01578214643048237,0.014782146430482368
72,2025,2025-02-28T16:00:00+00:00,-0.8216270174633044,falling,6,0.009463240602797018,0.008463240602797018
72,2025,2025-02-28T16:00:00+00:00,-0.8216270174633044,falling,12,0.04074695509377113,0.03974695509377113
73,2025,2025-03-10T12:00:00+00:00,-1.2518161270406287,falling,2,-0.05409250795625853,-0.05509250795625853
73,2025,2025-03-10T12:00:00+00:00,-1.2518161270406287,falling,3,-0.05965566748821516,-0.06065566748821516
73,2025,2025-03-10T12:00:00+00:00,-1.2518161270406287,falling,6,-0.02227357565025956,-0.02327357565025956
73,2025,2025-03-10T12:00:00+00:00,-1.2518161270406287,falling,12,-0.006909980617836431,-0.007909980617836432
74,2025,2025-04-07T16:00:00+00:00,-2.671727914742964,falling,2,0.008707069108514487,0.007707069108514487
74,2025,2025-04-07T16:00:00+00:00,-2.671727914742964,falling,3,0.018145917853371607,0.017145917853371606
74,2025,2025-04-07T16:00:00+00:00,-2.671727914742964,falling,6,0.00023050485149633815,-0.0007694951485036619
74,2025,2025-04-07T16:00:00+00:00,-2.671727914742964,falling,12,-0.015569589720477617,-0.016569589720477618
75,2025,2025-05-30T12:00:00+00:00,-1.0350937313681683,falling,2,-0.011711410505239384,-0.012711410505239384
75,2025,2025-05-30T12:00:00+00:00,-1.0350937313681683,falling,3,-0.017897818767383944,-0.018897818767383945
75,2025,2025-05-30T12:00:00+00:00,-1.0350937313681683,falling,6,-0.02250017708643237,-0.023500177086432372
75,2025,2025-05-30T12:00:00+00:00,-1.0350937313681683,falling,12,-0.016979802702102864,-0.017979802702102865
76,2025,2025-06-06T12:00:00+00:00,-1.3301640802350545,falling,2,0.0028078095227281885,0.0018078095227281885
76,2025,2025-06-06T12:00:00+00:00,-1.3301640802350545,falling,3,0.003468170605435361,0.002468170605435361
76,2025,2025-06-06T12:00:00+00:00,-1.3301640802350545,falling,6,0.011758333823255862,0.010758333823255861
76,2025,2025-06-06T12:00:00+00:00,-1.3301640802350545,falling,12,0.016922486425456684,0.015922486425456683
77,2025,2025-06-14T00:00:00+00:00,-1.2659102675874103,falling,2,-0.009333759103597128,-0.010333759103597129
77,2025,2025-06-14T00:00:00+00:00,-1.2659102675874103,falling,3,-0.009282659129514759,-0.01028265912951476
77,2025,2025-06-14T00:00:00+00:00,-1.2659102675874103,falling,6,-0.006146704631496025,-0.007146704631496025
77,2025,2025-06-14T00:00:00+00:00,-1.2659102675874103,falling,12,-0.0044554086258452585,-0.0054554086258452586
78,2025,2025-10-17T04:00:00+00:00,-0.6955569041784393,falling,2,-0.03199426910896952,-0.03299426910896952
78,2025,2025-10-17T04:00:00+00:00,-0.6955569041784393,falling,3,-0.021737414031596902,-0.022737414031596903
78,2025,2025-10-17T04:00:00+00:00,-0.6955569041784393,falling,6,-0.01929284571054235,-0.02029284571054235
78,2025,2025-10-17T04:00:00+00:00,-0.6955569041784393,falling,12,-0.017411675783688074,-0.018411675783688075
79,2025,2025-10-18T12:00:00+00:00,-0.8674464690577268,falling,2,-0.0011983179336062522,-0.002198317933606252
79,2025,2025-10-18T12:00:00+00:00,-0.8674464690577268,falling,3,-0.00022022484947803456,-0.0012202248494780346
79,2025,2025-10-18T12:00:00+00:00,-0.8674464690577268,falling,6,0.005362069333797015,0.004362069333797015
79,2025,2025-10-18T12:00:00+00:00,-0.8674464690577268,falling,12,0.03552084109662457,0.034520841096624566
80,2025,2025-11-05T16:00:00+00:00,-1.6508165754922324,falling,2,0.0015122199052717278,0.0005122199052717278
80,2025,2025-11-05T16:00:00+00:00,-1.6508165754922324,falling,3,-0.0008809553419848459,-0.001880955341984846
80,2025,2025-11-05T16:00:00+00:00,-1.6508165754922324,falling,6,-0.016522106310428275,-0.017522106310428276
80,2025,2025-11-05T16:00:00+00:00,-1.6508165754922324,falling,12,-0.02825024607556481,-0.029250246075564812
81,2025,2025-11-18T16:00:00+00:00,-1.2881577027170734,falling,2,0.0005460116822606498,-0.00045398831773935024
81,2025,2025-11-18T16:00:00+00:00,-1.2881577027170734,falling,3,-0.011146150956677592,-0.012146150956677593
81,2025,2025-11-18T16:00:00+00:00,-1.2881577027170734,falling,6,-0.031841532836580866,-0.03284153283658087
81,2025,2025-11-18T16:00:00+00:00,-1.2881577027170734,falling,12,-0.032722169064504314,-0.033722169064504315
82,2025,2025-11-21T20:00:00+00:00,-1.6239352644339242,falling,2,0.00274530247846716,0.0017453024784671598
82,2025,2025-11-21T20:00:00+00:00,-1.6239352644339242,falling,3,0.004402839116344648,0.003402839116344648
82,2025,2025-11-21T20:00:00+00:00,-1.6239352644339242,falling,6,0.00475565050416038,0.0037556505041603802
82,2025,2025-11-21T20:00:00+00:00,-1.6239352644339242,falling,12,0.036999595056602885,0.035999595056602884
83,2025,2025-12-02T00:00:00+00:00,-2.4319403204002996,falling,2,0.00842117974860579,0.007421179748605789
83,2025,2025-12-02T00:00:00+00:00,-2.4319403204002996,falling,3,0.01255023844537484,0.011550238445374839
83,2025,2025-12-02T00:00:00+00:00,-2.4319403204002996,falling,6,0.05785259974357393,0.05685259974357393
83,2025,2025-12-02T00:00:00+00:00,-2.4319403204002996,falling,12,0.08279372287581732,0.08179372287581732
84,2025,2025-12-16T12:00:00+00:00,-1.3913164566599834,falling,2,0.0037164173049590854,0.0027164173049590854
84,2025,2025-12-16T12:00:00+00:00,-1.3913164566599834,falling,3,0.0068984635370528125,0.0058984635370528124
84,2025,2025-12-16T12:00:00+00:00,-1.3913164566599834,falling,6,-0.0031881199329006904,-0.00418811993290069
84,2025,2025-12-16T12:00:00+00:00,-1.3913164566599834,falling,12,0.00044739109338753913,-0.0005526089066124609
85,2026,2026-01-26T08:00:00+00:00,-2.001507772307781,falling,2,-0.004082129402695256,-0.005082129402695256
85,2026,2026-01-26T08:00:00+00:00,-2.001507772307781,falling,3,0.00014261259918102454,-0.0008573874008189755
85,2026,2026-01-26T08:00:00+00:00,-2.001507772307781,falling,6,0.0036337235729195783,0.0026337235729195782
85,2026,2026-01-26T08:00:00+00:00,-2.001507772307781,falling,12,0.012882974487458343,0.011882974487458342
86,2026,2026-02-04T04:00:00+00:00,0.44409715000553657,flat,2,-0.008877917165429072,-0.009877917165429073
86,2026,2026-02-04T04:00:00+00:00,0.44409715000553657,flat,3,-0.03339962348514969,-0.03439962348514969
86,2026,2026-02-04T04:00:00+00:00,0.44409715000553657,flat,6,-0.07138266793066894,-0.07238266793066894
86,2026,2026-02-04T04:00:00+00:00,0.44409715000553657,flat,12,-0.16336556660999857,-0.16436556660999857
87,2026,2026-02-06T12:00:00+00:00,-2.2678067051958157,falling,2,0.06153457563199982,0.06053457563199982
87,2026,2026-02-06T12:00:00+00:00,-2.2678067051958157,falling,3,0.05926552258007178,0.05826552258007178
87,2026,2026-02-06T12:00:00+00:00,-2.2678067051958157,falling,6,0.02013062325645043,0.01913062325645043
87,2026,2026-02-06T12:00:00+00:00,-2.2678067051958157,falling,12,0.06556481246356816,0.06456481246356816
88,2026,2026-02-28T16:00:00+00:00,0.429159465128987,flat,2,0.03288173239316938,0.03188173239316938
88,2026,2026-02-28T16:00:00+00:00,0.429159465128987,flat,3,0.041038587058191744,0.040038587058191744
88,2026,2026-02-28T16:00:00+00:00,0.429159465128987,flat,6,0.0308638786129245,0.0298638786129245
88,2026,2026-02-28T16:00:00+00:00,0.429159465128987,flat,12,0.06614670895050168,0.06514670895050167
89,2026,2026-03-28T16:00:00+00:00,-1.8139242484756493,falling,2,-0.00951847737787348,-0.01051847737787348
89,2026,2026-03-28T16:00:00+00:00,-1.8139242484756493,falling,3,-0.0015357774059865381,-0.002535777405986538
89,2026,2026-03-28T16:00:00+00:00,-1.8139242484756493,falling,6,-0.00734030571102684,-0.00834030571102684
89,2026,2026-03-28T16:00:00+00:00,-1.8139242484756493,falling,12,0.009169301403329166,0.008169301403329166
90,2026,2026-04-29T04:00:00+00:00,-0.4864159281803026,flat,2,0.007731304347035284,0.006731304347035284
90,2026,2026-04-29T04:00:00+00:00,-0.4864159281803026,flat,3,-0.013903931396898717,-0.014903931396898717
90,2026,2026-04-29T04:00:00+00:00,-0.4864159281803026,flat,6,-0.013853928000564286,-0.014853928000564287
90,2026,2026-04-29T04:00:00+00:00,-0.4864159281803026,flat,12,0.0017703799881472193,0.0007703799881472193
91,2026,2026-05-23T20:00:00+00:00,-1.3882941032496963,falling,2,0.010088512695856755,0.009088512695856754
91,2026,2026-05-23T20:00:00+00:00,-1.3882941032496963,falling,3,0.010746287513925923,0.009746287513925922
91,2026,2026-05-23T20:00:00+00:00,-1.3882941032496963,falling,6,0.010395421634579627,0.009395421634579626
91,2026,2026-05-23T20:00:00+00:00,-1.3882941032496963,falling,12,0.01919365335477674,0.01819365335477674
92,2026,2026-06-06T00:00:00+00:00,-0.2978736415300009,flat,2,-0.0008438090181106528,-0.0018438090181106528
92,2026,2026-06-06T00:00:00+00:00,-0.2978736415300009,flat,3,-0.004153040619609971,-0.005153040619609971
92,2026,2026-06-06T00:00:00+00:00,-0.2978736415300009,flat,6,-0.0028146075264422477,-0.0038146075264422477
92,2026,2026-06-06T00:00:00+00:00,-0.2978736415300009,flat,12,0.03726943270713168,0.03626943270713168
93,2026,2026-06-19T16:00:00+00:00,-1.0463963060786492,falling,2,0.005218621631502218,0.004218621631502218
93,2026,2026-06-19T16:00:00+00:00,-1.0463963060786492,falling,3,0.004156989882464268,0.003156989882464268
93,2026,2026-06-19T16:00:00+00:00,-1.0463963060786492,falling,6,0.014965511600988357,0.013965511600988356
93,2026,2026-06-19T16:00:00+00:00,-1.0463963060786492,falling,12,0.01597731262421087,0.01497731262421087
94,2026,2026-07-14T12:00:00+00:00,-1.1019534104351218,falling,2,0.02744212386699396,0.02644212386699396
94,2026,2026-07-14T12:00:00+00:00,-1.1019534104351218,falling,3,0.03499085607301389,0.033990856073013886
94,2026,2026-07-14T12:00:00+00:00,-1.1019534104351218,falling,6,0.030028805796611602,0.0290288057966116
94,2026,2026-07-14T12:00:00+00:00,-1.1019534104351218,falling,12,0.022460501624711915,0.021460501624711914
95,2026,2026-09-11T08:00:00+00:00,-1.0832581418996214,falling,2,0.006494179128248234,0.005494179128248234
95,2026,2026-09-11T08:00:00+00:00,-1.0832581418996214,falling,3,0.0007160364984390988,-0.00028396350156090124
95,2026,2026-09-11T08:00:00+00:00,-1.0832581418996214,falling,6,0.0005029088173484908,-0.0004970911826515092
95,2026,2026-09-11T08:00:00+00:00,-1.0832581418996214,falling,12,-0.0013299115507173775,-0.0023299115507173776
