train,validation,selected_category,train_n,horizon,validation_n,validation_avg_net,validation_win
2020-2022,2023,shallow,42,2,14,0.0036042029623266475,0.5714285714285714
2020-2022,2023,shallow,42,3,14,0.0030720316602030656,0.42857142857142855
2020-2022,2023,shallow,42,6,14,0.0021944401469410507,0.35714285714285715
2020-2022,2023,shallow,42,12,14,0.011235687397123353,0.5
2020-2023,2024,shallow,56,2,12,-0.0013886136307637853,0.3333333333333333
2020-2023,2024,shallow,56,3,12,0.006057517676854742,0.5833333333333334
2020-2023,2024,shallow,56,6,12,0.0046937189107449555,0.6666666666666666
2020-2023,2024,shallow,56,12,12,0.004747682229164403,0.6666666666666666
2020-2024,2025,shallow,68,2,16,-0.004411157931642422,0.5625
2020-2024,2025,shallow,68,3,16,-0.003236686316969481,0.5
2020-2024,2025,shallow,68,6,16,-0.008305747244072653,0.375
2020-2024,2025,shallow,68,12,16,0.0059142601500694406,0.4375
2020-2025,2026,shallow,84,2,11,0.010642610611881563,0.6363636363636364
2020-2025,2026,shallow,84,3,11,0.00791495629978571,0.45454545454545453
2020-2025,2026,shallow,84,6,11,0.0003753967384654783,0.5454545454545454
2020-2025,2026,shallow,84,12,11,0.006794509040283619,0.8181818181818182
