streak_category,horizon,n_anchor,n_nonanchor,anchor_avg_net,nonanchor_avg_net,difference
1_bar,2,12,17,0.005672756828854385,5.405777592141711e-05,0.0056186990529329675
1_bar,3,12,17,0.010059894966832917,-0.004098470991084329,0.014158365957917246
1_bar,6,12,17,-0.004345665220972043,-0.005198753038694742,0.0008530878177226992
1_bar,12,12,17,-0.0017917745261555266,-0.010180326792890914,0.008388552266735388
2_bars,2,4,16,0.009736378308408074,-0.005568526237015231,0.015304904545423305
2_bars,3,4,16,0.0051708728112864755,-0.002714548044576862,0.007885420855863337
2_bars,6,4,16,0.005218096534353874,-0.004424020700528094,0.009642117234881967
2_bars,12,4,16,0.009179491648439623,0.0015576045178689367,0.007621887130570686
3plus_bars,2,18,28,0.004035617857837378,-0.0028754241957161526,0.006911042053553531
3plus_bars,3,18,28,0.00606024639698671,-0.0050644879008031355,0.011124734297789846
3plus_bars,6,18,28,0.0021857133947612165,-0.008572645880059017,0.010758359274820235
3plus_bars,12,18,28,0.015368505566093689,-0.003288057672616533,0.018656563238710223
