train,validation,selected_combo,train_n,horizon,validation_n,avg_net,win
2020-2022,2023,flat__expanding__vol1,6,2,2,0.0036050240464266495,0.5
2020-2022,2023,flat__expanding__vol1,6,3,2,-0.00013848906302049973,0.5
2020-2022,2023,flat__expanding__vol1,6,6,2,-0.0045371260891403,0.0
2020-2022,2023,flat__expanding__vol1,6,12,2,-0.00040252371949689084,0.0
2020-2023,2024,flat__expanding__vol1,8,2,2,0.00851011552968945,1.0
2020-2023,2024,flat__expanding__vol1,8,3,2,0.02639727335661985,1.0
2020-2023,2024,flat__expanding__vol1,8,6,2,0.0159855559380436,0.5
2020-2023,2024,flat__expanding__vol1,8,12,2,0.02683882315778345,1.0
2020-2024,2025,flat__expanding__vol1,10,2,1,0.0017453024784671,1.0
2020-2024,2025,flat__expanding__vol1,10,3,1,0.0034028391163446,1.0
2020-2024,2025,flat__expanding__vol1,10,6,1,0.0037556505041603,1.0
2020-2024,2025,flat__expanding__vol1,10,12,1,0.0359995950566028,1.0
2020-2025,2026,flat__expanding__vol1,11,2,2,0.00790990852144595,1.0
2020-2025,2026,flat__expanding__vol1,11,3,2,-0.0025788219414864004,0.5
2020-2025,2026,flat__expanding__vol1,11,6,2,-0.0027292531829923,0.5
2020-2025,2026,flat__expanding__vol1,11,12,2,0.009482016671461951,1.0
