event_id,year,entry_time,mid_slope_atr,width_slope_atr,mid_category,width_category,horizon,net_return
1,2020,2020-03-01T12:00:00+00:00,-0.42321378915345753,-1.1961137698635138,flat,contracting,2,-0.013281119686565535
1,2020,2020-03-01T12:00:00+00:00,-0.42321378915345753,-1.1961137698635138,flat,contracting,3,-0.014543924083715187
1,2020,2020-03-01T12:00:00+00:00,-0.42321378915345753,-1.1961137698635138,flat,contracting,6,0.011832729299605993
1,2020,2020-03-01T12:00:00+00:00,-0.42321378915345753,-1.1961137698635138,flat,contracting,12,0.023403810616345777
2,2020,2020-03-09T20:00:00+00:00,-0.891533471298789,2.8722809635158426,down,expanding,2,0.007448056883157973
2,2020,2020-03-09T20:00:00+00:00,-0.891533471298789,2.8722809635158426,down,expanding,3,0.006504424869039239
2,2020,2020-03-09T20:00:00+00:00,-0.891533471298789,2.8722809635158426,down,expanding,6,0.01645719226119724
2,2020,2020-03-09T20:00:00+00:00,-0.891533471298789,2.8722809635158426,down,expanding,12,-0.0027610213668892705
3,2020,2020-03-14T00:00:00+00:00,-0.6436670945125655,3.2203875590971047,down,expanding,2,-0.014529290447539145
3,2020,2020-03-14T00:00:00+00:00,-0.6436670945125655,3.2203875590971047,down,expanding,3,-0.023923036916813967
3,2020,2020-03-14T00:00:00+00:00,-0.6436670945125655,3.2203875590971047,down,expanding,6,-0.07337560638803464
3,2020,2020-03-14T00:00:00+00:00,-0.6436670945125655,3.2203875590971047,down,expanding,12,-0.03968688408461196
4,2020,2020-06-12T08:00:00+00:00,-0.37240703072536413,2.775324954159409,flat,expanding,2,-0.0032776678376351667
4,2020,2020-06-12T08:00:00+00:00,-0.37240703072536413,2.775324954159409,flat,expanding,3,-0.0018867013860931472
4,2020,2020-06-12T08:00:00+00:00,-0.37240703072536413,2.775324954159409,flat,expanding,6,-0.0011896290897378528
4,2020,2020-06-12T08:00:00+00:00,-0.37240703072536413,2.775324954159409,flat,expanding,12,-0.003641035311267137
5,2020,2020-06-25T12:00:00+00:00,-0.1463490640426127,0.8477213661827401,flat,expanding,2,0.002306038706582415
5,2020,2020-06-25T12:00:00+00:00,-0.1463490640426127,0.8477213661827401,flat,expanding,3,-0.0016806550278259938
5,2020,2020-06-25T12:00:00+00:00,-0.1463490640426127,0.8477213661827401,flat,expanding,6,-0.008174968317129272
5,2020,2020-06-25T12:00:00+00:00,-0.1463490640426127,0.8477213661827401,flat,expanding,12,-0.01135243885178916
6,2020,2020-07-03T08:00:00+00:00,0.08716392547187606,0.12905946987579756,flat,flat,2,-0.0015348562642432109
6,2020,2020-07-03T08:00:00+00:00,0.08716392547187606,0.12905946987579756,flat,flat,3,-0.0031471129293538782
6,2020,2020-07-03T08:00:00+00:00,0.08716392547187606,0.12905946987579756,flat,flat,6,-0.004476016583839003
6,2020,2020-07-03T08:00:00+00:00,0.08716392547187606,0.12905946987579756,flat,flat,12,-0.005731336316959989
7,2020,2020-07-17T12:00:00+00:00,-0.28399369582351913,0.9047566900506329,flat,expanding,2,0.0018252791358278628
7,2020,2020-07-17T12:00:00+00:00,-0.28399369582351913,0.9047566900506329,flat,expanding,3,0.0006840064252667819
7,2020,2020-07-17T12:00:00+00:00,-0.28399369582351913,0.9047566900506329,flat,expanding,6,0.0012967702967089387
7,2020,2020-07-17T12:00:00+00:00,-0.28399369582351913,0.9047566900506329,flat,expanding,12,-0.002587714959754516
8,2020,2020-08-12T16:00:00+00:00,-0.0686615386650526,0.4464122187013011,flat,flat,2,-0.0024851220131347765
8,2020,2020-08-12T16:00:00+00:00,-0.0686615386650526,0.4464122187013011,flat,flat,3,-0.002237313863268752
8,2020,2020-08-12T16:00:00+00:00,-0.0686615386650526,0.4464122187013011,flat,flat,6,-0.00805864677754431
8,2020,2020-08-12T16:00:00+00:00,-0.0686615386650526,0.4464122187013011,flat,flat,12,0.012712338773600007
9,2020,2020-08-23T00:00:00+00:00,-0.5167162039120549,-0.07144051764778701,down,flat,2,-0.005033948614096561
9,2020,2020-08-23T00:00:00+00:00,-0.5167162039120549,-0.07144051764778701,down,flat,3,-0.012743463159889168
9,2020,2020-08-23T00:00:00+00:00,-0.5167162039120549,-0.07144051764778701,down,flat,6,-0.0023194998761092425
9,2020,2020-08-23T00:00:00+00:00,-0.5167162039120549,-0.07144051764778701,down,flat,12,0.006260250130535439
10,2020,2020-09-04T12:00:00+00:00,-0.6479016681299338,2.847284280351464,down,expanding,2,0.013162601750824066
10,2020,2020-09-04T12:00:00+00:00,-0.6479016681299338,2.847284280351464,down,expanding,3,0.0012768006201954183
10,2020,2020-09-04T12:00:00+00:00,-0.6479016681299338,2.847284280351464,down,expanding,6,-0.019888905945970925
10,2020,2020-09-04T12:00:00+00:00,-0.6479016681299338,2.847284280351464,down,expanding,12,-0.015986778629352716
11,2020,2020-09-22T20:00:00+00:00,-0.502392601546448,2.7403995692067014,down,expanding,2,-0.0025230680958217002
11,2020,2020-09-22T20:00:00+00:00,-0.502392601546448,2.7403995692067014,down,expanding,3,-0.007037945173360981
11,2020,2020-09-22T20:00:00+00:00,-0.502392601546448,2.7403995692067014,down,expanding,6,-0.019964961808924486
11,2020,2020-09-22T20:00:00+00:00,-0.502392601546448,2.7403995692067014,down,expanding,12,0.014429880727946709
12,2020,2020-12-10T00:00:00+00:00,-0.4590138403492931,2.7682699865937828,flat,expanding,2,-0.0120768991801542
12,2020,2020-12-10T00:00:00+00:00,-0.4590138403492931,2.7682699865937828,flat,expanding,3,-0.01981152821621368
12,2020,2020-12-10T00:00:00+00:00,-0.4590138403492931,2.7682699865937828,flat,expanding,6,-0.016450920620949216
12,2020,2020-12-10T00:00:00+00:00,-0.4590138403492931,2.7682699865937828,flat,expanding,12,-0.02822356427195749
13,2021,2021-02-27T04:00:00+00:00,-0.4992856877806253,-0.38778198887632637,flat,flat,2,-0.0035953612872384735
13,2021,2021-02-27T04:00:00+00:00,-0.4992856877806253,-0.38778198887632637,flat,flat,3,-0.019856855956394193
13,2021,2021-02-27T04:00:00+00:00,-0.4992856877806253,-0.38778198887632637,flat,flat,6,-0.059839927486769695
13,2021,2021-02-27T04:00:00+00:00,-0.4992856877806253,-0.38778198887632637,flat,flat,12,-0.02391479653257378
14,2021,2021-04-19T04:00:00+00:00,-0.5687013313410372,3.2627921314680344,down,expanding,2,0.00034155343857456087
14,2021,2021-04-19T04:00:00+00:00,-0.5687013313410372,3.2627921314680344,down,expanding,3,-0.04394303614356432
14,2021,2021-04-19T04:00:00+00:00,-0.5687013313410372,3.2627921314680344,down,expanding,6,-0.04074634803238253
14,2021,2021-04-19T04:00:00+00:00,-0.5687013313410372,3.2627921314680344,down,expanding,12,-0.03302299104520534
15,2021,2021-04-22T12:00:00+00:00,0.015000358368353318,-0.13408771286701504,flat,flat,2,-0.03641478672920129
15,2021,2021-04-22T12:00:00+00:00,0.015000358368353318,-0.13408771286701504,flat,flat,3,-0.05887999007775768
15,2021,2021-04-22T12:00:00+00:00,0.015000358368353318,-0.13408771286701504,flat,flat,6,-0.08841688709512496
15,2021,2021-04-22T12:00:00+00:00,0.015000358368353318,-0.13408771286701504,flat,flat,12,-0.10661082391974863
16,2021,2021-04-24T00:00:00+00:00,-0.4087256018460324,2.270098955613031,flat,expanding,2,-0.026662015833909813
16,2021,2021-04-24T00:00:00+00:00,-0.4087256018460324,2.270098955613031,flat,expanding,3,-0.04088295178139301
16,2021,2021-04-24T00:00:00+00:00,-0.4087256018460324,2.270098955613031,flat,expanding,6,-0.021792572024254886
16,2021,2021-04-24T00:00:00+00:00,-0.4087256018460324,2.270098955613031,flat,expanding,12,-0.04098782247739008
17,2021,2021-05-16T08:00:00+00:00,-0.7734143400948335,-2.690201741798857,down,contracting,2,-0.034377430973555945
17,2021,2021-05-16T08:00:00+00:00,-0.7734143400948335,-2.690201741798857,down,contracting,3,-0.07840796609153411
17,2021,2021-05-16T08:00:00+00:00,-0.7734143400948335,-2.690201741798857,down,contracting,6,-0.08671090634827794
17,2021,2021-05-16T08:00:00+00:00,-0.7734143400948335,-2.690201741798857,down,contracting,12,-0.08611526415647663
18,2021,2021-05-24T00:00:00+00:00,-0.2198153213758005,0.7291112138306107,flat,expanding,2,0.055639805036930334
18,2021,2021-05-24T00:00:00+00:00,-0.2198153213758005,0.7291112138306107,flat,expanding,3,0.08315365682624487
18,2021,2021-05-24T00:00:00+00:00,-0.2198153213758005,0.7291112138306107,flat,expanding,6,0.11807089209675248
18,2021,2021-05-24T00:00:00+00:00,-0.2198153213758005,0.7291112138306107,flat,expanding,12,0.10404984798785744
19,2021,2021-09-11T12:00:00+00:00,-0.7419579594836048,-4.6518204332982975,down,contracting,2,-0.005282890739420453
19,2021,2021-09-11T12:00:00+00:00,-0.7419579594836048,-4.6518204332982975,down,contracting,3,-0.009385342947355824
19,2021,2021-09-11T12:00:00+00:00,-0.7419579594836048,-4.6518204332982975,down,contracting,6,0.010639163327163748
19,2021,2021-09-11T12:00:00+00:00,-0.7419579594836048,-4.6518204332982975,down,contracting,12,-0.016287665555645314
20,2021,2021-11-19T16:00:00+00:00,-0.7737882658187007,-0.46059052836079933,down,flat,2,0.001921851106862272
20,2021,2021-11-19T16:00:00+00:00,-0.7737882658187007,-0.46059052836079933,down,flat,3,0.009799136815323961
20,2021,2021-11-19T16:00:00+00:00,-0.7737882658187007,-0.46059052836079933,down,flat,6,-0.006175169413466962
20,2021,2021-11-19T16:00:00+00:00,-0.7737882658187007,-0.46059052836079933,down,flat,12,0.02165237883663551
21,2021,2021-12-04T20:00:00+00:00,-0.6456490289278773,4.0258451210639405,down,expanding,2,-0.0026083251996599213
21,2021,2021-12-04T20:00:00+00:00,-0.6456490289278773,4.0258451210639405,down,expanding,3,-0.0002044668435464683
21,2021,2021-12-04T20:00:00+00:00,-0.6456490289278773,4.0258451210639405,down,expanding,6,-0.008056854224741894
21,2021,2021-12-04T20:00:00+00:00,-0.6456490289278773,4.0258451210639405,down,expanding,12,-0.003984569133922643
22,2021,2021-12-14T12:00:00+00:00,-0.08855995743870164,0.5148763377293278,flat,expanding,2,-0.01693032381249182
22,2021,2021-12-14T12:00:00+00:00,-0.08855995743870164,0.5148763377293278,flat,expanding,3,0.014098495337581451
22,2021,2021-12-14T12:00:00+00:00,-0.08855995743870164,0.5148763377293278,flat,expanding,6,0.00980578999659587
22,2021,2021-12-14T12:00:00+00:00,-0.08855995743870164,0.5148763377293278,flat,expanding,12,0.03238654151508713
23,2021,2022-01-01T04:00:00+00:00,-0.3149682682281543,-0.8456217804883888,flat,contracting,2,-0.0021607834626166103
23,2021,2022-01-01T04:00:00+00:00,-0.3149682682281543,-0.8456217804883888,flat,contracting,3,0.007669134203785678
23,2021,2022-01-01T04:00:00+00:00,-0.3149682682281543,-0.8456217804883888,flat,contracting,6,0.01002808373961106
23,2021,2022-01-01T04:00:00+00:00,-0.3149682682281543,-0.8456217804883888,flat,contracting,12,-0.0014259481458332992
24,2022,2022-01-06T20:00:00+00:00,-0.5799752855286041,2.1501870066131867,down,expanding,2,-0.03863975918841778
24,2022,2022-01-06T20:00:00+00:00,-0.5799752855286041,2.1501870066131867,down,expanding,3,-0.04085900859867064
24,2022,2022-01-06T20:00:00+00:00,-0.5799752855286041,2.1501870066131867,down,expanding,6,-0.039278138712757094
24,2022,2022-01-06T20:00:00+00:00,-0.5799752855286041,2.1501870066131867,down,expanding,12,-0.06101757442945843
25,2022,2022-02-12T20:00:00+00:00,-0.14507839916091603,0.721668890093901,flat,expanding,2,-0.011137247093288338
25,2022,2022-02-12T20:00:00+00:00,-0.14507839916091603,0.721668890093901,flat,expanding,3,-0.006861826565597417
25,2022,2022-02-12T20:00:00+00:00,-0.14507839916091603,0.721668890093901,flat,expanding,6,-0.015797549227693608
25,2022,2022-02-12T20:00:00+00:00,-0.14507839916091603,0.721668890093901,flat,expanding,12,-0.01373156476875348
26,2022,2022-02-22T12:00:00+00:00,-0.3964301312445876,0.940857094030018,flat,expanding,2,0.0135484464466048
26,2022,2022-02-22T12:00:00+00:00,-0.3964301312445876,0.940857094030018,flat,expanding,3,0.01794642968037652
26,2022,2022-02-22T12:00:00+00:00,-0.3964301312445876,0.940857094030018,flat,expanding,6,0.03267424966290833
26,2022,2022-02-22T12:00:00+00:00,-0.3964301312445876,0.940857094030018,flat,expanding,12,-0.056364321510938176
27,2022,2022-02-24T20:00:00+00:00,-0.3672780002533854,1.539406248884457,flat,expanding,2,0.04252198391420914
27,2022,2022-02-24T20:00:00+00:00,-0.3672780002533854,1.539406248884457,flat,expanding,3,0.03026675603217155
27,2022,2022-02-24T20:00:00+00:00,-0.3672780002533854,1.539406248884457,flat,expanding,6,0.03589356568364599
27,2022,2022-02-24T20:00:00+00:00,-0.3672780002533854,1.539406248884457,flat,expanding,12,0.051389276139410245
28,2022,2022-03-05T20:00:00+00:00,-0.665600369460378,2.511182531170951,down,expanding,2,-0.004377313471139343
28,2022,2022-03-05T20:00:00+00:00,-0.665600369460378,2.511182531170951,down,expanding,3,-0.002170318491463318
28,2022,2022-03-05T20:00:00+00:00,-0.665600369460378,2.511182531170951,down,expanding,6,-0.020350449146174676
28,2022,2022-03-05T20:00:00+00:00,-0.665600369460378,2.511182531170951,down,expanding,12,-0.054882071963302415
29,2022,2022-03-08T04:00:00+00:00,-0.5683203572738063,-1.6070641826400154,down,contracting,2,0.006403500466191426
29,2022,2022-03-08T04:00:00+00:00,-0.5683203572738063,-1.6070641826400154,down,contracting,3,-0.0019876846934198103
29,2022,2022-03-08T04:00:00+00:00,-0.5683203572738063,-1.6070641826400154,down,contracting,6,0.06415230294372443
29,2022,2022-03-08T04:00:00+00:00,-0.5683203572738063,-1.6070641826400154,down,contracting,12,0.05254326069294024
30,2022,2022-04-25T20:00:00+00:00,-0.6836640861800585,-1.7448968454006732,down,contracting,2,0.006689309247406628
30,2022,2022-04-25T20:00:00+00:00,-0.6836640861800585,-1.7448968454006732,down,contracting,3,0.007912647995151345
30,2022,2022-04-25T20:00:00+00:00,-0.6836640861800585,-1.7448968454006732,down,contracting,6,-0.04962404843834767
30,2022,2022-04-25T20:00:00+00:00,-0.6836640861800585,-1.7448968454006732,down,contracting,12,-0.03500066325295259
31,2022,2022-05-01T16:00:00+00:00,-0.22256636621040055,0.9286644110877159,flat,expanding,2,-0.0015627434235533358
31,2022,2022-05-01T16:00:00+00:00,-0.22256636621040055,0.9286644110877159,flat,expanding,3,0.00378305929252798
31,2022,2022-05-01T16:00:00+00:00,-0.22256636621040055,0.9286644110877159,flat,expanding,6,0.004353077330974898
31,2022,2022-05-01T16:00:00+00:00,-0.22256636621040055,0.9286644110877159,flat,expanding,12,-0.005251492789947298
32,2022,2022-05-12T16:00:00+00:00,-0.5076643933345244,-0.024442412850301316,down,flat,2,-0.0007078004194166479
32,2022,2022-05-12T16:00:00+00:00,-0.5076643933345244,-0.024442412850301316,down,flat,3,0.052797802025136176
32,2022,2022-05-12T16:00:00+00:00,-0.5076643933345244,-0.024442412850301316,down,flat,6,0.04444048053048022
32,2022,2022-05-12T16:00:00+00:00,-0.5076643933345244,-0.024442412850301316,down,flat,12,-0.008002108109709916
33,2022,2022-06-14T08:00:00+00:00,-0.8747642859010634,1.8709535036891844,down,expanding,2,-0.009617192772643168
33,2022,2022-06-14T08:00:00+00:00,-0.8747642859010634,1.8709535036891844,down,expanding,3,-0.031011557196759076
33,2022,2022-06-14T08:00:00+00:00,-0.8747642859010634,1.8709535036891844,down,expanding,6,-0.09517978871835764
33,2022,2022-06-14T08:00:00+00:00,-0.8747642859010634,1.8709535036891844,down,expanding,12,-0.04966523993859473
34,2022,2022-06-19T12:00:00+00:00,-0.49247361652980803,2.0399954718114692,flat,expanding,2,0.0209159689810684
34,2022,2022-06-19T12:00:00+00:00,-0.49247361652980803,2.0399954718114692,flat,expanding,3,0.043763765272954225
34,2022,2022-06-19T12:00:00+00:00,-0.49247361652980803,2.0399954718114692,flat,expanding,6,0.055331119122061234
34,2022,2022-06-19T12:00:00+00:00,-0.49247361652980803,2.0399954718114692,flat,expanding,12,0.06348803579435602
35,2022,2022-08-18T12:00:00+00:00,-0.5007270187058532,0.30613334283047733,down,flat,2,-0.00905415724961256
35,2022,2022-08-18T12:00:00+00:00,-0.5007270187058532,0.30613334283047733,down,flat,3,-0.015573541827866633
35,2022,2022-08-18T12:00:00+00:00,-0.5007270187058532,0.30613334283047733,down,flat,6,-0.08880837266931896
35,2022,2022-08-18T12:00:00+00:00,-0.5007270187058532,0.30613334283047733,down,flat,12,-0.09876187483614429
36,2022,2022-08-20T16:00:00+00:00,-0.9706684849995773,2.8312105510942165,down,expanding,2,-0.008531748081030965
36,2022,2022-08-20T16:00:00+00:00,-0.9706684849995773,2.8312105510942165,down,expanding,3,-0.005245909720429042
36,2022,2022-08-20T16:00:00+00:00,-0.9706684849995773,2.8312105510942165,down,expanding,6,0.00456324968897437
36,2022,2022-08-20T16:00:00+00:00,-0.9706684849995773,2.8312105510942165,down,expanding,12,0.003693317058285018
37,2022,2022-09-07T20:00:00+00:00,-0.4310657586810356,3.4501315072008385,flat,expanding,2,0.01090109501868397
37,2022,2022-09-07T20:00:00+00:00,-0.4310657586810356,3.4501315072008385,flat,expanding,3,0.008436947574209985
37,2022,2022-09-07T20:00:00+00:00,-0.4310657586810356,3.4501315072008385,flat,expanding,6,0.017955506869337667
37,2022,2022-09-07T20:00:00+00:00,-0.4310657586810356,3.4501315072008385,flat,expanding,12,0.12006177375440774
38,2022,2022-09-19T20:00:00+00:00,-0.4934895421456053,3.5527466113394714,flat,expanding,2,-0.008717732182753624
38,2022,2022-09-19T20:00:00+00:00,-0.4934895421456053,3.5527466113394714,flat,expanding,3,-0.008990345788837173
38,2022,2022-09-19T20:00:00+00:00,-0.4934895421456053,3.5527466113394714,flat,expanding,6,-0.02772177014368571
38,2022,2022-09-19T20:00:00+00:00,-0.4934895421456053,3.5527466113394714,flat,expanding,12,-0.027238547153955017
39,2022,2022-10-11T12:00:00+00:00,-0.44797118054883217,-0.10827225663029273,flat,flat,2,-0.009145693151394463
39,2022,2022-10-11T12:00:00+00:00,-0.44797118054883217,-0.10827225663029273,flat,flat,3,-0.005890966122437113
39,2022,2022-10-11T12:00:00+00:00,-0.44797118054883217,-0.10827225663029273,flat,flat,6,-0.0030392947987019072
39,2022,2022-10-11T12:00:00+00:00,-0.44797118054883217,-0.10827225663029273,flat,flat,12,-0.021862309488307252
40,2022,2022-10-13T20:00:00+00:00,-0.40367194823603286,-0.27688470466681264,flat,flat,2,0.022072348184867807
40,2022,2022-10-13T20:00:00+00:00,-0.40367194823603286,-0.27688470466681264,flat,flat,3,0.013055799863087025
40,2022,2022-10-13T20:00:00+00:00,-0.40367194823603286,-0.27688470466681264,flat,flat,6,-0.011416139647309143
40,2022,2022-10-13T20:00:00+00:00,-0.40367194823603286,-0.27688470466681264,flat,flat,12,-0.01479921672447082
41,2022,2022-11-29T04:00:00+00:00,-0.3382763372165839,1.5002803144572847,flat,expanding,2,0.011844182021460425
41,2022,2022-11-29T04:00:00+00:00,-0.3382763372165839,1.5002803144572847,flat,expanding,3,0.00555777763724763
41,2022,2022-11-29T04:00:00+00:00,-0.3382763372165839,1.5002803144572847,flat,expanding,6,0.03324214721323615
41,2022,2022-11-29T04:00:00+00:00,-0.3382763372165839,1.5002803144572847,flat,expanding,12,0.05201294917031618
42,2022,2022-12-18T00:00:00+00:00,-0.34463428586286965,1.7796840200368509,flat,expanding,2,-0.002592009317218035
42,2022,2022-12-18T00:00:00+00:00,-0.34463428586286965,1.7796840200368509,flat,expanding,3,-0.0049451552492202335
42,2022,2022-12-18T00:00:00+00:00,-0.34463428586286965,1.7796840200368509,flat,expanding,6,-0.003297118647906715
42,2022,2022-12-18T00:00:00+00:00,-0.34463428586286965,1.7796840200368509,flat,expanding,12,-0.021185319182669193
43,2023,2023-02-06T16:00:00+00:00,-0.6943437105519195,0.4016355322903609,down,flat,2,-0.0131660245299412
43,2023,2023-02-06T16:00:00+00:00,-0.6943437105519195,0.4016355322903609,down,flat,3,-0.008154927817119906
43,2023,2023-02-06T16:00:00+00:00,-0.6943437105519195,0.4016355322903609,down,flat,6,-0.00698753800526497
43,2023,2023-02-06T16:00:00+00:00,-0.6943437105519195,0.4016355322903609,down,flat,12,-0.008446124309222092
44,2023,2023-02-23T00:00:00+00:00,-0.22891191122243282,1.0640466200136556,flat,expanding,2,0.007060057372754503
44,2023,2023-02-23T00:00:00+00:00,-0.22891191122243282,1.0640466200136556,flat,expanding,3,-0.017623790794968675
44,2023,2023-02-23T00:00:00+00:00,-0.22891191122243282,1.0640466200136556,flat,expanding,6,-0.011007770174851661
44,2023,2023-02-23T00:00:00+00:00,-0.22891191122243282,1.0640466200136556,flat,expanding,12,-0.0422770379547609
45,2023,2023-03-11T00:00:00+00:00,-0.9558958685844572,3.2554874330153347,down,expanding,2,-0.015881872531411934
45,2023,2023-03-11T00:00:00+00:00,-0.9558958685844572,3.2554874330153347,down,expanding,3,-0.0042068380784975315
45,2023,2023-03-11T00:00:00+00:00,-0.9558958685844572,3.2554874330153347,down,expanding,6,0.014137943167206735
45,2023,2023-03-11T00:00:00+00:00,-0.9558958685844572,3.2554874330153347,down,expanding,12,0.09067725770184543
46,2023,2023-05-02T16:00:00+00:00,-0.4507451735108019,2.064041456091376,flat,expanding,2,0.003525468725528281
46,2023,2023-05-02T16:00:00+00:00,-0.4507451735108019,2.064041456091376,flat,expanding,3,-0.0016937463670289024
46,2023,2023-05-02T16:00:00+00:00,-0.4507451735108019,2.064041456091376,flat,expanding,6,-0.009029588632930685
46,2023,2023-05-02T16:00:00+00:00,-0.4507451735108019,2.064041456091376,flat,expanding,12,0.010405120198565654
47,2023,2023-06-11T20:00:00+00:00,-0.7064820316539303,1.3172333668608431,down,expanding,2,-0.010204449021911977
47,2023,2023-06-11T20:00:00+00:00,-0.7064820316539303,1.3172333668608431,down,expanding,3,-0.009755751340042473
47,2023,2023-06-11T20:00:00+00:00,-0.7064820316539303,1.3172333668608431,down,expanding,6,-0.008939029360886197
47,2023,2023-06-11T20:00:00+00:00,-0.7064820316539303,1.3172333668608431,down,expanding,12,-0.0059195398236479005
48,2023,2023-06-15T20:00:00+00:00,-0.45530997474440965,2.2393096596788027,flat,expanding,2,0.0031743451019800037
48,2023,2023-06-15T20:00:00+00:00,-0.45530997474440965,2.2393096596788027,flat,expanding,3,0.0022020597521398297
48,2023,2023-06-15T20:00:00+00:00,-0.45530997474440965,2.2393096596788027,flat,expanding,6,0.03541414877497939
48,2023,2023-06-15T20:00:00+00:00,-0.45530997474440965,2.2393096596788027,flat,expanding,12,0.03906287052419721
49,2023,2023-08-01T20:00:00+00:00,-0.3374808745866458,1.985638461795591,flat,expanding,2,0.011247552641521108
49,2023,2023-08-01T20:00:00+00:00,-0.3374808745866458,1.985638461795591,flat,expanding,3,0.009344526040140244
49,2023,2023-08-01T20:00:00+00:00,-0.3374808745866458,1.985638461795591,flat,expanding,6,-0.005196496463465316
49,2023,2023-08-01T20:00:00+00:00,-0.3374808745866458,1.985638461795591,flat,expanding,12,-0.0007642993439324055
50,2023,2023-08-23T16:00:00+00:00,-0.0049940792604453174,0.22645134408618386,flat,flat,2,0.010043455876474705
50,2023,2023-08-23T16:00:00+00:00,-0.0049940792604453174,0.22645134408618386,flat,flat,3,0.01039917816676017
50,2023,2023-08-23T16:00:00+00:00,-0.0049940792604453174,0.22645134408618386,flat,flat,6,-0.006647186982553287
50,2023,2023-08-23T16:00:00+00:00,-0.0049940792604453174,0.22645134408618386,flat,flat,12,-0.009108173235990447
51,2023,2023-09-26T04:00:00+00:00,-0.4878946086638611,2.4793359588165345,flat,expanding,2,-0.004037504548667802
51,2023,2023-09-26T04:00:00+00:00,-0.4878946086638611,2.4793359588165345,flat,expanding,3,-0.009621504166181238
51,2023,2023-09-26T04:00:00+00:00,-0.4878946086638611,2.4793359588165345,flat,expanding,6,-0.0038777557148153
51,2023,2023-09-26T04:00:00+00:00,-0.4878946086638611,2.4793359588165345,flat,expanding,12,-4.074809506138168e-05
52,2023,2023-11-15T12:00:00+00:00,-0.48315084007190384,2.207988360664493,flat,expanding,2,0.03374081115423311
52,2023,2023-11-15T12:00:00+00:00,-0.48315084007190384,2.207988360664493,flat,expanding,3,0.04362493394902722
52,2023,2023-11-15T12:00:00+00:00,-0.48315084007190384,2.207988360664493,flat,expanding,6,0.026773554501192787
52,2023,2023-11-15T12:00:00+00:00,-0.48315084007190384,2.207988360664493,flat,expanding,12,0.002638701524104615
53,2023,2023-11-28T00:00:00+00:00,-0.19109822164793316,1.3300508367784036,flat,expanding,2,-0.004694415281383923
53,2023,2023-11-28T00:00:00+00:00,-0.19109822164793316,1.3300508367784036,flat,expanding,3,-0.0007655916461480885
53,2023,2023-11-28T00:00:00+00:00,-0.19109822164793316,1.3300508367784036,flat,expanding,6,0.014470951354225048
53,2023,2023-11-28T00:00:00+00:00,-0.19109822164793316,1.3300508367784036,flat,expanding,12,0.01543140803432641
54,2023,2023-12-12T04:00:00+00:00,-0.37498013487908494,2.2849977848181986,flat,expanding,2,-0.004611092674808303
54,2023,2023-12-12T04:00:00+00:00,-0.37498013487908494,2.2849977848181986,flat,expanding,3,-0.010279916348969964
54,2023,2023-12-12T04:00:00+00:00,-0.37498013487908494,2.2849977848181986,flat,expanding,6,-0.022706809752609858
54,2023,2023-12-12T04:00:00+00:00,-0.37498013487908494,2.2849977848181986,flat,expanding,12,0.022447063624093544
55,2023,2023-12-18T20:00:00+00:00,-0.5295113685453051,0.7863067680207324,down,expanding,2,0.03211902249124787
55,2023,2023-12-18T20:00:00+00:00,-0.5295113685453051,0.7863067680207324,down,expanding,3,0.03101497514094953
55,2023,2023-12-18T20:00:00+00:00,-0.5295113685453051,0.7863067680207324,down,expanding,6,0.014367696447408762
55,2023,2023-12-18T20:00:00+00:00,-0.5295113685453051,0.7863067680207324,down,expanding,12,0.047845222585202296
56,2023,2023-12-27T12:00:00+00:00,-0.3370461180358217,1.616424543946348,flat,expanding,2,0.0021434866969586306
56,2023,2023-12-27T12:00:00+00:00,-0.3370461180358217,1.616424543946348,flat,expanding,3,0.008524836752782705
56,2023,2023-12-27T12:00:00+00:00,-0.3370461180358217,1.616424543946348,flat,expanding,6,-4.995710046073933e-05
56,2023,2023-12-27T12:00:00+00:00,-0.3370461180358217,1.616424543946348,flat,expanding,12,-0.004652097869993098
57,2024,2024-04-18T04:00:00+00:00,-0.16538968657584238,0.6791810837785609,flat,expanding,2,0.00883948664894596
57,2024,2024-04-18T04:00:00+00:00,-0.16538968657584238,0.6791810837785609,flat,expanding,3,0.023370849901730995
57,2024,2024-04-18T04:00:00+00:00,-0.16538968657584238,0.6791810837785609,flat,expanding,6,-0.004272408090663981
57,2024,2024-04-18T04:00:00+00:00,-0.16538968657584238,0.6791810837785609,flat,expanding,12,0.030748408038395847
58,2024,2024-06-12T12:00:00+00:00,-0.5641043136347906,4.022338749422287,down,expanding,2,-0.00462224383185028
58,2024,2024-06-12T12:00:00+00:00,-0.5641043136347906,4.022338749422287,down,expanding,3,0.006163783522279976
58,2024,2024-06-12T12:00:00+00:00,-0.5641043136347906,4.022338749422287,down,expanding,6,-0.0015669945438392388
58,2024,2024-06-12T12:00:00+00:00,-0.5641043136347906,4.022338749422287,down,expanding,12,-0.011953927377780671
59,2024,2024-06-25T04:00:00+00:00,-0.8195055114100498,5.092748763654215,down,expanding,2,-0.0028751246888589757
59,2024,2024-06-25T04:00:00+00:00,-0.8195055114100498,5.092748763654215,down,expanding,3,0.007277138045880372
59,2024,2024-06-25T04:00:00+00:00,-0.8195055114100498,5.092748763654215,down,expanding,6,0.009333658006945522
59,2024,2024-06-25T04:00:00+00:00,-0.8195055114100498,5.092748763654215,down,expanding,12,-0.005327386493784391
60,2024,2024-06-29T08:00:00+00:00,-0.02050932308623722,0.41112104838161656,flat,flat,2,-0.00012042625748753723
60,2024,2024-06-29T08:00:00+00:00,-0.02050932308623722,0.41112104838161656,flat,flat,3,-0.0009167926515464267
60,2024,2024-06-29T08:00:00+00:00,-0.02050932308623722,0.41112104838161656,flat,flat,6,0.0067918440419115775
60,2024,2024-06-29T08:00:00+00:00,-0.02050932308623722,0.41112104838161656,flat,flat,12,0.03545300832237264
61,2024,2024-07-05T16:00:00+00:00,-0.7687899198925353,1.5585213002875997,down,expanding,2,-0.0016035685727138196
61,2024,2024-07-05T16:00:00+00:00,-0.7687899198925353,1.5585213002875997,down,expanding,3,-0.005464995581772158
61,2024,2024-07-05T16:00:00+00:00,-0.7687899198925353,1.5585213002875997,down,expanding,6,0.010559573541742195
61,2024,2024-07-05T16:00:00+00:00,-0.7687899198925353,1.5585213002875997,down,expanding,12,0.0018665977563131495
62,2024,2024-08-02T00:00:00+00:00,-0.740560143616582,-0.12647182951134028,down,flat,2,-0.01920775523831586
62,2024,2024-08-02T00:00:00+00:00,-0.740560143616582,-0.12647182951134028,down,flat,3,-0.011619239642794654
62,2024,2024-08-02T00:00:00+00:00,-0.740560143616582,-0.12647182951134028,down,flat,6,-0.05999682988131416
62,2024,2024-08-02T00:00:00+00:00,-0.740560143616582,-0.12647182951134028,down,flat,12,-0.07224320738035706
63,2024,2024-08-06T04:00:00+00:00,-0.9026206999314894,3.1370358453212854,down,expanding,2,-0.009186904222759695
63,2024,2024-08-06T04:00:00+00:00,-0.9026206999314894,3.1370358453212854,down,expanding,3,0.012298307594277413
63,2024,2024-08-06T04:00:00+00:00,-0.9026206999314894,3.1370358453212854,down,expanding,6,0.02049042148553515
63,2024,2024-08-06T04:00:00+00:00,-0.9026206999314894,3.1370358453212854,down,expanding,12,0.02386287344116378
64,2024,2024-09-02T12:00:00+00:00,-0.4358718850819706,-0.38347685615848925,flat,flat,2,-0.0006915546041638123
64,2024,2024-09-02T12:00:00+00:00,-0.4358718850819706,-0.38347685615848925,flat,flat,3,0.011154836850015948
64,2024,2024-09-02T12:00:00+00:00,-0.4358718850819706,-0.38347685615848925,flat,flat,6,0.01012594380097498
64,2024,2024-09-02T12:00:00+00:00,-0.4358718850819706,-0.38347685615848925,flat,flat,12,-0.03264920207298594
65,2024,2024-09-07T12:00:00+00:00,-0.5768146005484727,0.5845858992003765,down,expanding,2,0.00043577634359681736
65,2024,2024-09-07T12:00:00+00:00,-0.5768146005484727,0.5845858992003765,down,expanding,3,-0.004039980296730804
65,2024,2024-09-07T12:00:00+00:00,-0.5768146005484727,0.5845858992003765,down,expanding,6,0.003234987991939665
65,2024,2024-09-07T12:00:00+00:00,-0.5768146005484727,0.5845858992003765,down,expanding,12,0.016281961255759536
66,2024,2024-10-10T12:00:00+00:00,-0.17467533630359008,1.1056771215700631,flat,expanding,2,-0.026052067341571172
66,2024,2024-10-10T12:00:00+00:00,-0.17467533630359008,1.1056771215700631,flat,expanding,3,-0.016272270694350444
66,2024,2024-10-10T12:00:00+00:00,-0.17467533630359008,1.1056771215700631,flat,expanding,6,-0.002422251734802815
66,2024,2024-10-10T12:00:00+00:00,-0.17467533630359008,1.1056771215700631,flat,expanding,12,0.02633994526134542
67,2024,2024-10-11T12:00:00+00:00,-0.5175088666105228,0.4010106737887117,down,flat,2,0.03024027378557992
67,2024,2024-10-11T12:00:00+00:00,-0.5175088666105228,0.4010106737887117,down,flat,3,0.021314878263757886
67,2024,2024-10-11T12:00:00+00:00,-0.5175088666105228,0.4010106737887117,down,flat,6,0.027803162343759458
67,2024,2024-10-11T12:00:00+00:00,-0.5175088666105228,0.4010106737887117,down,flat,12,0.021663877722359337
68,2024,2024-12-11T04:00:00+00:00,-0.21075925534748732,0.6496146997819081,flat,expanding,2,0.008180744410433038
68,2024,2024-12-11T04:00:00+00:00,-0.21075925534748732,0.6496146997819081,flat,expanding,3,0.029423696811508804
68,2024,2024-12-11T04:00:00+00:00,-0.21075925534748732,0.6496146997819081,flat,expanding,6,0.036243519966751125
68,2024,2024-12-11T04:00:00+00:00,-0.21075925534748732,0.6496146997819081,flat,expanding,12,0.022929238277171193
69,2025,2025-01-14T00:00:00+00:00,-0.16705706471113005,1.3713681491052296,flat,expanding,2,0.0024683043336563024
69,2025,2025-01-14T00:00:00+00:00,-0.16705706471113005,1.3713681491052296,flat,expanding,3,0.020282132298441335
69,2025,2025-01-14T00:00:00+00:00,-0.16705706471113005,1.3713681491052296,flat,expanding,6,0.020417636075780954
69,2025,2025-01-14T00:00:00+00:00,-0.16705706471113005,1.3713681491052296,flat,expanding,12,0.062057809338674885
70,2025,2025-02-26T00:00:00+00:00,-0.6460763308984451,3.163674870252773,down,expanding,2,-0.0005532270437692546
70,2025,2025-02-26T00:00:00+00:00,-0.6460763308984451,3.163674870252773,down,expanding,3,-0.001717069467105369
70,2025,2025-02-26T00:00:00+00:00,-0.6460763308984451,3.163674870252773,down,expanding,6,-0.050958057243546184
70,2025,2025-02-26T00:00:00+00:00,-0.6460763308984451,3.163674870252773,down,expanding,12,-0.0457880303638718
71,2025,2025-02-27T04:00:00+00:00,-0.5956968811574079,0.5143396356556832,down,expanding,2,0.016274945110853145
71,2025,2025-02-27T04:00:00+00:00,-0.5956968811574079,0.5143396356556832,down,expanding,3,0.0022210706739419503
71,2025,2025-02-27T04:00:00+00:00,-0.5956968811574079,0.5143396356556832,down,expanding,6,-0.057008871437837616
71,2025,2025-02-27T04:00:00+00:00,-0.5956968811574079,0.5143396356556832,down,expanding,12,0.00022626437466721858
72,2025,2025-02-28T16:00:00+00:00,-0.7577999162149681,0.12765420249666765,down,flat,2,0.003105705549844796
72,2025,2025-02-28T16:00:00+00:00,-0.7577999162149681,0.12765420249666765,down,flat,3,0.014782146430482368
72,2025,2025-02-28T16:00:00+00:00,-0.7577999162149681,0.12765420249666765,down,flat,6,0.008463240602797018
72,2025,2025-02-28T16:00:00+00:00,-0.7577999162149681,0.12765420249666765,down,flat,12,0.03974695509377113
73,2025,2025-03-10T12:00:00+00:00,-0.9068009095260964,0.6900304350290737,down,expanding,2,-0.05509250795625853
73,2025,2025-03-10T12:00:00+00:00,-0.9068009095260964,0.6900304350290737,down,expanding,3,-0.06065566748821516
73,2025,2025-03-10T12:00:00+00:00,-0.9068009095260964,0.6900304350290737,down,expanding,6,-0.02327357565025956
73,2025,2025-03-10T12:00:00+00:00,-0.9068009095260964,0.6900304350290737,down,expanding,12,-0.007909980617836432
74,2025,2025-04-07T16:00:00+00:00,-0.5882260490168908,4.167003731452142,down,expanding,2,0.007707069108514487
74,2025,2025-04-07T16:00:00+00:00,-0.5882260490168908,4.167003731452142,down,expanding,3,0.017145917853371606
74,2025,2025-04-07T16:00:00+00:00,-0.5882260490168908,4.167003731452142,down,expanding,6,-0.0007694951485036619
74,2025,2025-04-07T16:00:00+00:00,-0.5882260490168908,4.167003731452142,down,expanding,12,-0.016569589720477618
75,2025,2025-05-30T12:00:00+00:00,-0.47321867149083574,1.1237501197546529,flat,expanding,2,-0.012711410505239384
75,2025,2025-05-30T12:00:00+00:00,-0.47321867149083574,1.1237501197546529,flat,expanding,3,-0.018897818767383945
75,2025,2025-05-30T12:00:00+00:00,-0.47321867149083574,1.1237501197546529,flat,expanding,6,-0.023500177086432372
75,2025,2025-05-30T12:00:00+00:00,-0.47321867149083574,1.1237501197546529,flat,expanding,12,-0.017979802702102865
76,2025,2025-06-06T12:00:00+00:00,-0.26880103176118114,2.122726096947763,flat,expanding,2,0.0018078095227281885
76,2025,2025-06-06T12:00:00+00:00,-0.26880103176118114,2.122726096947763,flat,expanding,3,0.002468170605435361
76,2025,2025-06-06T12:00:00+00:00,-0.26880103176118114,2.122726096947763,flat,expanding,6,0.010758333823255861
76,2025,2025-06-06T12:00:00+00:00,-0.26880103176118114,2.122726096947763,flat,expanding,12,0.015922486425456683
77,2025,2025-06-14T00:00:00+00:00,-0.3040638577869318,1.923692819600965,flat,expanding,2,-0.010333759103597129
77,2025,2025-06-14T00:00:00+00:00,-0.3040638577869318,1.923692819600965,flat,expanding,3,-0.01028265912951476
77,2025,2025-06-14T00:00:00+00:00,-0.3040638577869318,1.923692819600965,flat,expanding,6,-0.007146704631496025
77,2025,2025-06-14T00:00:00+00:00,-0.3040638577869318,1.923692819600965,flat,expanding,12,-0.0054554086258452586
78,2025,2025-10-17T04:00:00+00:00,-0.45083603980394826,0.48944172874898556,flat,flat,2,-0.03299426910896952
78,2025,2025-10-17T04:00:00+00:00,-0.45083603980394826,0.48944172874898556,flat,flat,3,-0.022737414031596903
78,2025,2025-10-17T04:00:00+00:00,-0.45083603980394826,0.48944172874898556,flat,flat,6,-0.02029284571054235
78,2025,2025-10-17T04:00:00+00:00,-0.45083603980394826,0.48944172874898556,flat,flat,12,-0.018411675783688075
79,2025,2025-10-18T12:00:00+00:00,-0.6363376383658824,0.4622176613836855,down,flat,2,-0.002198317933606252
79,2025,2025-10-18T12:00:00+00:00,-0.6363376383658824,0.4622176613836855,down,flat,3,-0.0012202248494780346
79,2025,2025-10-18T12:00:00+00:00,-0.6363376383658824,0.4622176613836855,down,flat,6,0.004362069333797015
79,2025,2025-10-18T12:00:00+00:00,-0.6363376383658824,0.4622176613836855,down,flat,12,0.034520841096624566
80,2025,2025-11-05T16:00:00+00:00,-0.5977111700416651,2.106210810901131,down,expanding,2,0.0005122199052717278
80,2025,2025-11-05T16:00:00+00:00,-0.5977111700416651,2.106210810901131,down,expanding,3,-0.001880955341984846
80,2025,2025-11-05T16:00:00+00:00,-0.5977111700416651,2.106210810901131,down,expanding,6,-0.017522106310428276
80,2025,2025-11-05T16:00:00+00:00,-0.5977111700416651,2.106210810901131,down,expanding,12,-0.029250246075564812
81,2025,2025-11-18T16:00:00+00:00,-0.4296195047536453,1.717076395926862,flat,expanding,2,-0.00045398831773935024
81,2025,2025-11-18T16:00:00+00:00,-0.4296195047536453,1.717076395926862,flat,expanding,3,-0.012146150956677593
81,2025,2025-11-18T16:00:00+00:00,-0.4296195047536453,1.717076395926862,flat,expanding,6,-0.03284153283658087
81,2025,2025-11-18T16:00:00+00:00,-0.4296195047536453,1.717076395926862,flat,expanding,12,-0.033722169064504315
82,2025,2025-11-21T20:00:00+00:00,-0.491523508454075,2.2648235119596953,flat,expanding,2,0.0017453024784671598
82,2025,2025-11-21T20:00:00+00:00,-0.491523508454075,2.2648235119596953,flat,expanding,3,0.003402839116344648
82,2025,2025-11-21T20:00:00+00:00,-0.491523508454075,2.2648235119596953,flat,expanding,6,0.0037556505041603802
82,2025,2025-11-21T20:00:00+00:00,-0.491523508454075,2.2648235119596953,flat,expanding,12,0.035999595056602884
83,2025,2025-12-02T00:00:00+00:00,-0.6981539017027298,3.467572837395135,down,expanding,2,0.007421179748605789
83,2025,2025-12-02T00:00:00+00:00,-0.6981539017027298,3.467572837395135,down,expanding,3,0.011550238445374839
83,2025,2025-12-02T00:00:00+00:00,-0.6981539017027298,3.467572837395135,down,expanding,6,0.05685259974357393
83,2025,2025-12-02T00:00:00+00:00,-0.6981539017027298,3.467572837395135,down,expanding,12,0.08179372287581732
84,2025,2025-12-16T12:00:00+00:00,-0.6114499752705544,1.559732962778872,down,expanding,2,0.0027164173049590854
84,2025,2025-12-16T12:00:00+00:00,-0.6114499752705544,1.559732962778872,down,expanding,3,0.0058984635370528124
84,2025,2025-12-16T12:00:00+00:00,-0.6114499752705544,1.559732962778872,down,expanding,6,-0.00418811993290069
84,2025,2025-12-16T12:00:00+00:00,-0.6114499752705544,1.559732962778872,down,expanding,12,-0.0005526089066124609
85,2026,2026-01-26T08:00:00+00:00,-0.5006862433131826,3.0016430579891744,down,expanding,2,-0.005082129402695256
85,2026,2026-01-26T08:00:00+00:00,-0.5006862433131826,3.0016430579891744,down,expanding,3,-0.0008573874008189755
85,2026,2026-01-26T08:00:00+00:00,-0.5006862433131826,3.0016430579891744,down,expanding,6,0.0026337235729195782
85,2026,2026-01-26T08:00:00+00:00,-0.5006862433131826,3.0016430579891744,down,expanding,12,0.011882974487458342
86,2026,2026-02-04T04:00:00+00:00,-0.5089622343395431,-1.9061187686901568,down,contracting,2,-0.009877917165429073
86,2026,2026-02-04T04:00:00+00:00,-0.5089622343395431,-1.9061187686901568,down,contracting,3,-0.03439962348514969
86,2026,2026-02-04T04:00:00+00:00,-0.5089622343395431,-1.9061187686901568,down,contracting,6,-0.07238266793066894
86,2026,2026-02-04T04:00:00+00:00,-0.5089622343395431,-1.9061187686901568,down,contracting,12,-0.16436556660999857
87,2026,2026-02-06T12:00:00+00:00,-0.7685066885736389,2.998600033244353,down,expanding,2,0.06053457563199982
87,2026,2026-02-06T12:00:00+00:00,-0.7685066885736389,2.998600033244353,down,expanding,3,0.05826552258007178
87,2026,2026-02-06T12:00:00+00:00,-0.7685066885736389,2.998600033244353,down,expanding,6,0.01913062325645043
87,2026,2026-02-06T12:00:00+00:00,-0.7685066885736389,2.998600033244353,down,expanding,12,0.06456481246356816
88,2026,2026-02-28T16:00:00+00:00,0.13100890363592416,-0.5963011229861179,flat,contracting,2,0.03188173239316938
88,2026,2026-02-28T16:00:00+00:00,0.13100890363592416,-0.5963011229861179,flat,contracting,3,0.040038587058191744
88,2026,2026-02-28T16:00:00+00:00,0.13100890363592416,-0.5963011229861179,flat,contracting,6,0.0298638786129245
88,2026,2026-02-28T16:00:00+00:00,0.13100890363592416,-0.5963011229861179,flat,contracting,12,0.06514670895050167
89,2026,2026-03-28T16:00:00+00:00,-0.6567098001322023,2.3144288966868856,down,expanding,2,-0.01051847737787348
89,2026,2026-03-28T16:00:00+00:00,-0.6567098001322023,2.3144288966868856,down,expanding,3,-0.002535777405986538
89,2026,2026-03-28T16:00:00+00:00,-0.6567098001322023,2.3144288966868856,down,expanding,6,-0.00834030571102684
89,2026,2026-03-28T16:00:00+00:00,-0.6567098001322023,2.3144288966868856,down,expanding,12,0.008169301403329166
90,2026,2026-04-29T04:00:00+00:00,-0.16717816024824766,0.6384755358641115,flat,expanding,2,0.006731304347035284
90,2026,2026-04-29T04:00:00+00:00,-0.16717816024824766,0.6384755358641115,flat,expanding,3,-0.014903931396898717
90,2026,2026-04-29T04:00:00+00:00,-0.16717816024824766,0.6384755358641115,flat,expanding,6,-0.014853928000564287
90,2026,2026-04-29T04:00:00+00:00,-0.16717816024824766,0.6384755358641115,flat,expanding,12,0.0007703799881472193
91,2026,2026-05-23T20:00:00+00:00,-0.3475534302722893,2.0814813459547947,flat,expanding,2,0.009088512695856754
91,2026,2026-05-23T20:00:00+00:00,-0.3475534302722893,2.0814813459547947,flat,expanding,3,0.009746287513925922
91,2026,2026-05-23T20:00:00+00:00,-0.3475534302722893,2.0814813459547947,flat,expanding,6,0.009395421634579626
91,2026,2026-05-23T20:00:00+00:00,-0.3475534302722893,2.0814813459547947,flat,expanding,12,0.01819365335477674
92,2026,2026-06-06T00:00:00+00:00,-0.8172435339237673,-1.0387397847875328,down,contracting,2,-0.0018438090181106528
92,2026,2026-06-06T00:00:00+00:00,-0.8172435339237673,-1.0387397847875328,down,contracting,3,-0.005153040619609971
92,2026,2026-06-06T00:00:00+00:00,-0.8172435339237673,-1.0387397847875328,down,contracting,6,-0.0038146075264422477
92,2026,2026-06-06T00:00:00+00:00,-0.8172435339237673,-1.0387397847875328,down,contracting,12,0.03626943270713168
93,2026,2026-06-19T16:00:00+00:00,-0.3186487666769664,1.4554950788033596,flat,expanding,2,0.004218621631502218
93,2026,2026-06-19T16:00:00+00:00,-0.3186487666769664,1.4554950788033596,flat,expanding,3,0.003156989882464268
93,2026,2026-06-19T16:00:00+00:00,-0.3186487666769664,1.4554950788033596,flat,expanding,6,0.013965511600988356
93,2026,2026-06-19T16:00:00+00:00,-0.3186487666769664,1.4554950788033596,flat,expanding,12,0.01497731262421087
94,2026,2026-07-14T12:00:00+00:00,-0.3689333895250295,1.4660400418201944,flat,expanding,2,0.02644212386699396
94,2026,2026-07-14T12:00:00+00:00,-0.3689333895250295,1.4660400418201944,flat,expanding,3,0.033990856073013886
94,2026,2026-07-14T12:00:00+00:00,-0.3689333895250295,1.4660400418201944,flat,expanding,6,0.0290288057966116
94,2026,2026-07-14T12:00:00+00:00,-0.3689333895250295,1.4660400418201944,flat,expanding,12,0.021460501624711914
95,2026,2026-09-11T08:00:00+00:00,-0.427212367283605,1.3120915492320335,flat,expanding,2,0.005494179128248234
95,2026,2026-09-11T08:00:00+00:00,-0.427212367283605,1.3120915492320335,flat,expanding,3,-0.00028396350156090124
95,2026,2026-09-11T08:00:00+00:00,-0.427212367283605,1.3120915492320335,flat,expanding,6,-0.0004970911826515092
95,2026,2026-09-11T08:00:00+00:00,-0.427212367283605,1.3120915492320335,flat,expanding,12,-0.0023299115507173776
