event_id,year_x,entry_time,below_lower_streak,category,horizon,gross_return,net_return,year_y,reentry_vol_z,confirmation_vol_z,entry_vol_z,volume_trajectory,volume_anchor
1,2020,2020-03-01T12:00:00+00:00,1,1_bar,2,-0.0122811196865655,-0.0132811196865655,2020,-0.8734197052487939,-0.865192714340052,0.1931205189122384,other,0
1,2020,2020-03-01T12:00:00+00:00,1,1_bar,3,-0.0135439240837151,-0.0145439240837151,2020,-0.8734197052487939,-0.865192714340052,0.1931205189122384,other,0
1,2020,2020-03-01T12:00:00+00:00,1,1_bar,6,0.0128327292996059,0.0118327292996059,2020,-0.8734197052487939,-0.865192714340052,0.1931205189122384,other,0
1,2020,2020-03-01T12:00:00+00:00,1,1_bar,12,0.0244038106163457,0.0234038106163457,2020,-0.8734197052487939,-0.865192714340052,0.1931205189122384,other,0
2,2020,2020-03-09T20:00:00+00:00,6,3plus_bars,2,0.0084480568831579,0.0074480568831579,2020,2.3283068050883715,0.4967498117809505,-0.5662756198021682,sharply_decreases,1
2,2020,2020-03-09T20:00:00+00:00,6,3plus_bars,3,0.0075044248690392,0.0065044248690392,2020,2.3283068050883715,0.4967498117809505,-0.5662756198021682,sharply_decreases,1
2,2020,2020-03-09T20:00:00+00:00,6,3plus_bars,6,0.0174571922611972,0.0164571922611972,2020,2.3283068050883715,0.4967498117809505,-0.5662756198021682,sharply_decreases,1
2,2020,2020-03-09T20:00:00+00:00,6,3plus_bars,12,-0.0017610213668892,-0.0027610213668892,2020,2.3283068050883715,0.4967498117809505,-0.5662756198021682,sharply_decreases,1
3,2020,2020-03-14T00:00:00+00:00,7,3plus_bars,2,-0.0135292904475391,-0.0145292904475391,2020,0.7895903015886051,-0.0734296830774433,-0.4383163607426485,sharply_decreases,0
3,2020,2020-03-14T00:00:00+00:00,7,3plus_bars,3,-0.0229230369168139,-0.0239230369168139,2020,0.7895903015886051,-0.0734296830774433,-0.4383163607426485,sharply_decreases,0
3,2020,2020-03-14T00:00:00+00:00,7,3plus_bars,6,-0.0723756063880346,-0.0733756063880346,2020,0.7895903015886051,-0.0734296830774433,-0.4383163607426485,sharply_decreases,0
3,2020,2020-03-14T00:00:00+00:00,7,3plus_bars,12,-0.0386868840846119,-0.0396868840846119,2020,0.7895903015886051,-0.0734296830774433,-0.4383163607426485,sharply_decreases,0
4,2020,2020-06-12T08:00:00+00:00,3,3plus_bars,2,-0.0022776678376351,-0.0032776678376351,2020,-0.231611048664287,-0.2408988154274739,-0.1424365322259896,other,0
4,2020,2020-06-12T08:00:00+00:00,3,3plus_bars,3,-0.0008867013860931,-0.0018867013860931,2020,-0.231611048664287,-0.2408988154274739,-0.1424365322259896,other,0
4,2020,2020-06-12T08:00:00+00:00,3,3plus_bars,6,-0.0001896290897378,-0.0011896290897378,2020,-0.231611048664287,-0.2408988154274739,-0.1424365322259896,other,0
4,2020,2020-06-12T08:00:00+00:00,3,3plus_bars,12,-0.0026410353112671,-0.0036410353112671,2020,-0.231611048664287,-0.2408988154274739,-0.1424365322259896,other,0
5,2020,2020-06-25T12:00:00+00:00,1,1_bar,2,0.0033060387065824,0.0023060387065824,2020,0.1891554839284756,0.021590314004476,-0.2156016134075981,other,0
5,2020,2020-06-25T12:00:00+00:00,1,1_bar,3,-0.0006806550278259,-0.0016806550278259,2020,0.1891554839284756,0.021590314004476,-0.2156016134075981,other,0
5,2020,2020-06-25T12:00:00+00:00,1,1_bar,6,-0.0071749683171292,-0.0081749683171292,2020,0.1891554839284756,0.021590314004476,-0.2156016134075981,other,0
5,2020,2020-06-25T12:00:00+00:00,1,1_bar,12,-0.0103524388517891,-0.0113524388517891,2020,0.1891554839284756,0.021590314004476,-0.2156016134075981,other,0
6,2020,2020-07-03T08:00:00+00:00,1,1_bar,2,-0.0005348562642432,-0.0015348562642432,2020,1.7076629655636648,-0.7945828920317072,0.4217644078338443,sharply_decreases,1
6,2020,2020-07-03T08:00:00+00:00,1,1_bar,3,-0.0021471129293538,-0.0031471129293538,2020,1.7076629655636648,-0.7945828920317072,0.4217644078338443,sharply_decreases,1
6,2020,2020-07-03T08:00:00+00:00,1,1_bar,6,-0.003476016583839,-0.004476016583839,2020,1.7076629655636648,-0.7945828920317072,0.4217644078338443,sharply_decreases,1
6,2020,2020-07-03T08:00:00+00:00,1,1_bar,12,-0.0047313363169599,-0.0057313363169599,2020,1.7076629655636648,-0.7945828920317072,0.4217644078338443,sharply_decreases,1
7,2020,2020-07-17T12:00:00+00:00,2,2_bars,2,0.0028252791358278,0.0018252791358278,2020,-0.0674880512145656,-0.5529478683392446,-0.0338294342108707,other,0
7,2020,2020-07-17T12:00:00+00:00,2,2_bars,3,0.0016840064252667,0.0006840064252667,2020,-0.0674880512145656,-0.5529478683392446,-0.0338294342108707,other,0
7,2020,2020-07-17T12:00:00+00:00,2,2_bars,6,0.0022967702967089,0.0012967702967089,2020,-0.0674880512145656,-0.5529478683392446,-0.0338294342108707,other,0
7,2020,2020-07-17T12:00:00+00:00,2,2_bars,12,-0.0015877149597545,-0.0025877149597545,2020,-0.0674880512145656,-0.5529478683392446,-0.0338294342108707,other,0
8,2020,2020-08-12T16:00:00+00:00,2,2_bars,2,-0.0014851220131347,-0.0024851220131347,2020,1.2551685701228488,0.0256827493840764,-0.5804158779788339,sharply_decreases,1
8,2020,2020-08-12T16:00:00+00:00,2,2_bars,3,-0.0012373138632687,-0.0022373138632687,2020,1.2551685701228488,0.0256827493840764,-0.5804158779788339,sharply_decreases,1
8,2020,2020-08-12T16:00:00+00:00,2,2_bars,6,-0.0070586467775443,-0.0080586467775443,2020,1.2551685701228488,0.0256827493840764,-0.5804158779788339,sharply_decreases,1
8,2020,2020-08-12T16:00:00+00:00,2,2_bars,12,0.0137123387736,0.0127123387736,2020,1.2551685701228488,0.0256827493840764,-0.5804158779788339,sharply_decreases,1
9,2020,2020-08-23T00:00:00+00:00,2,2_bars,2,-0.0040339486140965,-0.0050339486140965,2020,-0.9711892548211284,-1.3238297269327632,-1.019978880899859,other,0
9,2020,2020-08-23T00:00:00+00:00,2,2_bars,3,-0.0117434631598891,-0.0127434631598891,2020,-0.9711892548211284,-1.3238297269327632,-1.019978880899859,other,0
9,2020,2020-08-23T00:00:00+00:00,2,2_bars,6,-0.0013194998761092,-0.0023194998761092,2020,-0.9711892548211284,-1.3238297269327632,-1.019978880899859,other,0
9,2020,2020-08-23T00:00:00+00:00,2,2_bars,12,0.0072602501305354,0.0062602501305354,2020,-0.9711892548211284,-1.3238297269327632,-1.019978880899859,other,0
10,2020,2020-09-04T12:00:00+00:00,4,3plus_bars,2,0.014162601750824,0.013162601750824,2020,-0.4595306890098964,0.0827467960837206,0.9667956566250752,increasing,0
10,2020,2020-09-04T12:00:00+00:00,4,3plus_bars,3,0.0022768006201954,0.0012768006201954,2020,-0.4595306890098964,0.0827467960837206,0.9667956566250752,increasing,0
10,2020,2020-09-04T12:00:00+00:00,4,3plus_bars,6,-0.0188889059459709,-0.0198889059459709,2020,-0.4595306890098964,0.0827467960837206,0.9667956566250752,increasing,0
10,2020,2020-09-04T12:00:00+00:00,4,3plus_bars,12,-0.0149867786293527,-0.0159867786293527,2020,-0.4595306890098964,0.0827467960837206,0.9667956566250752,increasing,0
11,2020,2020-09-22T20:00:00+00:00,4,3plus_bars,2,-0.0015230680958217,-0.0025230680958217,2020,-0.4267664192345452,-0.3595291964827047,-0.4620994002596478,other,0
11,2020,2020-09-22T20:00:00+00:00,4,3plus_bars,3,-0.0060379451733609,-0.0070379451733609,2020,-0.4267664192345452,-0.3595291964827047,-0.4620994002596478,other,0
11,2020,2020-09-22T20:00:00+00:00,4,3plus_bars,6,-0.0189649618089244,-0.0199649618089244,2020,-0.4267664192345452,-0.3595291964827047,-0.4620994002596478,other,0
11,2020,2020-09-22T20:00:00+00:00,4,3plus_bars,12,0.0154298807279467,0.0144298807279467,2020,-0.4267664192345452,-0.3595291964827047,-0.4620994002596478,other,0
12,2020,2020-12-10T00:00:00+00:00,3,3plus_bars,2,-0.0110768991801541,-0.0120768991801542,2020,2.7107136182976364,0.1014926824721611,-0.7045669058657641,sharply_decreases,1
12,2020,2020-12-10T00:00:00+00:00,3,3plus_bars,3,-0.0188115282162136,-0.0198115282162136,2020,2.7107136182976364,0.1014926824721611,-0.7045669058657641,sharply_decreases,1
12,2020,2020-12-10T00:00:00+00:00,3,3plus_bars,6,-0.0154509206209492,-0.0164509206209492,2020,2.7107136182976364,0.1014926824721611,-0.7045669058657641,sharply_decreases,1
12,2020,2020-12-10T00:00:00+00:00,3,3plus_bars,12,-0.0272235642719574,-0.0282235642719574,2020,2.7107136182976364,0.1014926824721611,-0.7045669058657641,sharply_decreases,1
13,2021,2021-02-27T04:00:00+00:00,1,1_bar,2,-0.0025953612872384,-0.0035953612872384,2021,-0.0714477558776487,-0.5386612757707792,-1.3308421387021003,other,0
13,2021,2021-02-27T04:00:00+00:00,1,1_bar,3,-0.0188568559563941,-0.0198568559563941,2021,-0.0714477558776487,-0.5386612757707792,-1.3308421387021003,other,0
13,2021,2021-02-27T04:00:00+00:00,1,1_bar,6,-0.0588399274867696,-0.0598399274867696,2021,-0.0714477558776487,-0.5386612757707792,-1.3308421387021003,other,0
13,2021,2021-02-27T04:00:00+00:00,1,1_bar,12,-0.0229147965325737,-0.0239147965325737,2021,-0.0714477558776487,-0.5386612757707792,-1.3308421387021003,other,0
14,2021,2021-04-19T04:00:00+00:00,3,3plus_bars,2,0.0013415534385745,0.0003415534385745,2021,0.612017621601747,-0.5998424291323361,-0.6323572071205015,sharply_decreases,0
14,2021,2021-04-19T04:00:00+00:00,3,3plus_bars,3,-0.0429430361435643,-0.0439430361435643,2021,0.612017621601747,-0.5998424291323361,-0.6323572071205015,sharply_decreases,0
14,2021,2021-04-19T04:00:00+00:00,3,3plus_bars,6,-0.0397463480323825,-0.0407463480323825,2021,0.612017621601747,-0.5998424291323361,-0.6323572071205015,sharply_decreases,0
14,2021,2021-04-19T04:00:00+00:00,3,3plus_bars,12,-0.0320229910452053,-0.0330229910452053,2021,0.612017621601747,-0.5998424291323361,-0.6323572071205015,sharply_decreases,0
15,2021,2021-04-22T12:00:00+00:00,1,1_bar,2,-0.0354147867292012,-0.0364147867292012,2021,2.3429765966193496,0.7074944394328175,-0.031182129173336,sharply_decreases,1
15,2021,2021-04-22T12:00:00+00:00,1,1_bar,3,-0.0578799900777576,-0.0588799900777576,2021,2.3429765966193496,0.7074944394328175,-0.031182129173336,sharply_decreases,1
15,2021,2021-04-22T12:00:00+00:00,1,1_bar,6,-0.0874168870951249,-0.0884168870951249,2021,2.3429765966193496,0.7074944394328175,-0.031182129173336,sharply_decreases,1
15,2021,2021-04-22T12:00:00+00:00,1,1_bar,12,-0.1056108239197486,-0.1066108239197486,2021,2.3429765966193496,0.7074944394328175,-0.031182129173336,sharply_decreases,1
16,2021,2021-04-24T00:00:00+00:00,4,3plus_bars,2,-0.0256620158339098,-0.0266620158339098,2021,0.9935379091030822,-0.7229215576495418,-0.718682533198779,sharply_decreases,0
16,2021,2021-04-24T00:00:00+00:00,4,3plus_bars,3,-0.039882951781393,-0.040882951781393,2021,0.9935379091030822,-0.7229215576495418,-0.718682533198779,sharply_decreases,0
16,2021,2021-04-24T00:00:00+00:00,4,3plus_bars,6,-0.0207925720242548,-0.0217925720242548,2021,0.9935379091030822,-0.7229215576495418,-0.718682533198779,sharply_decreases,0
16,2021,2021-04-24T00:00:00+00:00,4,3plus_bars,12,-0.03998782247739,-0.04098782247739,2021,0.9935379091030822,-0.7229215576495418,-0.718682533198779,sharply_decreases,0
17,2021,2021-05-16T08:00:00+00:00,1,1_bar,2,-0.0333774309735559,-0.0343774309735559,2021,-0.6477282313103706,-0.8140145296726345,-0.903758387509314,other,0
17,2021,2021-05-16T08:00:00+00:00,1,1_bar,3,-0.0774079660915341,-0.0784079660915341,2021,-0.6477282313103706,-0.8140145296726345,-0.903758387509314,other,0
17,2021,2021-05-16T08:00:00+00:00,1,1_bar,6,-0.0857109063482779,-0.0867109063482779,2021,-0.6477282313103706,-0.8140145296726345,-0.903758387509314,other,0
17,2021,2021-05-16T08:00:00+00:00,1,1_bar,12,-0.0851152641564766,-0.0861152641564766,2021,-0.6477282313103706,-0.8140145296726345,-0.903758387509314,other,0
18,2021,2021-05-24T00:00:00+00:00,1,1_bar,2,0.0566398050369303,0.0556398050369303,2021,1.8733089392182607,-0.5793106566263132,-0.4573229231830322,sharply_decreases,1
18,2021,2021-05-24T00:00:00+00:00,1,1_bar,3,0.0841536568262448,0.0831536568262448,2021,1.8733089392182607,-0.5793106566263132,-0.4573229231830322,sharply_decreases,1
18,2021,2021-05-24T00:00:00+00:00,1,1_bar,6,0.1190708920967524,0.1180708920967524,2021,1.8733089392182607,-0.5793106566263132,-0.4573229231830322,sharply_decreases,1
18,2021,2021-05-24T00:00:00+00:00,1,1_bar,12,0.1050498479878574,0.1040498479878574,2021,1.8733089392182607,-0.5793106566263132,-0.4573229231830322,sharply_decreases,1
19,2021,2021-09-11T12:00:00+00:00,1,1_bar,2,-0.0042828907394204,-0.0052828907394204,2021,-1.0487381386667425,-0.952689841866698,-0.9563698456251642,other,0
19,2021,2021-09-11T12:00:00+00:00,1,1_bar,3,-0.0083853429473558,-0.0093853429473558,2021,-1.0487381386667425,-0.952689841866698,-0.9563698456251642,other,0
19,2021,2021-09-11T12:00:00+00:00,1,1_bar,6,0.0116391633271637,0.0106391633271637,2021,-1.0487381386667425,-0.952689841866698,-0.9563698456251642,other,0
19,2021,2021-09-11T12:00:00+00:00,1,1_bar,12,-0.0152876655556453,-0.0162876655556453,2021,-1.0487381386667425,-0.952689841866698,-0.9563698456251642,other,0
20,2021,2021-11-19T16:00:00+00:00,2,2_bars,2,0.0029218511068622,0.0019218511068622,2021,-0.1095044464667307,0.3073932549863643,-0.2965124107290574,other,0
20,2021,2021-11-19T16:00:00+00:00,2,2_bars,3,0.0107991368153239,0.0097991368153239,2021,-0.1095044464667307,0.3073932549863643,-0.2965124107290574,other,0
20,2021,2021-11-19T16:00:00+00:00,2,2_bars,6,-0.0051751694134669,-0.0061751694134669,2021,-0.1095044464667307,0.3073932549863643,-0.2965124107290574,other,0
20,2021,2021-11-19T16:00:00+00:00,2,2_bars,12,0.0226523788366355,0.0216523788366355,2021,-0.1095044464667307,0.3073932549863643,-0.2965124107290574,other,0
21,2021,2021-12-04T20:00:00+00:00,5,3plus_bars,2,-0.0016083251996599,-0.0026083251996599,2021,0.2007562652846421,-0.1417934009020469,-0.3294839453503169,other,0
21,2021,2021-12-04T20:00:00+00:00,5,3plus_bars,3,0.0007955331564535,-0.0002044668435464,2021,0.2007562652846421,-0.1417934009020469,-0.3294839453503169,other,0
21,2021,2021-12-04T20:00:00+00:00,5,3plus_bars,6,-0.0070568542247418,-0.0080568542247418,2021,0.2007562652846421,-0.1417934009020469,-0.3294839453503169,other,0
21,2021,2021-12-04T20:00:00+00:00,5,3plus_bars,12,-0.0029845691339226,-0.0039845691339226,2021,0.2007562652846421,-0.1417934009020469,-0.3294839453503169,other,0
22,2021,2021-12-14T12:00:00+00:00,1,1_bar,2,-0.0159303238124918,-0.0169303238124918,2021,0.5698606806352943,0.5495266709927364,0.7274265877270623,other,0
22,2021,2021-12-14T12:00:00+00:00,1,1_bar,3,0.0150984953375814,0.0140984953375814,2021,0.5698606806352943,0.5495266709927364,0.7274265877270623,other,0
22,2021,2021-12-14T12:00:00+00:00,1,1_bar,6,0.0108057899965958,0.0098057899965958,2021,0.5698606806352943,0.5495266709927364,0.7274265877270623,other,0
22,2021,2021-12-14T12:00:00+00:00,1,1_bar,12,0.0333865415150871,0.0323865415150871,2021,0.5698606806352943,0.5495266709927364,0.7274265877270623,other,0
23,2021,2022-01-01T04:00:00+00:00,1,1_bar,2,-0.0011607834626166,-0.0021607834626166,2021,-0.1811860099119027,-1.00116864488203,-0.9448109655146736,other,0
23,2021,2022-01-01T04:00:00+00:00,1,1_bar,3,0.0086691342037856,0.0076691342037856,2021,-0.1811860099119027,-1.00116864488203,-0.9448109655146736,other,0
23,2021,2022-01-01T04:00:00+00:00,1,1_bar,6,0.011028083739611,0.010028083739611,2021,-0.1811860099119027,-1.00116864488203,-0.9448109655146736,other,0
23,2021,2022-01-01T04:00:00+00:00,1,1_bar,12,-0.0004259481458332,-0.0014259481458332,2021,-0.1811860099119027,-1.00116864488203,-0.9448109655146736,other,0
24,2022,2022-01-06T20:00:00+00:00,5,3plus_bars,2,-0.0376397591884177,-0.0386397591884177,2022,0.1074192960558818,-0.3691438503081418,-0.8914820879753593,other,0
24,2022,2022-01-06T20:00:00+00:00,5,3plus_bars,3,-0.0398590085986706,-0.0408590085986706,2022,0.1074192960558818,-0.3691438503081418,-0.8914820879753593,other,0
24,2022,2022-01-06T20:00:00+00:00,5,3plus_bars,6,-0.038278138712757,-0.039278138712757,2022,0.1074192960558818,-0.3691438503081418,-0.8914820879753593,other,0
24,2022,2022-01-06T20:00:00+00:00,5,3plus_bars,12,-0.0600175744294584,-0.0610175744294584,2022,0.1074192960558818,-0.3691438503081418,-0.8914820879753593,other,0
25,2022,2022-02-12T20:00:00+00:00,2,2_bars,2,-0.0101372470932883,-0.0111372470932883,2022,-0.6541437468071803,-0.2729703843565951,-0.5848889429501325,other,0
25,2022,2022-02-12T20:00:00+00:00,2,2_bars,3,-0.0058618265655974,-0.0068618265655974,2022,-0.6541437468071803,-0.2729703843565951,-0.5848889429501325,other,0
25,2022,2022-02-12T20:00:00+00:00,2,2_bars,6,-0.0147975492276936,-0.0157975492276936,2022,-0.6541437468071803,-0.2729703843565951,-0.5848889429501325,other,0
25,2022,2022-02-12T20:00:00+00:00,2,2_bars,12,-0.0127315647687534,-0.0137315647687534,2022,-0.6541437468071803,-0.2729703843565951,-0.5848889429501325,other,0
26,2022,2022-02-22T12:00:00+00:00,2,2_bars,2,0.0145484464466048,0.0135484464466048,2022,0.4402601604137931,0.3878438721569043,0.9240305584910664,other,0
26,2022,2022-02-22T12:00:00+00:00,2,2_bars,3,0.0189464296803765,0.0179464296803765,2022,0.4402601604137931,0.3878438721569043,0.9240305584910664,other,0
26,2022,2022-02-22T12:00:00+00:00,2,2_bars,6,0.0336742496629083,0.0326742496629083,2022,0.4402601604137931,0.3878438721569043,0.9240305584910664,other,0
26,2022,2022-02-22T12:00:00+00:00,2,2_bars,12,-0.0553643215109381,-0.0563643215109381,2022,0.4402601604137931,0.3878438721569043,0.9240305584910664,other,0
27,2022,2022-02-24T20:00:00+00:00,2,2_bars,2,0.0435219839142091,0.0425219839142091,2022,1.4774172236762506,0.8257793753496145,1.0729180287159952,other,1
27,2022,2022-02-24T20:00:00+00:00,2,2_bars,3,0.0312667560321715,0.0302667560321715,2022,1.4774172236762506,0.8257793753496145,1.0729180287159952,other,1
27,2022,2022-02-24T20:00:00+00:00,2,2_bars,6,0.0368935656836459,0.0358935656836459,2022,1.4774172236762506,0.8257793753496145,1.0729180287159952,other,1
27,2022,2022-02-24T20:00:00+00:00,2,2_bars,12,0.0523892761394102,0.0513892761394102,2022,1.4774172236762506,0.8257793753496145,1.0729180287159952,other,1
28,2022,2022-03-05T20:00:00+00:00,4,3plus_bars,2,-0.0033773134711393,-0.0043773134711393,2022,-1.0277728771489516,-0.7854069155916917,-1.3814355254142412,other,0
28,2022,2022-03-05T20:00:00+00:00,4,3plus_bars,3,-0.0011703184914633,-0.0021703184914633,2022,-1.0277728771489516,-0.7854069155916917,-1.3814355254142412,other,0
28,2022,2022-03-05T20:00:00+00:00,4,3plus_bars,6,-0.0193504491461746,-0.0203504491461746,2022,-1.0277728771489516,-0.7854069155916917,-1.3814355254142412,other,0
28,2022,2022-03-05T20:00:00+00:00,4,3plus_bars,12,-0.0538820719633024,-0.0548820719633024,2022,-1.0277728771489516,-0.7854069155916917,-1.3814355254142412,other,0
29,2022,2022-03-08T04:00:00+00:00,1,1_bar,2,0.0074035004661914,0.0064035004661914,2022,0.9685262111609696,0.1540966614006522,0.0333133306482919,other,0
29,2022,2022-03-08T04:00:00+00:00,1,1_bar,3,-0.0009876846934198,-0.0019876846934198,2022,0.9685262111609696,0.1540966614006522,0.0333133306482919,other,0
29,2022,2022-03-08T04:00:00+00:00,1,1_bar,6,0.0651523029437244,0.0641523029437244,2022,0.9685262111609696,0.1540966614006522,0.0333133306482919,other,0
29,2022,2022-03-08T04:00:00+00:00,1,1_bar,12,0.0535432606929402,0.0525432606929402,2022,0.9685262111609696,0.1540966614006522,0.0333133306482919,other,0
30,2022,2022-04-25T20:00:00+00:00,1,1_bar,2,0.0076893092474066,0.0066893092474066,2022,0.954503636686619,2.0171660478025326,-0.2547446577984834,other,0
30,2022,2022-04-25T20:00:00+00:00,1,1_bar,3,0.0089126479951513,0.0079126479951513,2022,0.954503636686619,2.0171660478025326,-0.2547446577984834,other,0
30,2022,2022-04-25T20:00:00+00:00,1,1_bar,6,-0.0486240484383476,-0.0496240484383476,2022,0.954503636686619,2.0171660478025326,-0.2547446577984834,other,0
30,2022,2022-04-25T20:00:00+00:00,1,1_bar,12,-0.0340006632529525,-0.0350006632529525,2022,0.954503636686619,2.0171660478025326,-0.2547446577984834,other,0
31,2022,2022-05-01T16:00:00+00:00,1,1_bar,2,-0.0005627434235533,-0.0015627434235533,2022,-0.1757539000208784,-0.319689216049193,0.0563017736834748,other,0
31,2022,2022-05-01T16:00:00+00:00,1,1_bar,3,0.0047830592925279,0.0037830592925279,2022,-0.1757539000208784,-0.319689216049193,0.0563017736834748,other,0
31,2022,2022-05-01T16:00:00+00:00,1,1_bar,6,0.0053530773309748,0.0043530773309748,2022,-0.1757539000208784,-0.319689216049193,0.0563017736834748,other,0
31,2022,2022-05-01T16:00:00+00:00,1,1_bar,12,-0.0042514927899472,-0.0052514927899472,2022,-0.1757539000208784,-0.319689216049193,0.0563017736834748,other,0
32,2022,2022-05-12T16:00:00+00:00,1,1_bar,2,0.0002921995805833,-0.0007078004194166,2022,2.1873411430371106,-0.0814281984725184,-0.6890480271026792,sharply_decreases,1
32,2022,2022-05-12T16:00:00+00:00,1,1_bar,3,0.0537978020251361,0.0527978020251361,2022,2.1873411430371106,-0.0814281984725184,-0.6890480271026792,sharply_decreases,1
32,2022,2022-05-12T16:00:00+00:00,1,1_bar,6,0.0454404805304802,0.0444404805304802,2022,2.1873411430371106,-0.0814281984725184,-0.6890480271026792,sharply_decreases,1
32,2022,2022-05-12T16:00:00+00:00,1,1_bar,12,-0.0070021081097099,-0.0080021081097099,2022,2.1873411430371106,-0.0814281984725184,-0.6890480271026792,sharply_decreases,1
33,2022,2022-06-14T08:00:00+00:00,7,3plus_bars,2,-0.0086171927726431,-0.0096171927726431,2022,2.146833421994625,0.95907014424284,-0.2486991456969972,sharply_decreases,1
33,2022,2022-06-14T08:00:00+00:00,7,3plus_bars,3,-0.030011557196759,-0.031011557196759,2022,2.146833421994625,0.95907014424284,-0.2486991456969972,sharply_decreases,1
33,2022,2022-06-14T08:00:00+00:00,7,3plus_bars,6,-0.0941797887183576,-0.0951797887183576,2022,2.146833421994625,0.95907014424284,-0.2486991456969972,sharply_decreases,1
33,2022,2022-06-14T08:00:00+00:00,7,3plus_bars,12,-0.0486652399385947,-0.0496652399385947,2022,2.146833421994625,0.95907014424284,-0.2486991456969972,sharply_decreases,1
34,2022,2022-06-19T12:00:00+00:00,4,3plus_bars,2,0.0219159689810684,0.0209159689810684,2022,2.2932534027918736,1.0580007613548563,-0.1156990704503651,sharply_decreases,1
34,2022,2022-06-19T12:00:00+00:00,4,3plus_bars,3,0.0447637652729542,0.0437637652729542,2022,2.2932534027918736,1.0580007613548563,-0.1156990704503651,sharply_decreases,1
34,2022,2022-06-19T12:00:00+00:00,4,3plus_bars,6,0.0563311191220612,0.0553311191220612,2022,2.2932534027918736,1.0580007613548563,-0.1156990704503651,sharply_decreases,1
34,2022,2022-06-19T12:00:00+00:00,4,3plus_bars,12,0.064488035794356,0.063488035794356,2022,2.2932534027918736,1.0580007613548563,-0.1156990704503651,sharply_decreases,1
35,2022,2022-08-18T12:00:00+00:00,2,2_bars,2,-0.0080541572496125,-0.0090541572496125,2022,-1.3202966719406126,-1.002567852600688,0.2044804140857486,other,0
35,2022,2022-08-18T12:00:00+00:00,2,2_bars,3,-0.0145735418278666,-0.0155735418278666,2022,-1.3202966719406126,-1.002567852600688,0.2044804140857486,other,0
35,2022,2022-08-18T12:00:00+00:00,2,2_bars,6,-0.0878083726693189,-0.0888083726693189,2022,-1.3202966719406126,-1.002567852600688,0.2044804140857486,other,0
35,2022,2022-08-18T12:00:00+00:00,2,2_bars,12,-0.0977618748361442,-0.0987618748361442,2022,-1.3202966719406126,-1.002567852600688,0.2044804140857486,other,0
36,2022,2022-08-20T16:00:00+00:00,6,3plus_bars,2,-0.0075317480810309,-0.0085317480810309,2022,-0.1000633761896561,-0.8797850930624925,0.0796782330455513,decreases_then_reincreases,0
36,2022,2022-08-20T16:00:00+00:00,6,3plus_bars,3,-0.004245909720429,-0.005245909720429,2022,-0.1000633761896561,-0.8797850930624925,0.0796782330455513,decreases_then_reincreases,0
36,2022,2022-08-20T16:00:00+00:00,6,3plus_bars,6,0.0055632496889743,0.0045632496889743,2022,-0.1000633761896561,-0.8797850930624925,0.0796782330455513,decreases_then_reincreases,0
36,2022,2022-08-20T16:00:00+00:00,6,3plus_bars,12,0.004693317058285,0.003693317058285,2022,-0.1000633761896561,-0.8797850930624925,0.0796782330455513,decreases_then_reincreases,0
37,2022,2022-09-07T20:00:00+00:00,3,3plus_bars,2,0.0119010950186839,0.0109010950186839,2022,-0.1700334071590664,0.7088371008688455,0.2792246805657966,other,0
37,2022,2022-09-07T20:00:00+00:00,3,3plus_bars,3,0.0094369475742099,0.0084369475742099,2022,-0.1700334071590664,0.7088371008688455,0.2792246805657966,other,0
37,2022,2022-09-07T20:00:00+00:00,3,3plus_bars,6,0.0189555068693376,0.0179555068693376,2022,-0.1700334071590664,0.7088371008688455,0.2792246805657966,other,0
37,2022,2022-09-07T20:00:00+00:00,3,3plus_bars,12,0.1210617737544077,0.1200617737544077,2022,-0.1700334071590664,0.7088371008688455,0.2792246805657966,other,0
38,2022,2022-09-19T20:00:00+00:00,4,3plus_bars,2,-0.0077177321827536,-0.0087177321827536,2022,2.0809134067301494,0.7361794690100288,-0.112791790484632,sharply_decreases,1
38,2022,2022-09-19T20:00:00+00:00,4,3plus_bars,3,-0.0079903457888371,-0.0089903457888371,2022,2.0809134067301494,0.7361794690100288,-0.112791790484632,sharply_decreases,1
38,2022,2022-09-19T20:00:00+00:00,4,3plus_bars,6,-0.0267217701436857,-0.0277217701436857,2022,2.0809134067301494,0.7361794690100288,-0.112791790484632,sharply_decreases,1
38,2022,2022-09-19T20:00:00+00:00,4,3plus_bars,12,-0.026238547153955,-0.027238547153955,2022,2.0809134067301494,0.7361794690100288,-0.112791790484632,sharply_decreases,1
39,2022,2022-10-11T12:00:00+00:00,3,3plus_bars,2,-0.0081456931513944,-0.0091456931513944,2022,0.1847955192350386,0.1633439440598565,2.584015403345421,other,0
39,2022,2022-10-11T12:00:00+00:00,3,3plus_bars,3,-0.0048909661224371,-0.0058909661224371,2022,0.1847955192350386,0.1633439440598565,2.584015403345421,other,0
39,2022,2022-10-11T12:00:00+00:00,3,3plus_bars,6,-0.0020392947987019,-0.0030392947987019,2022,0.1847955192350386,0.1633439440598565,2.584015403345421,other,0
39,2022,2022-10-11T12:00:00+00:00,3,3plus_bars,12,-0.0208623094883072,-0.0218623094883072,2022,0.1847955192350386,0.1633439440598565,2.584015403345421,other,0
40,2022,2022-10-13T20:00:00+00:00,1,1_bar,2,0.0230723481848678,0.0220723481848678,2022,3.762395905032722,1.5709065971674316,-0.336376818556816,sharply_decreases,1
40,2022,2022-10-13T20:00:00+00:00,1,1_bar,3,0.014055799863087,0.013055799863087,2022,3.762395905032722,1.5709065971674316,-0.336376818556816,sharply_decreases,1
40,2022,2022-10-13T20:00:00+00:00,1,1_bar,6,-0.0104161396473091,-0.0114161396473091,2022,3.762395905032722,1.5709065971674316,-0.336376818556816,sharply_decreases,1
40,2022,2022-10-13T20:00:00+00:00,1,1_bar,12,-0.0137992167244708,-0.0147992167244708,2022,3.762395905032722,1.5709065971674316,-0.336376818556816,sharply_decreases,1
41,2022,2022-11-29T04:00:00+00:00,5,3plus_bars,2,0.0128441820214604,0.0118441820214604,2022,2.248819634278605,0.4029518841966713,1.3226817226879255,decreases_then_reincreases,1
41,2022,2022-11-29T04:00:00+00:00,5,3plus_bars,3,0.0065577776372476,0.0055577776372476,2022,2.248819634278605,0.4029518841966713,1.3226817226879255,decreases_then_reincreases,1
41,2022,2022-11-29T04:00:00+00:00,5,3plus_bars,6,0.0342421472132361,0.0332421472132361,2022,2.248819634278605,0.4029518841966713,1.3226817226879255,decreases_then_reincreases,1
41,2022,2022-11-29T04:00:00+00:00,5,3plus_bars,12,0.0530129491703161,0.0520129491703161,2022,2.248819634278605,0.4029518841966713,1.3226817226879255,decreases_then_reincreases,1
42,2022,2022-12-18T00:00:00+00:00,4,3plus_bars,2,-0.001592009317218,-0.002592009317218,2022,-0.2291390241996978,-1.0987943142210528,-1.3017891542381146,sharply_decreases,0
42,2022,2022-12-18T00:00:00+00:00,4,3plus_bars,3,-0.0039451552492202,-0.0049451552492202,2022,-0.2291390241996978,-1.0987943142210528,-1.3017891542381146,sharply_decreases,0
42,2022,2022-12-18T00:00:00+00:00,4,3plus_bars,6,-0.0022971186479067,-0.0032971186479067,2022,-0.2291390241996978,-1.0987943142210528,-1.3017891542381146,sharply_decreases,0
42,2022,2022-12-18T00:00:00+00:00,4,3plus_bars,12,-0.0201853191826691,-0.0211853191826691,2022,-0.2291390241996978,-1.0987943142210528,-1.3017891542381146,sharply_decreases,0
43,2023,2023-02-06T16:00:00+00:00,3,3plus_bars,2,-0.0121660245299412,-0.0131660245299412,2023,0.0197913688757039,0.9563702164220026,0.811460779022112,increasing,0
43,2023,2023-02-06T16:00:00+00:00,3,3plus_bars,3,-0.0071549278171199,-0.0081549278171199,2023,0.0197913688757039,0.9563702164220026,0.811460779022112,increasing,0
43,2023,2023-02-06T16:00:00+00:00,3,3plus_bars,6,-0.0059875380052649,-0.0069875380052649,2023,0.0197913688757039,0.9563702164220026,0.811460779022112,increasing,0
43,2023,2023-02-06T16:00:00+00:00,3,3plus_bars,12,-0.007446124309222,-0.008446124309222,2023,0.0197913688757039,0.9563702164220026,0.811460779022112,increasing,0
44,2023,2023-02-23T00:00:00+00:00,1,1_bar,2,0.0080600573727545,0.0070600573727545,2023,0.6082714847896782,-1.1809026693170677,-0.1385645770624128,decreases_then_reincreases,0
44,2023,2023-02-23T00:00:00+00:00,1,1_bar,3,-0.0166237907949686,-0.0176237907949686,2023,0.6082714847896782,-1.1809026693170677,-0.1385645770624128,decreases_then_reincreases,0
44,2023,2023-02-23T00:00:00+00:00,1,1_bar,6,-0.0100077701748516,-0.0110077701748516,2023,0.6082714847896782,-1.1809026693170677,-0.1385645770624128,decreases_then_reincreases,0
44,2023,2023-02-23T00:00:00+00:00,1,1_bar,12,-0.0412770379547609,-0.0422770379547609,2023,0.6082714847896782,-1.1809026693170677,-0.1385645770624128,decreases_then_reincreases,0
45,2023,2023-03-11T00:00:00+00:00,5,3plus_bars,2,-0.0148818725314119,-0.0158818725314119,2023,2.2579488820735185,-0.2721318752190246,0.6446824725547842,sharply_decreases,1
45,2023,2023-03-11T00:00:00+00:00,5,3plus_bars,3,-0.0032068380784975,-0.0042068380784975,2023,2.2579488820735185,-0.2721318752190246,0.6446824725547842,sharply_decreases,1
45,2023,2023-03-11T00:00:00+00:00,5,3plus_bars,6,0.0151379431672067,0.0141379431672067,2023,2.2579488820735185,-0.2721318752190246,0.6446824725547842,sharply_decreases,1
45,2023,2023-03-11T00:00:00+00:00,5,3plus_bars,12,0.0916772577018454,0.0906772577018454,2023,2.2579488820735185,-0.2721318752190246,0.6446824725547842,sharply_decreases,1
46,2023,2023-05-02T16:00:00+00:00,5,3plus_bars,2,0.0045254687255282,0.0035254687255282,2023,0.4497608083331169,2.4267223684561574,0.4690505085570989,other,0
46,2023,2023-05-02T16:00:00+00:00,5,3plus_bars,3,-0.0006937463670289,-0.0016937463670289,2023,0.4497608083331169,2.4267223684561574,0.4690505085570989,other,0
46,2023,2023-05-02T16:00:00+00:00,5,3plus_bars,6,-0.0080295886329306,-0.0090295886329306,2023,0.4497608083331169,2.4267223684561574,0.4690505085570989,other,0
46,2023,2023-05-02T16:00:00+00:00,5,3plus_bars,12,0.0114051201985656,0.0104051201985656,2023,0.4497608083331169,2.4267223684561574,0.4690505085570989,other,0
47,2023,2023-06-11T20:00:00+00:00,3,3plus_bars,2,-0.0092044490219119,-0.0102044490219119,2023,1.2611480231189955,0.2688735921232089,-0.1080781651798333,sharply_decreases,1
47,2023,2023-06-11T20:00:00+00:00,3,3plus_bars,3,-0.0087557513400424,-0.0097557513400424,2023,1.2611480231189955,0.2688735921232089,-0.1080781651798333,sharply_decreases,1
47,2023,2023-06-11T20:00:00+00:00,3,3plus_bars,6,-0.0079390293608861,-0.0089390293608861,2023,1.2611480231189955,0.2688735921232089,-0.1080781651798333,sharply_decreases,1
47,2023,2023-06-11T20:00:00+00:00,3,3plus_bars,12,-0.0049195398236479,-0.0059195398236479,2023,1.2611480231189955,0.2688735921232089,-0.1080781651798333,sharply_decreases,1
48,2023,2023-06-15T20:00:00+00:00,4,3plus_bars,2,0.00417434510198,0.00317434510198,2023,0.3636059784209567,0.5715852403878204,0.5687231952392382,other,0
48,2023,2023-06-15T20:00:00+00:00,4,3plus_bars,3,0.0032020597521398,0.0022020597521398,2023,0.3636059784209567,0.5715852403878204,0.5687231952392382,other,0
48,2023,2023-06-15T20:00:00+00:00,4,3plus_bars,6,0.0364141487749793,0.0354141487749793,2023,0.3636059784209567,0.5715852403878204,0.5687231952392382,other,0
48,2023,2023-06-15T20:00:00+00:00,4,3plus_bars,12,0.0400628705241972,0.0390628705241972,2023,0.3636059784209567,0.5715852403878204,0.5687231952392382,other,0
49,2023,2023-08-01T20:00:00+00:00,3,3plus_bars,2,0.0122475526415211,0.0112475526415211,2023,2.702684529210168,1.9982398539585773,1.7830034453985326,remains_elevated,1
49,2023,2023-08-01T20:00:00+00:00,3,3plus_bars,3,0.0103445260401402,0.0093445260401402,2023,2.702684529210168,1.9982398539585773,1.7830034453985326,remains_elevated,1
49,2023,2023-08-01T20:00:00+00:00,3,3plus_bars,6,-0.0041964964634653,-0.0051964964634653,2023,2.702684529210168,1.9982398539585773,1.7830034453985326,remains_elevated,1
49,2023,2023-08-01T20:00:00+00:00,3,3plus_bars,12,0.0002357006560675,-0.0007642993439324,2023,2.702684529210168,1.9982398539585773,1.7830034453985326,remains_elevated,1
50,2023,2023-08-23T16:00:00+00:00,1,1_bar,2,0.0110434558764747,0.0100434558764747,2023,2.4040726344365457,1.2869186945321471,2.927280158775724,decreases_then_reincreases,1
50,2023,2023-08-23T16:00:00+00:00,1,1_bar,3,0.0113991781667601,0.0103991781667601,2023,2.4040726344365457,1.2869186945321471,2.927280158775724,decreases_then_reincreases,1
50,2023,2023-08-23T16:00:00+00:00,1,1_bar,6,-0.0056471869825532,-0.0066471869825532,2023,2.4040726344365457,1.2869186945321471,2.927280158775724,decreases_then_reincreases,1
50,2023,2023-08-23T16:00:00+00:00,1,1_bar,12,-0.0081081732359904,-0.0091081732359904,2023,2.4040726344365457,1.2869186945321471,2.927280158775724,decreases_then_reincreases,1
51,2023,2023-09-26T04:00:00+00:00,5,3plus_bars,2,-0.0030375045486678,-0.0040375045486678,2023,1.6649668776671709,-0.1066425654039966,-0.4996813890966799,sharply_decreases,1
51,2023,2023-09-26T04:00:00+00:00,5,3plus_bars,3,-0.0086215041661812,-0.0096215041661812,2023,1.6649668776671709,-0.1066425654039966,-0.4996813890966799,sharply_decreases,1
51,2023,2023-09-26T04:00:00+00:00,5,3plus_bars,6,-0.0028777557148153,-0.0038777557148153,2023,1.6649668776671709,-0.1066425654039966,-0.4996813890966799,sharply_decreases,1
51,2023,2023-09-26T04:00:00+00:00,5,3plus_bars,12,0.0009592519049386,-4.074809506138168e-05,2023,1.6649668776671709,-0.1066425654039966,-0.4996813890966799,sharply_decreases,1
52,2023,2023-11-15T12:00:00+00:00,5,3plus_bars,2,0.0347408111542331,0.0337408111542331,2023,-0.654096994671247,0.6045684299845105,0.6559224342821631,increasing,0
52,2023,2023-11-15T12:00:00+00:00,5,3plus_bars,3,0.0446249339490272,0.0436249339490272,2023,-0.654096994671247,0.6045684299845105,0.6559224342821631,increasing,0
52,2023,2023-11-15T12:00:00+00:00,5,3plus_bars,6,0.0277735545011927,0.0267735545011927,2023,-0.654096994671247,0.6045684299845105,0.6559224342821631,increasing,0
52,2023,2023-11-15T12:00:00+00:00,5,3plus_bars,12,0.0036387015241046,0.0026387015241046,2023,-0.654096994671247,0.6045684299845105,0.6559224342821631,increasing,0
53,2023,2023-11-28T00:00:00+00:00,2,2_bars,2,-0.0036944152813839,-0.0046944152813839,2023,0.3973660300218204,-0.1803270254096095,-0.4417278784779095,other,0
53,2023,2023-11-28T00:00:00+00:00,2,2_bars,3,0.0002344083538519,-0.000765591646148,2023,0.3973660300218204,-0.1803270254096095,-0.4417278784779095,other,0
53,2023,2023-11-28T00:00:00+00:00,2,2_bars,6,0.015470951354225,0.014470951354225,2023,0.3973660300218204,-0.1803270254096095,-0.4417278784779095,other,0
53,2023,2023-11-28T00:00:00+00:00,2,2_bars,12,0.0164314080343264,0.0154314080343264,2023,0.3973660300218204,-0.1803270254096095,-0.4417278784779095,other,0
54,2023,2023-12-12T04:00:00+00:00,5,3plus_bars,2,-0.0036110926748083,-0.0046110926748083,2023,0.1163166670434923,-0.0153308021707093,0.0097730599836691,other,0
54,2023,2023-12-12T04:00:00+00:00,5,3plus_bars,3,-0.0092799163489699,-0.0102799163489699,2023,0.1163166670434923,-0.0153308021707093,0.0097730599836691,other,0
54,2023,2023-12-12T04:00:00+00:00,5,3plus_bars,6,-0.0217068097526098,-0.0227068097526098,2023,0.1163166670434923,-0.0153308021707093,0.0097730599836691,other,0
54,2023,2023-12-12T04:00:00+00:00,5,3plus_bars,12,0.0234470636240935,0.0224470636240935,2023,0.1163166670434923,-0.0153308021707093,0.0097730599836691,other,0
55,2023,2023-12-18T20:00:00+00:00,3,3plus_bars,2,0.0331190224912478,0.0321190224912478,2023,2.301346493992543,-0.3038481989336811,1.84031536747517,decreases_then_reincreases,1
55,2023,2023-12-18T20:00:00+00:00,3,3plus_bars,3,0.0320149751409495,0.0310149751409495,2023,2.301346493992543,-0.3038481989336811,1.84031536747517,decreases_then_reincreases,1
55,2023,2023-12-18T20:00:00+00:00,3,3plus_bars,6,0.0153676964474087,0.0143676964474087,2023,2.301346493992543,-0.3038481989336811,1.84031536747517,decreases_then_reincreases,1
55,2023,2023-12-18T20:00:00+00:00,3,3plus_bars,12,0.0488452225852023,0.0478452225852022,2023,2.301346493992543,-0.3038481989336811,1.84031536747517,decreases_then_reincreases,1
56,2023,2023-12-27T12:00:00+00:00,4,3plus_bars,2,0.0031434866969586,0.0021434866969586,2023,-0.4053937762778274,1.0311319667872614,1.122906831105255,increasing,0
56,2023,2023-12-27T12:00:00+00:00,4,3plus_bars,3,0.0095248367527827,0.0085248367527827,2023,-0.4053937762778274,1.0311319667872614,1.122906831105255,increasing,0
56,2023,2023-12-27T12:00:00+00:00,4,3plus_bars,6,0.0009500428995392,-4.995710046073933e-05,2023,-0.4053937762778274,1.0311319667872614,1.122906831105255,increasing,0
56,2023,2023-12-27T12:00:00+00:00,4,3plus_bars,12,-0.003652097869993,-0.004652097869993,2023,-0.4053937762778274,1.0311319667872614,1.122906831105255,increasing,0
57,2024,2024-04-18T04:00:00+00:00,1,1_bar,2,0.0098394866489459,0.0088394866489459,2024,1.0639306640390422,-0.8714607286594387,-0.7425374181682797,sharply_decreases,1
57,2024,2024-04-18T04:00:00+00:00,1,1_bar,3,0.0243708499017309,0.0233708499017309,2024,1.0639306640390422,-0.8714607286594387,-0.7425374181682797,sharply_decreases,1
57,2024,2024-04-18T04:00:00+00:00,1,1_bar,6,-0.0032724080906639,-0.0042724080906639,2024,1.0639306640390422,-0.8714607286594387,-0.7425374181682797,sharply_decreases,1
57,2024,2024-04-18T04:00:00+00:00,1,1_bar,12,0.0317484080383958,0.0307484080383958,2024,1.0639306640390422,-0.8714607286594387,-0.7425374181682797,sharply_decreases,1
58,2024,2024-06-12T12:00:00+00:00,4,3plus_bars,2,-0.0036222438318502,-0.0046222438318502,2024,1.1220590848923189,-0.1800418172091379,2.624388934558274,decreases_then_reincreases,1
58,2024,2024-06-12T12:00:00+00:00,4,3plus_bars,3,0.0071637835222799,0.0061637835222799,2024,1.1220590848923189,-0.1800418172091379,2.624388934558274,decreases_then_reincreases,1
58,2024,2024-06-12T12:00:00+00:00,4,3plus_bars,6,-0.0005669945438392,-0.0015669945438392,2024,1.1220590848923189,-0.1800418172091379,2.624388934558274,decreases_then_reincreases,1
58,2024,2024-06-12T12:00:00+00:00,4,3plus_bars,12,-0.0109539273777806,-0.0119539273777806,2024,1.1220590848923189,-0.1800418172091379,2.624388934558274,decreases_then_reincreases,1
59,2024,2024-06-25T04:00:00+00:00,6,3plus_bars,2,-0.0018751246888589,-0.0028751246888589,2024,1.0832577466564406,0.2684375049256011,0.0608490143172152,sharply_decreases,1
59,2024,2024-06-25T04:00:00+00:00,6,3plus_bars,3,0.0082771380458803,0.0072771380458803,2024,1.0832577466564406,0.2684375049256011,0.0608490143172152,sharply_decreases,1
59,2024,2024-06-25T04:00:00+00:00,6,3plus_bars,6,0.0103336580069455,0.0093336580069455,2024,1.0832577466564406,0.2684375049256011,0.0608490143172152,sharply_decreases,1
59,2024,2024-06-25T04:00:00+00:00,6,3plus_bars,12,-0.0043273864937843,-0.0053273864937843,2024,1.0832577466564406,0.2684375049256011,0.0608490143172152,sharply_decreases,1
60,2024,2024-06-29T08:00:00+00:00,1,1_bar,2,0.0008795737425124,-0.0001204262574875,2024,-1.0636820994618432,-1.2284966287886898,-0.7604856298064884,other,0
60,2024,2024-06-29T08:00:00+00:00,1,1_bar,3,8.320734845357336e-05,-0.0009167926515464,2024,-1.0636820994618432,-1.2284966287886898,-0.7604856298064884,other,0
60,2024,2024-06-29T08:00:00+00:00,1,1_bar,6,0.0077918440419115,0.0067918440419115,2024,-1.0636820994618432,-1.2284966287886898,-0.7604856298064884,other,0
60,2024,2024-06-29T08:00:00+00:00,1,1_bar,12,0.0364530083223726,0.0354530083223726,2024,-1.0636820994618432,-1.2284966287886898,-0.7604856298064884,other,0
61,2024,2024-07-05T16:00:00+00:00,2,2_bars,2,-0.0006035685727138,-0.0016035685727138,2024,1.2083739308121284,1.50440191416068,0.3404972224353416,other,1
61,2024,2024-07-05T16:00:00+00:00,2,2_bars,3,-0.0044649955817721,-0.0054649955817721,2024,1.2083739308121284,1.50440191416068,0.3404972224353416,other,1
61,2024,2024-07-05T16:00:00+00:00,2,2_bars,6,0.0115595735417421,0.0105595735417421,2024,1.2083739308121284,1.50440191416068,0.3404972224353416,other,1
61,2024,2024-07-05T16:00:00+00:00,2,2_bars,12,0.0028665977563131,0.0018665977563131,2024,1.2083739308121284,1.50440191416068,0.3404972224353416,other,1
62,2024,2024-08-02T00:00:00+00:00,1,1_bar,2,-0.0182077552383158,-0.0192077552383158,2024,1.3780887271230746,0.8122813140167018,-0.1284007186951966,sharply_decreases,1
62,2024,2024-08-02T00:00:00+00:00,1,1_bar,3,-0.0106192396427946,-0.0116192396427946,2024,1.3780887271230746,0.8122813140167018,-0.1284007186951966,sharply_decreases,1
62,2024,2024-08-02T00:00:00+00:00,1,1_bar,6,-0.0589968298813141,-0.0599968298813141,2024,1.3780887271230746,0.8122813140167018,-0.1284007186951966,sharply_decreases,1
62,2024,2024-08-02T00:00:00+00:00,1,1_bar,12,-0.071243207380357,-0.072243207380357,2024,1.3780887271230746,0.8122813140167018,-0.1284007186951966,sharply_decreases,1
63,2024,2024-08-06T04:00:00+00:00,3,3plus_bars,2,-0.0081869042227596,-0.0091869042227596,2024,2.218512084633881,-0.1197592173550836,-0.3384445190519245,sharply_decreases,1
63,2024,2024-08-06T04:00:00+00:00,3,3plus_bars,3,0.0132983075942774,0.0122983075942774,2024,2.218512084633881,-0.1197592173550836,-0.3384445190519245,sharply_decreases,1
63,2024,2024-08-06T04:00:00+00:00,3,3plus_bars,6,0.0214904214855351,0.0204904214855351,2024,2.218512084633881,-0.1197592173550836,-0.3384445190519245,sharply_decreases,1
63,2024,2024-08-06T04:00:00+00:00,3,3plus_bars,12,0.0248628734411637,0.0238628734411637,2024,2.218512084633881,-0.1197592173550836,-0.3384445190519245,sharply_decreases,1
64,2024,2024-09-02T12:00:00+00:00,1,1_bar,2,0.0003084453958361,-0.0006915546041638,2024,0.6068377882015166,0.7654066408088279,0.2945734618881999,other,0
64,2024,2024-09-02T12:00:00+00:00,1,1_bar,3,0.0121548368500159,0.0111548368500159,2024,0.6068377882015166,0.7654066408088279,0.2945734618881999,other,0
64,2024,2024-09-02T12:00:00+00:00,1,1_bar,6,0.0111259438009749,0.0101259438009749,2024,0.6068377882015166,0.7654066408088279,0.2945734618881999,other,0
64,2024,2024-09-02T12:00:00+00:00,1,1_bar,12,-0.0316492020729859,-0.0326492020729859,2024,0.6068377882015166,0.7654066408088279,0.2945734618881999,other,0
65,2024,2024-09-07T12:00:00+00:00,2,2_bars,2,0.0014357763435968,0.0004357763435968,2024,0.5877319160329912,-0.7890291000200101,-0.6966576176785331,sharply_decreases,0
65,2024,2024-09-07T12:00:00+00:00,2,2_bars,3,-0.0030399802967308,-0.0040399802967308,2024,0.5877319160329912,-0.7890291000200101,-0.6966576176785331,sharply_decreases,0
65,2024,2024-09-07T12:00:00+00:00,2,2_bars,6,0.0042349879919396,0.0032349879919396,2024,0.5877319160329912,-0.7890291000200101,-0.6966576176785331,sharply_decreases,0
65,2024,2024-09-07T12:00:00+00:00,2,2_bars,12,0.0172819612557595,0.0162819612557595,2024,0.5877319160329912,-0.7890291000200101,-0.6966576176785331,sharply_decreases,0
66,2024,2024-10-10T12:00:00+00:00,2,2_bars,2,-0.0250520673415711,-0.0260520673415711,2024,-0.4521862392101032,-0.5053281760864926,0.98317634909995,other,0
66,2024,2024-10-10T12:00:00+00:00,2,2_bars,3,-0.0152722706943504,-0.0162722706943504,2024,-0.4521862392101032,-0.5053281760864926,0.98317634909995,other,0
66,2024,2024-10-10T12:00:00+00:00,2,2_bars,6,-0.0014222517348028,-0.0024222517348028,2024,-0.4521862392101032,-0.5053281760864926,0.98317634909995,other,0
66,2024,2024-10-10T12:00:00+00:00,2,2_bars,12,0.0273399452613454,0.0263399452613454,2024,-0.4521862392101032,-0.5053281760864926,0.98317634909995,other,0
67,2024,2024-10-11T12:00:00+00:00,1,1_bar,2,0.0312402737855799,0.0302402737855799,2024,-0.1351421510282481,-0.354099946025692,1.6602510853147558,other,0
67,2024,2024-10-11T12:00:00+00:00,1,1_bar,3,0.0223148782637578,0.0213148782637578,2024,-0.1351421510282481,-0.354099946025692,1.6602510853147558,other,0
67,2024,2024-10-11T12:00:00+00:00,1,1_bar,6,0.0288031623437594,0.0278031623437594,2024,-0.1351421510282481,-0.354099946025692,1.6602510853147558,other,0
67,2024,2024-10-11T12:00:00+00:00,1,1_bar,12,0.0226638777223593,0.0216638777223593,2024,-0.1351421510282481,-0.354099946025692,1.6602510853147558,other,0
68,2024,2024-12-11T04:00:00+00:00,1,1_bar,2,0.009180744410433,0.008180744410433,2024,2.270344965577753,-0.0651191797764344,-0.7519465087097985,sharply_decreases,1
68,2024,2024-12-11T04:00:00+00:00,1,1_bar,3,0.0304236968115088,0.0294236968115088,2024,2.270344965577753,-0.0651191797764344,-0.7519465087097985,sharply_decreases,1
68,2024,2024-12-11T04:00:00+00:00,1,1_bar,6,0.0372435199667511,0.0362435199667511,2024,2.270344965577753,-0.0651191797764344,-0.7519465087097985,sharply_decreases,1
68,2024,2024-12-11T04:00:00+00:00,1,1_bar,12,0.0239292382771711,0.0229292382771711,2024,2.270344965577753,-0.0651191797764344,-0.7519465087097985,sharply_decreases,1
69,2025,2025-01-14T00:00:00+00:00,2,2_bars,2,0.0034683043336563,0.0024683043336563,2025,0.4362160379539827,0.4319349180323319,0.0324929908388138,other,0
69,2025,2025-01-14T00:00:00+00:00,2,2_bars,3,0.0212821322984413,0.0202821322984413,2025,0.4362160379539827,0.4319349180323319,0.0324929908388138,other,0
69,2025,2025-01-14T00:00:00+00:00,2,2_bars,6,0.0214176360757809,0.0204176360757809,2025,0.4362160379539827,0.4319349180323319,0.0324929908388138,other,0
69,2025,2025-01-14T00:00:00+00:00,2,2_bars,12,0.0630578093386748,0.0620578093386748,2025,0.4362160379539827,0.4319349180323319,0.0324929908388138,other,0
70,2025,2025-02-26T00:00:00+00:00,7,3plus_bars,2,0.0004467729562307,-0.0005532270437692,2025,0.8795219276847804,0.4145803109428604,-0.5152186631773104,other,0
70,2025,2025-02-26T00:00:00+00:00,7,3plus_bars,3,-0.0007170694671053,-0.0017170694671053,2025,0.8795219276847804,0.4145803109428604,-0.5152186631773104,other,0
70,2025,2025-02-26T00:00:00+00:00,7,3plus_bars,6,-0.0499580572435461,-0.0509580572435461,2025,0.8795219276847804,0.4145803109428604,-0.5152186631773104,other,0
70,2025,2025-02-26T00:00:00+00:00,7,3plus_bars,12,-0.0447880303638718,-0.0457880303638718,2025,0.8795219276847804,0.4145803109428604,-0.5152186631773104,other,0
71,2025,2025-02-27T04:00:00+00:00,1,1_bar,2,0.0172749451108531,0.0162749451108531,2025,1.079252539102627,-0.3474718515362974,-0.670708401669866,sharply_decreases,1
71,2025,2025-02-27T04:00:00+00:00,1,1_bar,3,0.0032210706739419,0.0022210706739419,2025,1.079252539102627,-0.3474718515362974,-0.670708401669866,sharply_decreases,1
71,2025,2025-02-27T04:00:00+00:00,1,1_bar,6,-0.0560088714378376,-0.0570088714378376,2025,1.079252539102627,-0.3474718515362974,-0.670708401669866,sharply_decreases,1
71,2025,2025-02-27T04:00:00+00:00,1,1_bar,12,0.0012262643746672,0.0002262643746672,2025,1.079252539102627,-0.3474718515362974,-0.670708401669866,sharply_decreases,1
72,2025,2025-02-28T16:00:00+00:00,2,2_bars,2,0.0041057055498447,0.0031057055498447,2025,0.1371716564122239,0.7538239602422879,-0.2027014337345239,other,0
72,2025,2025-02-28T16:00:00+00:00,2,2_bars,3,0.0157821464304823,0.0147821464304823,2025,0.1371716564122239,0.7538239602422879,-0.2027014337345239,other,0
72,2025,2025-02-28T16:00:00+00:00,2,2_bars,6,0.009463240602797,0.008463240602797,2025,0.1371716564122239,0.7538239602422879,-0.2027014337345239,other,0
72,2025,2025-02-28T16:00:00+00:00,2,2_bars,12,0.0407469550937711,0.0397469550937711,2025,0.1371716564122239,0.7538239602422879,-0.2027014337345239,other,0
73,2025,2025-03-10T12:00:00+00:00,3,3plus_bars,2,-0.0540925079562585,-0.0550925079562585,2025,0.270594331945545,0.6039246002851516,2.080968468771802,other,0
73,2025,2025-03-10T12:00:00+00:00,3,3plus_bars,3,-0.0596556674882151,-0.0606556674882151,2025,0.270594331945545,0.6039246002851516,2.080968468771802,other,0
73,2025,2025-03-10T12:00:00+00:00,3,3plus_bars,6,-0.0222735756502595,-0.0232735756502595,2025,0.270594331945545,0.6039246002851516,2.080968468771802,other,0
73,2025,2025-03-10T12:00:00+00:00,3,3plus_bars,12,-0.0069099806178364,-0.0079099806178364,2025,0.270594331945545,0.6039246002851516,2.080968468771802,other,0
74,2025,2025-04-07T16:00:00+00:00,4,3plus_bars,2,0.0087070691085144,0.0077070691085144,2025,0.974553989694206,3.06766599473761,0.3499661667410335,other,0
74,2025,2025-04-07T16:00:00+00:00,4,3plus_bars,3,0.0181459178533716,0.0171459178533716,2025,0.974553989694206,3.06766599473761,0.3499661667410335,other,0
74,2025,2025-04-07T16:00:00+00:00,4,3plus_bars,6,0.0002305048514963,-0.0007694951485036,2025,0.974553989694206,3.06766599473761,0.3499661667410335,other,0
74,2025,2025-04-07T16:00:00+00:00,4,3plus_bars,12,-0.0155695897204776,-0.0165695897204776,2025,0.974553989694206,3.06766599473761,0.3499661667410335,other,0
75,2025,2025-05-30T12:00:00+00:00,2,2_bars,2,-0.0117114105052393,-0.0127114105052393,2025,0.8271163827988319,0.1782307155139507,0.6325250008225729,other,0
75,2025,2025-05-30T12:00:00+00:00,2,2_bars,3,-0.0178978187673839,-0.0188978187673839,2025,0.8271163827988319,0.1782307155139507,0.6325250008225729,other,0
75,2025,2025-05-30T12:00:00+00:00,2,2_bars,6,-0.0225001770864323,-0.0235001770864323,2025,0.8271163827988319,0.1782307155139507,0.6325250008225729,other,0
75,2025,2025-05-30T12:00:00+00:00,2,2_bars,12,-0.0169798027021028,-0.0179798027021028,2025,0.8271163827988319,0.1782307155139507,0.6325250008225729,other,0
76,2025,2025-06-06T12:00:00+00:00,2,2_bars,2,0.0028078095227281,0.0018078095227281,2025,0.0176926877855065,-0.2936687004549843,1.0184289185404614,other,0
76,2025,2025-06-06T12:00:00+00:00,2,2_bars,3,0.0034681706054353,0.0024681706054353,2025,0.0176926877855065,-0.2936687004549843,1.0184289185404614,other,0
76,2025,2025-06-06T12:00:00+00:00,2,2_bars,6,0.0117583338232558,0.0107583338232558,2025,0.0176926877855065,-0.2936687004549843,1.0184289185404614,other,0
76,2025,2025-06-06T12:00:00+00:00,2,2_bars,12,0.0169224864254566,0.0159224864254566,2025,0.0176926877855065,-0.2936687004549843,1.0184289185404614,other,0
77,2025,2025-06-14T00:00:00+00:00,2,2_bars,2,-0.0093337591035971,-0.0103337591035971,2025,0.0972750033586295,-0.8366613870628782,-0.0443781872360873,decreases_then_reincreases,0
77,2025,2025-06-14T00:00:00+00:00,2,2_bars,3,-0.0092826591295147,-0.0102826591295147,2025,0.0972750033586295,-0.8366613870628782,-0.0443781872360873,decreases_then_reincreases,0
77,2025,2025-06-14T00:00:00+00:00,2,2_bars,6,-0.006146704631496,-0.007146704631496,2025,0.0972750033586295,-0.8366613870628782,-0.0443781872360873,decreases_then_reincreases,0
77,2025,2025-06-14T00:00:00+00:00,2,2_bars,12,-0.0044554086258452,-0.0054554086258452,2025,0.0972750033586295,-0.8366613870628782,-0.0443781872360873,decreases_then_reincreases,0
78,2025,2025-10-17T04:00:00+00:00,2,2_bars,2,-0.0319942691089695,-0.0329942691089695,2025,-1.0621713099006194,-0.9456086897827024,1.5117019704833237,other,0
78,2025,2025-10-17T04:00:00+00:00,2,2_bars,3,-0.0217374140315969,-0.0227374140315969,2025,-1.0621713099006194,-0.9456086897827024,1.5117019704833237,other,0
78,2025,2025-10-17T04:00:00+00:00,2,2_bars,6,-0.0192928457105423,-0.0202928457105423,2025,-1.0621713099006194,-0.9456086897827024,1.5117019704833237,other,0
78,2025,2025-10-17T04:00:00+00:00,2,2_bars,12,-0.017411675783688,-0.018411675783688,2025,-1.0621713099006194,-0.9456086897827024,1.5117019704833237,other,0
79,2025,2025-10-18T12:00:00+00:00,2,2_bars,2,-0.0011983179336062,-0.0021983179336062,2025,0.8410176678298342,-0.7994552636310535,-1.0409958975953078,sharply_decreases,0
79,2025,2025-10-18T12:00:00+00:00,2,2_bars,3,-0.000220224849478,-0.001220224849478,2025,0.8410176678298342,-0.7994552636310535,-1.0409958975953078,sharply_decreases,0
79,2025,2025-10-18T12:00:00+00:00,2,2_bars,6,0.005362069333797,0.004362069333797,2025,0.8410176678298342,-0.7994552636310535,-1.0409958975953078,sharply_decreases,0
79,2025,2025-10-18T12:00:00+00:00,2,2_bars,12,0.0355208410966245,0.0345208410966245,2025,0.8410176678298342,-0.7994552636310535,-1.0409958975953078,sharply_decreases,0
80,2025,2025-11-05T16:00:00+00:00,2,2_bars,2,0.0015122199052717,0.0005122199052717,2025,2.149430069218263,0.2236682948478723,-0.0725398801707828,sharply_decreases,1
80,2025,2025-11-05T16:00:00+00:00,2,2_bars,3,-0.0008809553419848,-0.0018809553419848,2025,2.149430069218263,0.2236682948478723,-0.0725398801707828,sharply_decreases,1
80,2025,2025-11-05T16:00:00+00:00,2,2_bars,6,-0.0165221063104282,-0.0175221063104282,2025,2.149430069218263,0.2236682948478723,-0.0725398801707828,sharply_decreases,1
80,2025,2025-11-05T16:00:00+00:00,2,2_bars,12,-0.0282502460755648,-0.0292502460755648,2025,2.149430069218263,0.2236682948478723,-0.0725398801707828,sharply_decreases,1
81,2025,2025-11-18T16:00:00+00:00,4,3plus_bars,2,0.0005460116822606,-0.0004539883177393,2025,0.2495527496458548,0.5882403209095095,-0.1273587998298248,other,0
81,2025,2025-11-18T16:00:00+00:00,4,3plus_bars,3,-0.0111461509566775,-0.0121461509566775,2025,0.2495527496458548,0.5882403209095095,-0.1273587998298248,other,0
81,2025,2025-11-18T16:00:00+00:00,4,3plus_bars,6,-0.0318415328365808,-0.0328415328365808,2025,0.2495527496458548,0.5882403209095095,-0.1273587998298248,other,0
81,2025,2025-11-18T16:00:00+00:00,4,3plus_bars,12,-0.0327221690645043,-0.0337221690645043,2025,0.2495527496458548,0.5882403209095095,-0.1273587998298248,other,0
82,2025,2025-11-21T20:00:00+00:00,5,3plus_bars,2,0.0027453024784671,0.0017453024784671,2025,2.8028249463769703,0.0708209893419506,-0.593488442811081,sharply_decreases,1
82,2025,2025-11-21T20:00:00+00:00,5,3plus_bars,3,0.0044028391163446,0.0034028391163446,2025,2.8028249463769703,0.0708209893419506,-0.593488442811081,sharply_decreases,1
82,2025,2025-11-21T20:00:00+00:00,5,3plus_bars,6,0.0047556505041603,0.0037556505041603,2025,2.8028249463769703,0.0708209893419506,-0.593488442811081,sharply_decreases,1
82,2025,2025-11-21T20:00:00+00:00,5,3plus_bars,12,0.0369995950566028,0.0359995950566028,2025,2.8028249463769703,0.0708209893419506,-0.593488442811081,sharply_decreases,1
83,2025,2025-12-02T00:00:00+00:00,4,3plus_bars,2,0.0084211797486057,0.0074211797486057,2025,0.6154655968744827,0.2618515770071944,0.1814671368029974,other,0
83,2025,2025-12-02T00:00:00+00:00,4,3plus_bars,3,0.0125502384453748,0.0115502384453748,2025,0.6154655968744827,0.2618515770071944,0.1814671368029974,other,0
83,2025,2025-12-02T00:00:00+00:00,4,3plus_bars,6,0.0578525997435739,0.0568525997435739,2025,0.6154655968744827,0.2618515770071944,0.1814671368029974,other,0
83,2025,2025-12-02T00:00:00+00:00,4,3plus_bars,12,0.0827937228758173,0.0817937228758173,2025,0.6154655968744827,0.2618515770071944,0.1814671368029974,other,0
84,2025,2025-12-16T12:00:00+00:00,4,3plus_bars,2,0.003716417304959,0.002716417304959,2025,0.3021309216442656,0.2359766269325772,2.541018962583743,other,0
84,2025,2025-12-16T12:00:00+00:00,4,3plus_bars,3,0.0068984635370528,0.0058984635370528,2025,0.3021309216442656,0.2359766269325772,2.541018962583743,other,0
84,2025,2025-12-16T12:00:00+00:00,4,3plus_bars,6,-0.0031881199329006,-0.0041881199329006,2025,0.3021309216442656,0.2359766269325772,2.541018962583743,other,0
84,2025,2025-12-16T12:00:00+00:00,4,3plus_bars,12,0.0004473910933875,-0.0005526089066124,2025,0.3021309216442656,0.2359766269325772,2.541018962583743,other,0
85,2026,2026-01-26T08:00:00+00:00,5,3plus_bars,2,-0.0040821294026952,-0.0050821294026952,2026,1.4262235517988426,1.0216562384470318,-0.1461390544969579,other,1
85,2026,2026-01-26T08:00:00+00:00,5,3plus_bars,3,0.000142612599181,-0.0008573874008189,2026,1.4262235517988426,1.0216562384470318,-0.1461390544969579,other,1
85,2026,2026-01-26T08:00:00+00:00,5,3plus_bars,6,0.0036337235729195,0.0026337235729195,2026,1.4262235517988426,1.0216562384470318,-0.1461390544969579,other,1
85,2026,2026-01-26T08:00:00+00:00,5,3plus_bars,12,0.0128829744874583,0.0118829744874583,2026,1.4262235517988426,1.0216562384470318,-0.1461390544969579,other,1
86,2026,2026-02-04T04:00:00+00:00,1,1_bar,2,-0.008877917165429,-0.009877917165429,2026,-0.31916180171674,-0.572007532802946,-0.7233979435550932,other,0
86,2026,2026-02-04T04:00:00+00:00,1,1_bar,3,-0.0333996234851496,-0.0343996234851496,2026,-0.31916180171674,-0.572007532802946,-0.7233979435550932,other,0
86,2026,2026-02-04T04:00:00+00:00,1,1_bar,6,-0.0713826679306689,-0.0723826679306689,2026,-0.31916180171674,-0.572007532802946,-0.7233979435550932,other,0
86,2026,2026-02-04T04:00:00+00:00,1,1_bar,12,-0.1633655666099985,-0.1643655666099985,2026,-0.31916180171674,-0.572007532802946,-0.7233979435550932,other,0
87,2026,2026-02-06T12:00:00+00:00,9,3plus_bars,2,0.0615345756319998,0.0605345756319998,2026,2.058752316182393,-0.2266984179888823,0.633012172601117,sharply_decreases,1
87,2026,2026-02-06T12:00:00+00:00,9,3plus_bars,3,0.0592655225800717,0.0582655225800717,2026,2.058752316182393,-0.2266984179888823,0.633012172601117,sharply_decreases,1
87,2026,2026-02-06T12:00:00+00:00,9,3plus_bars,6,0.0201306232564504,0.0191306232564504,2026,2.058752316182393,-0.2266984179888823,0.633012172601117,sharply_decreases,1
87,2026,2026-02-06T12:00:00+00:00,9,3plus_bars,12,0.0655648124635681,0.0645648124635681,2026,2.058752316182393,-0.2266984179888823,0.633012172601117,sharply_decreases,1
88,2026,2026-02-28T16:00:00+00:00,1,1_bar,2,0.0328817323931693,0.0318817323931693,2026,0.3910373225404017,0.1241275700686222,-0.5721408332834234,other,0
88,2026,2026-02-28T16:00:00+00:00,1,1_bar,3,0.0410385870581917,0.0400385870581917,2026,0.3910373225404017,0.1241275700686222,-0.5721408332834234,other,0
88,2026,2026-02-28T16:00:00+00:00,1,1_bar,6,0.0308638786129245,0.0298638786129245,2026,0.3910373225404017,0.1241275700686222,-0.5721408332834234,other,0
88,2026,2026-02-28T16:00:00+00:00,1,1_bar,12,0.0661467089505016,0.0651467089505016,2026,0.3910373225404017,0.1241275700686222,-0.5721408332834234,other,0
89,2026,2026-03-28T16:00:00+00:00,3,3plus_bars,2,-0.0095184773778734,-0.0105184773778734,2026,-0.8409963030530575,-0.5071843463710674,-1.3737918450123623,other,0
89,2026,2026-03-28T16:00:00+00:00,3,3plus_bars,3,-0.0015357774059865,-0.0025357774059865,2026,-0.8409963030530575,-0.5071843463710674,-1.3737918450123623,other,0
89,2026,2026-03-28T16:00:00+00:00,3,3plus_bars,6,-0.0073403057110268,-0.0083403057110268,2026,-0.8409963030530575,-0.5071843463710674,-1.3737918450123623,other,0
89,2026,2026-03-28T16:00:00+00:00,3,3plus_bars,12,0.0091693014033291,0.0081693014033291,2026,-0.8409963030530575,-0.5071843463710674,-1.3737918450123623,other,0
90,2026,2026-04-29T04:00:00+00:00,1,1_bar,2,0.0077313043470352,0.0067313043470352,2026,1.7388342401072676,-0.1034055958384388,0.8635566160124445,decreases_then_reincreases,1
90,2026,2026-04-29T04:00:00+00:00,1,1_bar,3,-0.0139039313968987,-0.0149039313968987,2026,1.7388342401072676,-0.1034055958384388,0.8635566160124445,decreases_then_reincreases,1
90,2026,2026-04-29T04:00:00+00:00,1,1_bar,6,-0.0138539280005642,-0.0148539280005642,2026,1.7388342401072676,-0.1034055958384388,0.8635566160124445,decreases_then_reincreases,1
90,2026,2026-04-29T04:00:00+00:00,1,1_bar,12,0.0017703799881472,0.0007703799881472,2026,1.7388342401072676,-0.1034055958384388,0.8635566160124445,decreases_then_reincreases,1
91,2026,2026-05-23T20:00:00+00:00,5,3plus_bars,2,0.0100885126958567,0.0090885126958567,2026,1.36925279233854,-0.3513313970182067,1.784499469541091,decreases_then_reincreases,1
91,2026,2026-05-23T20:00:00+00:00,5,3plus_bars,3,0.0107462875139259,0.0097462875139259,2026,1.36925279233854,-0.3513313970182067,1.784499469541091,decreases_then_reincreases,1
91,2026,2026-05-23T20:00:00+00:00,5,3plus_bars,6,0.0103954216345796,0.0093954216345796,2026,1.36925279233854,-0.3513313970182067,1.784499469541091,decreases_then_reincreases,1
91,2026,2026-05-23T20:00:00+00:00,5,3plus_bars,12,0.0191936533547767,0.0181936533547767,2026,1.36925279233854,-0.3513313970182067,1.784499469541091,decreases_then_reincreases,1
92,2026,2026-06-06T00:00:00+00:00,1,1_bar,2,-0.0008438090181106,-0.0018438090181106,2026,1.6946995859821312,0.0666398677137821,-0.9938216029311724,sharply_decreases,1
92,2026,2026-06-06T00:00:00+00:00,1,1_bar,3,-0.0041530406196099,-0.0051530406196099,2026,1.6946995859821312,0.0666398677137821,-0.9938216029311724,sharply_decreases,1
92,2026,2026-06-06T00:00:00+00:00,1,1_bar,6,-0.0028146075264422,-0.0038146075264422,2026,1.6946995859821312,0.0666398677137821,-0.9938216029311724,sharply_decreases,1
92,2026,2026-06-06T00:00:00+00:00,1,1_bar,12,0.0372694327071316,0.0362694327071316,2026,1.6946995859821312,0.0666398677137821,-0.9938216029311724,sharply_decreases,1
93,2026,2026-06-19T16:00:00+00:00,1,1_bar,2,0.0052186216315022,0.0042186216315022,2026,0.4574069691261789,0.1070335482575807,-0.2395140742022991,other,0
93,2026,2026-06-19T16:00:00+00:00,1,1_bar,3,0.0041569898824642,0.0031569898824642,2026,0.4574069691261789,0.1070335482575807,-0.2395140742022991,other,0
93,2026,2026-06-19T16:00:00+00:00,1,1_bar,6,0.0149655116009883,0.0139655116009883,2026,0.4574069691261789,0.1070335482575807,-0.2395140742022991,other,0
93,2026,2026-06-19T16:00:00+00:00,1,1_bar,12,0.0159773126242108,0.0149773126242108,2026,0.4574069691261789,0.1070335482575807,-0.2395140742022991,other,0
94,2026,2026-07-14T12:00:00+00:00,5,3plus_bars,2,0.0274421238669939,0.0264421238669939,2026,-0.7782767405088077,-0.5449379536113758,3.0829258027931417,other,0
94,2026,2026-07-14T12:00:00+00:00,5,3plus_bars,3,0.0349908560730138,0.0339908560730138,2026,-0.7782767405088077,-0.5449379536113758,3.0829258027931417,other,0
94,2026,2026-07-14T12:00:00+00:00,5,3plus_bars,6,0.0300288057966116,0.0290288057966116,2026,-0.7782767405088077,-0.5449379536113758,3.0829258027931417,other,0
94,2026,2026-07-14T12:00:00+00:00,5,3plus_bars,12,0.0224605016247119,0.0214605016247119,2026,-0.7782767405088077,-0.5449379536113758,3.0829258027931417,other,0
95,2026,2026-09-11T08:00:00+00:00,3,3plus_bars,2,0.0064941791282482,0.0054941791282482,2026,-0.2624231191752272,-0.7275881129577582,-0.5865572195340161,other,0
95,2026,2026-09-11T08:00:00+00:00,3,3plus_bars,3,0.000716036498439,-0.0002839635015609,2026,-0.2624231191752272,-0.7275881129577582,-0.5865572195340161,other,0
95,2026,2026-09-11T08:00:00+00:00,3,3plus_bars,6,0.0005029088173484,-0.0004970911826515,2026,-0.2624231191752272,-0.7275881129577582,-0.5865572195340161,other,0
95,2026,2026-09-11T08:00:00+00:00,3,3plus_bars,12,-0.0013299115507173,-0.0023299115507173,2026,-0.2624231191752272,-0.7275881129577582,-0.5865572195340161,other,0
