kind,feature,op,threshold,horizon,n,avg,win,pf,dd,net_avg,score,f1,op1,th1,f2,op2,th2
single,vol_z20_reentry,>=,1.0,2,26,0.00452354198376576,0.46153846153846156,1.944939426304308,-0.04802527778651311,0.0035235419837657597,0.0034418370371801957,,,,,,
single,vol_z20_entry,>=,0.0,2,29,0.0042870400272683185,0.5172413793103449,2.084326107032235,-0.030691925017507726,0.0032870400272683184,0.0032975561337250815,,,,,,
single,rsi_reentry,<=,35.0,2,28,0.0012281626129506118,0.39285714285714285,1.2365983231889055,-0.06335619008128957,0.00022816261295061178,3.577023219568126e-05,,,,,,
single,vol_z20_reentry,>=,0.0,2,45,0.001080475798674558,0.4888888888888889,1.1974191545239734,-0.08146577318227088,8.04757986745579e-05,2.3076245416755773e-05,,,,,,
single,rsi_reentry,<=,38.0,2,50,0.0010002357316997944,0.42,1.1886628953872813,-0.057040456380620386,2.3573169979440936e-07,-0.00014828449649051582,,,,,,
single,ret12_reentry,<=,-0.02,2,20,0.0008516306616272284,0.45,1.1284595100407389,-0.06106826227526396,-0.00014836933837277162,-0.0002539034695104036,,,,,,
single,vol_z20_reentry,>=,-1.0,2,64,0.0007413372914632753,0.453125,1.136215103403582,-0.1139805735570677,-0.00025866270853672473,-0.0003859654953152586,,,,,,
single,vol_z20_entry,>=,-1.0,2,64,0.0006895684852448198,0.46875,1.1251959492961827,-0.11398754293888502,-0.0003104315147551802,-0.0004143002862246227,,,,,,
single,rsi_min,<=,35.0,2,29,0.0007662331750274458,0.3793103448275862,1.1410721036179465,-0.06335619008128923,-0.0002337668249725542,-0.00044647940277181954,,,,,,
single,ret24_reentry,<=,-0.04,2,26,0.0007988583625980163,0.34615384615384615,1.136774864985255,-0.05449381216759752,-0.00020114163740198368,-0.00045915777425501326,,,,,,
pair,vol_z20_entry&atr_pct_reentry,>= & >=,0.0 & 0.01,2,24,0.005074801361895466,0.5416666666666666,2.2971673581322167,-0.030691925017507837,0.004074801361895466,0.004121955399386712,vol_z20_entry,>=,0.0,atr_pct_reentry,>=,0.01
pair,vol_z20_entry&atr_pct_entry,>= & >=,0.0 & 0.01,2,26,0.004799091949075441,0.5384615384615384,2.223826952292235,-0.030691925017507726,0.0037990919490754407,0.0038414382942589943,vol_z20_entry,>=,0.0,atr_pct_entry,>=,0.01
pair,vol_z20_reentry&vol_z20_entry,>= & >=,-1.0 & 0.0,2,28,0.004727797072871207,0.5357142857142857,2.241804985479419,-0.030691925017507837,0.003727797072871207,0.0037660225389338814,vol_z20_reentry,>=,-1.0,vol_z20_entry,>=,0.0
pair,vol_z20_reentry&atr_pct_entry,>= & >=,1.0 & 0.01,2,23,0.004736322696995855,0.4782608695652174,1.9010796264741239,-0.04751688230566464,0.0037363226969958554,0.0036799555601908494,vol_z20_reentry,>=,1.0,atr_pct_entry,>=,0.01
pair,vol_z20_reentry&ret24_reentry,>= & <=,1.0 & 0.0,2,26,0.00452354198376576,0.46153846153846156,1.944939426304308,-0.04802527778651311,0.0035235419837657597,0.0034418370371801957,vol_z20_reentry,>=,1.0,ret24_reentry,<=,0.0
pair,vol_z20_reentry&vol_z20_entry,>= & >=,1.0 & -1.0,2,26,0.00452354198376576,0.46153846153846156,1.944939426304308,-0.04802527778651311,0.0035235419837657597,0.0034418370371801957,vol_z20_reentry,>=,1.0,vol_z20_entry,>=,-1.0
pair,vol_z20_reentry&atr_pct_reentry,>= & >=,1.0 & 0.01,2,22,0.00444961743897016,0.45454545454545453,1.8097284610683855,-0.04751688230566464,0.00344961743897016,0.0033576771796355095,vol_z20_reentry,>=,1.0,atr_pct_reentry,>=,0.01
pair,vol_z20_entry&ret24_reentry,>= & <=,0.0 & 0.0,2,29,0.0042870400272683185,0.5172413793103449,2.084326107032235,-0.030691925017507726,0.0032870400272683184,0.0032975561337250815,vol_z20_entry,>=,0.0,ret24_reentry,<=,0.0
pair,vol_z20_entry&rsi_reentry,>= & <=,0.0 & 38,2,23,0.0033977596978600768,0.43478260869565216,1.6849544483205905,-0.03838960273452485,0.0023977596978600768,0.002280738809536292,vol_z20_entry,>=,0.0,rsi_reentry,<=,38.0
pair,rsi_reentry&ret12_reentry,<= & <=,35 & 0.0,2,24,0.0032874690038316398,0.4166666666666667,1.8051181166898118,-0.05562485083581281,0.0022874690038316397,0.002134656578413733,rsi_reentry,<=,35.0,ret12_reentry,<=,0.0
pair,rsi_reentry&ret24_reentry,<= & <=,35 & -0.04,2,21,0.003094331307557054,0.38095238095238093,1.611265096895316,-0.03918735201173151,0.002094331307557054,0.0018961662029797599,rsi_reentry,<=,35.0,ret24_reentry,<=,-0.04
pair,rsi_min&ret24_reentry,<= & <=,35 & -0.04,2,21,0.003094331307557054,0.38095238095238093,1.611265096895316,-0.03918735201173151,0.002094331307557054,0.0018961662029797599,rsi_min,<=,35.0,ret24_reentry,<=,-0.04
pair,ret12_reentry&ret24_reentry,<= & <=,0.0 & -0.04,2,22,0.0030353426403103415,0.36363636363636365,1.6389638084926574,-0.031350504064910245,0.0020353426403103415,0.0018151219337324317,ret12_reentry,<=,0.0,ret24_reentry,<=,-0.04
pair,ret12_reentry&rsi_min,<= & <=,0.0 & 35,2,25,0.002669258600205526,0.4,1.605741563269387,-0.055624850835813255,0.0016692586002055262,0.0014914461747876197,ret12_reentry,<=,0.0,rsi_min,<=,35.0
pair,vol_z20_reentry&ret12_reentry,>= & <=,0.0 & 0.0,2,36,0.0021353994142993705,0.5,1.4258982883347389,-0.08183266409631529,0.0011353994142993705,0.0010944830822512128,vol_z20_reentry,>=,0.0,ret12_reentry,<=,0.0
pair,vol_z20_entry&ret12_reentry,>= & <=,0.0 & 0.0,2,25,0.002135676225445815,0.44,1.465671650765463,-0.038930742661606454,0.0011356762254458152,0.0010262108541150118,vol_z20_entry,>=,0.0,ret12_reentry,<=,0.0
pair,rsi_reentry&atr_pct_reentry,<= & >=,35 & 0.01,2,26,0.0021006637721403543,0.4230769230769231,1.4365294273417557,-0.04411360999699876,0.0011006637721403542,0.0009632223517572396,rsi_reentry,<=,35.0,atr_pct_reentry,>=,0.01
pair,rsi_reentry&atr_pct_entry,<= & >=,38 & 0.02,2,23,0.001771367249211646,0.4782608695652174,1.2872279318115931,-0.05594461249901517,0.0007713672492116459,0.0007107862473099644,rsi_reentry,<=,38.0,atr_pct_entry,>=,0.02
pair,rsi_reentry&atr_pct_entry,<= & >=,35 & 0.01,2,27,0.0017242436182429012,0.4074074074074074,1.3495621327688045,-0.05182061644214009,0.0007242436182429012,0.0005594444211329422,rsi_reentry,<=,35.0,atr_pct_entry,>=,0.01
pair,rsi_reentry&ret12_reentry,<= & <=,38 & 0.0,2,42,0.0016829017710650966,0.42857142857142855,1.3439586490978115,-0.046974479501422195,0.0006829017710650966,0.0005522716741715283,rsi_reentry,<=,38.0,ret12_reentry,<=,0.0
