event_id,year,ret12,net12,reentry_volume_z>=1,reentry_rsi>=30,reentry_bb_width<=0.12,reentry_atr_pct<0.02,entry_volume_z>=0,fixed_rule_selected
1,2020,0.024377213087834138,0.023377213087834137,False,True,True,False,True,False
2,2020,-0.0017610213668892705,-0.0027610213668892705,True,False,False,False,False,False
3,2020,-0.038512925816662325,-0.039512925816662325,False,False,False,False,False,False
4,2020,-0.002632560268150397,-0.003632560268150397,False,True,True,True,False,False
5,2020,-0.010352438851789159,-0.01135243885178916,False,True,True,True,False,False
6,2020,-0.004751105131654887,-0.005751105131654887,True,True,True,True,True,True
7,2020,-0.001587714959754516,-0.002587714959754516,False,True,True,True,False,False
8,2020,0.013712338773600008,0.012712338773600007,True,True,True,True,False,False
9,2020,0.007261107505373676,0.006261107505373676,False,True,True,True,False,False
10,2020,-0.014986778629352715,-0.015986778629352716,False,False,False,False,True,False
11,2020,0.015425115183216098,0.014425115183216097,False,True,True,True,False,False
12,2020,-0.02722356427195749,-0.02822356427195749,True,True,True,True,False,False
13,2021,-0.02291500740040653,-0.02391500740040653,False,True,False,False,False,False
14,2021,-0.03202299104520534,-0.03302299104520534,False,True,False,False,False,False
15,2021,-0.1055818445565182,-0.1065818445565182,True,True,True,False,False,False
16,2021,-0.03998762682310664,-0.04098762682310664,False,True,False,False,False,False
17,2021,-0.0851150616259797,-0.0861150616259797,False,True,True,False,False,False
18,2021,0.10504984798785744,0.10404984798785744,True,True,False,False,False,False
19,2021,-0.015287665555645313,-0.016287665555645314,False,True,True,False,False,False
20,2021,0.02265237883663551,0.02165237883663551,False,True,True,False,False,False
21,2021,-0.0029845691339226432,-0.003984569133922643,False,False,False,False,False,False
22,2021,0.03338654151508713,0.03238654151508713,False,True,True,False,True,False
23,2021,-0.0004261617607508317,-0.0014261617607508317,False,True,True,False,False,False
24,2022,-0.060017344216864,-0.061017344216864,False,False,False,False,False,False
25,2022,-0.012731564768753478,-0.01373156476875348,False,True,True,False,False,False
26,2022,-0.055364588039223395,-0.056364588039223396,False,True,True,False,True,False
27,2022,0.052389276139410246,0.051389276139410245,True,True,False,False,True,False
28,2022,-0.053882071963302414,-0.054882071963302415,False,False,False,False,False,False
29,2022,0.05354351911384381,0.052543519113843806,False,True,True,False,True,False
30,2022,-0.03400091184851184,-0.03500091184851184,False,True,True,True,False,False
31,2022,-0.004251752597622116,-0.005251752597622116,False,True,True,True,True,False
32,2022,-0.007001763534732697,-0.008001763534732698,True,False,False,False,False,False
33,2022,-0.048665677048911005,-0.049665677048911006,True,False,False,False,False,False
34,2022,0.06448803579435602,0.06348803579435602,True,True,False,False,False,False
35,2022,-0.09776187483614429,-0.09876187483614429,False,True,True,True,True,False
36,2022,0.004693317058285018,0.003693317058285018,False,False,False,False,True,False
37,2022,0.12106177375440774,0.12006177375440774,False,False,True,True,True,False
38,2022,-0.026327197819091208,-0.02732719781909121,True,True,True,True,False,False
39,2022,-0.020908775754841846,-0.021908775754841847,False,False,True,True,True,False
40,2022,-0.013823997389769915,-0.014823997389769916,True,True,True,True,False,False
41,2022,0.05301294917031618,0.05201294917031618,True,True,True,True,True,True
42,2022,-0.020185319182669192,-0.021185319182669193,False,False,True,True,False,False
43,2023,-0.007402726918446789,-0.00840272691844679,False,True,True,True,True,False
44,2023,-0.04122534706298553,-0.04222534706298553,False,True,True,True,False,False
45,2023,0.09163060917516974,0.09063060917516974,True,False,False,False,True,False
46,2023,0.011404769821612648,0.010404769821612647,False,True,True,True,True,False
47,2023,-0.004919155664673713,-0.005919155664673713,True,True,True,True,False,False
48,2023,0.040062477681631625,0.039062477681631624,False,False,True,True,True,False
49,2023,0.0002357006560675945,-0.0007642993439324055,True,True,True,True,True,True
50,2023,-0.008108173235990446,-0.009108173235990447,True,True,True,True,True,True
51,2023,0.0009592519049386183,-4.074809506138168e-05,True,True,True,True,False,False
52,2023,0.003638977455061365,0.002638977455061365,False,True,True,True,True,False
53,2023,0.01643113952532982,0.015431139525329818,False,True,True,True,False,False
54,2023,0.023447063624093545,0.022447063624093544,False,True,True,True,True,False
55,2023,0.0488452225852023,0.047845222585202296,True,True,True,True,True,True
56,2023,-0.0036518654151608265,-0.0046518654151608265,False,True,True,True,True,False
57,2024,0.03174824671682375,0.030748246716823746,True,True,True,False,False,False
58,2024,-0.010953779838216882,-0.011953779838216883,True,True,True,True,True,True
59,2024,-0.004327386493784391,-0.005327386493784391,True,False,True,True,True,False
60,2024,0.03645300832237264,0.03545300832237264,False,True,True,True,False,False
61,2024,0.0028665977563131495,0.0018665977563131495,True,False,False,False,True,False
62,2024,-0.07124320738035705,-0.07224320738035706,True,True,True,True,False,False
63,2024,0.02486287344116378,0.02386287344116378,True,True,False,False,False,False
64,2024,-0.03164920207298594,-0.03264920207298594,False,True,True,True,True,False
65,2024,0.017281961255759537,0.016281961255759536,False,True,True,False,False,False
66,2024,0.027339945261345422,0.02633994526134542,False,True,True,True,True,False
67,2024,0.022663714256570655,0.021663714256570654,False,True,True,True,True,False
68,2024,0.023929238277171194,0.022929238277171193,True,True,True,False,False,False
69,2025,0.06305780933867489,0.062057809338674885,False,True,True,True,True,False
70,2025,-0.044787917599370064,-0.045787917599370065,False,False,False,False,False,False
71,2025,0.0012263817093121077,0.00022638170931210764,True,False,False,False,False,False
72,2025,0.040746836053308755,0.039746836053308754,False,False,False,False,False,False
73,2025,-0.006909980617836431,-0.007909980617836432,False,True,True,True,True,False
74,2025,-0.015569717141622696,-0.016569717141622697,False,False,False,True,True,False
75,2025,-0.0169797082560057,-0.0179797082560057,False,True,True,True,True,False
76,2025,0.016922486425456684,0.015922486425456683,False,True,True,True,True,False
77,2025,-0.004455502906240305,-0.005455502906240305,False,True,True,True,False,False
78,2025,-0.017411767378289644,-0.018411767378289645,False,True,True,True,True,False
79,2025,0.03552084109662457,0.034520841096624566,False,True,True,True,False,False
80,2025,-0.02825024607556481,-0.029250246075564812,True,False,True,True,False,False
81,2025,-0.032722169064504314,-0.033722169064504315,False,True,True,True,False,False
82,2025,0.036999595056602885,0.035999595056602884,True,False,False,False,False,False
83,2025,0.08279372287581732,0.08179372287581732,False,False,True,True,True,False
84,2025,0.00045014144846988735,-0.0005498585515301127,False,True,True,True,True,False
85,2026,0.012882974487458343,0.011882974487458342,True,True,True,True,False,False
86,2026,-0.16336556660999857,-0.16436556660999857,False,True,True,False,False,False
87,2026,0.06556466238399583,0.06456466238399583,True,False,False,False,True,False
88,2026,0.06614670895050168,0.06514670895050167,False,True,True,True,False,False
89,2026,0.009169301403329166,0.008169301403329166,False,True,True,True,False,False
90,2026,0.0017703799881472193,0.0007703799881472193,True,True,True,True,True,True
91,2026,0.01919378496238333,0.01819378496238333,True,True,True,True,True,True
92,2026,0.03726943270713168,0.03626943270713168,True,False,False,False,False,False
93,2026,0.01597731262421087,0.01497731262421087,False,True,True,True,False,False
94,2026,0.022460660746385752,0.02146066074638575,False,True,True,True,True,False
95,2026,-0.0013299115507173775,-0.0023299115507173776,False,True,True,True,False,False
