n,avg_net,win_rate,profit_factor,sample,excluded_condition,excluded_year
8,0.0114056223945318,0.5,4.308691885779822,all_conditions,,
25,0.00318446677765734,0.48,1.3583752833033134,one_condition_removed,reentry_volume_z>=1,
9,0.00954639918471889,0.4444444444444444,3.6111004707613232,one_condition_removed,reentry_rsi>=30,
8,0.0114056223945318,0.5,4.308691885779822,one_condition_removed,reentry_bb_width<=0.12,
8,0.0114056223945318,0.5,4.308691885779822,one_condition_removed,reentry_atr_pct<0.02,
16,-0.002046098637724876,0.375,0.8141549442297945,one_condition_removed,entry_volume_z>=0,
7,0.013856583469701327,0.5714285714285714,5.444010012790658,fixed_rule_leave_one_year_out,year_2020,2020.0
8,0.0114056223945318,0.5,4.308691885779822,fixed_rule_leave_one_year_out,year_2021,2021.0
7,0.005604575712276889,0.42857142857142855,2.4226174467622403,fixed_rule_leave_one_year_out,year_2022,2022.0
5,0.010654445830194991,0.6,4.008900043215632,fixed_rule_leave_one_year_out,year_2023,2023.0
7,0.01474267985635304,0.5714285714285714,7.605321834703494,fixed_rule_leave_one_year_out,year_2024,2024.0
8,0.0114056223945318,0.5,4.308691885779822,fixed_rule_leave_one_year_out,year_2025,2025.0
6,0.012046802367620643,0.3333333333333333,3.6210203089694555,fixed_rule_leave_one_year_out,year_2026,2026.0
