state,year,n,h,avg,net,win
ADX<20,2020,0,2,,,
ADX<20,2020,0,3,,,
ADX<20,2020,0,6,,,
ADX<20,2020,0,12,,,
ADX<20,2021,0,2,,,
ADX<20,2021,0,3,,,
ADX<20,2021,0,6,,,
ADX<20,2021,0,12,,,
ADX<20,2022,1,2,-0.008054157249612559,-0.00905415724961256,0.0
ADX<20,2022,1,3,-0.014584164562302937,-0.015584164562302938,0.0
ADX<20,2022,1,6,-0.08780837266931896,-0.08880837266931896,0.0
ADX<20,2022,1,12,-0.09776187483614429,-0.09876187483614429,0.0
ADX<20,2023,4,2,-0.005134767432688897,-0.006134767432688897,0.25
ADX<20,2023,4,3,-0.0040923877858521085,-0.0050923877858521085,0.25
ADX<20,2023,4,6,-0.0016214558827015169,-0.002621455882701517,0.25
ADX<20,2023,4,12,0.003878506690955491,0.002878506690955491,0.5
ADX<20,2024,2,2,-0.007935579848919516,-0.008935579848919517,0.5
ADX<20,2024,2,3,0.007575631441929631,0.006575631441929631,0.5
ADX<20,2024,2,6,0.017910501163789616,0.016910501163789615,0.5
ADX<20,2024,2,12,0.025634591769258308,0.024634591769258307,1.0
ADX<20,2025,1,2,0.0028078095227281885,0.0018078095227281885,1.0
ADX<20,2025,1,3,0.003468266825905175,0.002468266825905175,1.0
ADX<20,2025,1,6,0.011758333823255862,0.010758333823255861,1.0
ADX<20,2025,1,12,0.016922486425456684,0.015922486425456683,1.0
ADX<20,2026,1,2,0.007731174468083912,0.006731174468083912,1.0
ADX<20,2026,1,3,-0.013903801517947345,-0.014903801517947346,0.0
ADX<20,2026,1,6,-0.013853798121612693,-0.014853798121612694,0.0
ADX<20,2026,1,12,0.0017703799881472193,0.0007703799881472193,1.0
ADX20-25,2020,3,2,-1.0206479971926659e-06,-0.0010010206479971926,0.3333333333333333
ADX20-25,2020,3,3,-0.00044530777670651983,-0.00144530777670652,0.3333333333333333
ADX20-25,2020,3,6,-0.0004514374049278865,-0.0014514374049278864,0.3333333333333333
ADX20-25,2020,3,12,-0.0029904601198532665,-0.0039904601198532666,0.0
ADX20-25,2021,1,2,-0.015930743821820248,-0.01693074382182025,0.0
ADX20-25,2021,1,3,0.01523142829002233,0.01423142829002233,1.0
ADX20-25,2021,1,6,0.010805789996595871,0.00980578999659587,1.0
ADX20-25,2021,1,12,0.03338654151508713,0.03238654151508713,1.0
ADX20-25,2022,3,2,-0.004279537061471106,-0.005279537061471106,0.6666666666666666
ADX20-25,2022,3,3,-0.007971308451501216,-0.008971308451501216,0.6666666666666666
ADX20-25,2022,3,6,0.004973171789938909,0.003973171789938909,0.6666666666666666
ADX20-25,2022,3,12,0.038019126235953306,0.037019126235953305,0.6666666666666666
ADX20-25,2023,4,2,0.006897474791060398,0.005897474791060398,1.0
ADX20-25,2023,4,3,0.0016119300514617352,0.0006119300514617352,0.75
ADX20-25,2023,4,6,0.00578989586026199,0.00478989586026199,0.5
ADX20-25,2023,4,12,-0.001144758535111784,-0.002144758535111784,0.5
ADX20-25,2024,1,2,0.0008795737425124628,-0.00012042625748753723,1.0
ADX20-25,2024,1,3,8.337114244660881e-05,-0.0009166288575533912,1.0
ADX20-25,2024,1,6,0.0077918440419115775,0.0067918440419115775,1.0
ADX20-25,2024,1,12,0.03645300832237264,0.03545300832237264,1.0
ADX20-25,2025,2,2,-0.010522537581369618,-0.011522537581369618,0.0
ADX20-25,2025,2,3,-0.013590191725400769,-0.01459019172540077,0.0
ADX20-25,2025,2,6,-0.014323346495718148,-0.015323346495718149,0.0
ADX20-25,2025,2,12,-0.010717605581123002,-0.011717605581123003,0.0
ADX20-25,2026,3,2,0.014864897115233422,0.013864897115233421,1.0
ADX20-25,2026,3,3,0.01530391430709425,0.01430391430709425,1.0
ADX20-25,2026,3,6,0.015444142837816402,0.014444142837816403,1.0
ADX20-25,2026,3,12,0.02693137000799839,0.02593137000799839,0.6666666666666666
ADX>=25,2020,9,2,-0.0020009668373680567,-0.0030009668373680567,0.3333333333333333
ADX>=25,2020,9,3,-0.007231456523837585,-0.008231456523837586,0.2222222222222222
ADX>=25,2020,9,6,-0.01233890479276778,-0.01333890479276778,0.2222222222222222
ADX>=25,2020,9,12,-0.003562328265180782,-0.004562328265180782,0.4444444444444444
ADX>=25,2021,10,2,-0.004323727252000531,-0.005323727252000531,0.3
ADX>=25,2021,10,3,-0.014093175410222536,-0.015093175410222537,0.4
ADX>=25,2021,10,6,-0.01633796912030444,-0.01733796912030444,0.3
ADX>=25,2021,10,12,-0.017661870107704224,-0.018661870107704225,0.2
ADX>=25,2022,15,2,0.00472307749137797,0.0037230774913779695,0.4666666666666667
ADX>=25,2022,15,3,0.007836865100228045,0.006836865100228045,0.4666666666666667
ADX>=25,2022,15,6,0.0019994052569258275,0.0009994052569258275,0.4666666666666667
ADX>=25,2022,15,12,-0.008135298122768935,-0.009135298122768934,0.26666666666666666
ADX>=25,2023,6,2,0.009562183717986006,0.008562183717986005,0.5
ADX>=25,2023,6,3,0.01115513807778292,0.01015513807778292,0.5
ADX>=25,2023,6,6,0.0046745670490130715,0.0036745670490130715,0.5
ADX>=25,2023,6,12,0.026735491918079186,0.025735491918079185,0.8333333333333334
ADX>=25,2024,9,2,0.001147560450613964,0.00014756045061396403,0.4444444444444444
ADX>=25,2024,9,3,0.0077173776259971865,0.0067173776259971864,0.6666666666666666
ADX>=25,2024,9,6,0.002745631867621544,0.0017456318676215441,0.6666666666666666
ADX>=25,2024,9,12,-0.0020833535954125995,-0.0030833535954125995,0.5555555555555556
ADX>=25,2025,13,2,-0.002795451075523199,-0.003795451075523199,0.7692307692307693
ADX>=25,2025,13,3,-0.0009294582264566851,-0.0019294582264566852,0.5384615384615384
ADX>=25,2025,13,6,-0.007693001220037508,-0.008693001220037508,0.46153846153846156
ADX>=25,2025,13,12,0.008857194592432496,0.007857194592432497,0.5384615384615384
ADX>=25,2026,7,2,0.010820392640315155,0.009820392640315156,0.42857142857142855
ADX>=25,2026,7,3,0.009436468191727419,0.008436468191727418,0.5714285714285714
ADX>=25,2026,7,6,-0.002478432074353149,-0.003478432074353149,0.5714285714285714
ADX>=25,2026,7,12,0.00045360715438364744,-0.0005463928456163526,0.8571428571428571
MFI<20,2020,4,2,0.0030695094469501694,0.0020695094469501693,0.75
MFI<20,2020,4,3,-0.0034728010180324065,-0.0044728010180324065,0.5
MFI<20,2020,4,6,-0.020268625890819958,-0.02126862589081996,0.25
MFI<20,2020,4,12,-0.016403291166173367,-0.017403291166173368,0.0
MFI<20,2021,1,2,0.056639805036930335,0.055639805036930334,1.0
MFI<20,2021,1,3,0.08415365682624487,0.08315365682624487,1.0
MFI<20,2021,1,6,0.11864703426385992,0.11764703426385992,1.0
MFI<20,2021,1,12,0.10504984798785744,0.10404984798785744,1.0
MFI<20,2022,4,2,-0.0052795025129731,-0.0062795025129731,0.0
MFI<20,2022,4,3,-0.009800435592492024,-0.010800435592492025,0.0
MFI<20,2022,4,6,-0.027563650821913005,-0.028563650821913006,0.25
MFI<20,2022,4,12,-0.029509937784149398,-0.0305099377841494,0.25
MFI<20,2023,1,2,0.03474081115423311,0.03374081115423311,1.0
MFI<20,2023,1,3,0.04462493394902722,0.04362493394902722,1.0
MFI<20,2023,1,6,0.02777327857023626,0.02677327857023626,1.0
MFI<20,2023,1,12,0.003638977455061365,0.002638977455061365,1.0
MFI<20,2024,5,2,7.462549516019656e-05,-0.0009253745048398035,0.6
MFI<20,2024,5,3,0.009882525228233362,0.008882525228233362,0.6
MFI<20,2024,5,6,-0.002091465538037496,-0.003091465538037496,0.6
MFI<20,2024,5,12,-0.0005222295248773934,-0.0015222295248773934,0.6
MFI<20,2025,5,2,0.0023256642374195778,0.0013256642374195778,0.8
MFI<20,2025,5,3,-0.00010019861866594759,-0.0011001986186659476,0.4
MFI<20,2025,5,6,-0.027106274506908567,-0.028106274506908568,0.2
MFI<20,2025,5,12,-0.009608930833663942,-0.010608930833663942,0.4
MFI<20,2026,4,2,0.014097767479842233,0.013097767479842232,0.5
MFI<20,2026,4,3,0.014433464554936465,0.013433464554936464,0.5
MFI<20,2026,4,6,0.006235268099866964,0.005235268099866964,0.5
MFI<20,2026,4,12,0.031995177279666887,0.030995177279666886,1.0
MFI20-30,2020,1,2,-0.0015221149868756,-0.0025221149868756,0.0
MFI20-30,2020,1,3,-0.006036992064414881,-0.007036992064414881,0.0
MFI20-30,2020,1,6,-0.018964961808924485,-0.019964961808924486,0.0
MFI20-30,2020,1,12,0.015425115183216098,0.014425115183216097,1.0
MFI20-30,2021,1,2,-0.0016081221539333557,-0.0026081221539333557,0.0
MFI20-30,2021,1,3,0.0007957362021799863,-0.00020426379782001371,1.0
MFI20-30,2021,1,6,-0.0070566511790154385,-0.00805665117901544,0.0
MFI20-30,2021,1,12,-0.0029845691339226432,-0.003984569133922643,0.0
MFI20-30,2022,3,2,-0.012636652818803515,-0.013636652818803514,0.3333333333333333
MFI20-30,2022,3,3,0.006240530970439602,0.005240530970439602,0.6666666666666666
MFI20-30,2022,3,6,0.004171691524573602,0.0031716915245736024,0.6666666666666666
MFI20-30,2022,3,12,-0.023756953449739604,-0.024756953449739605,0.0
MFI20-30,2023,9,2,0.0036462982201062896,0.0026462982201062896,0.6666666666666666
MFI20-30,2023,9,3,-5.7059853598310596e-05,-0.0010570598535983107,0.5555555555555556
MFI20-30,2023,9,6,4.097904284663636e-05,-0.0009590209571533636,0.3333333333333333
MFI20-30,2023,9,12,0.004395001944393006,0.0033950019443930056,0.6666666666666666
MFI20-30,2024,5,2,-0.007431336073896589,-0.008431336073896588,0.2
MFI20-30,2024,5,3,0.0025759987294241117,0.0015759987294241117,0.6
MFI20-30,2024,5,6,0.00843717089652023,0.00743717089652023,0.6
MFI20-30,2024,5,12,0.002493286909523906,0.0014932869095239062,0.6
MFI20-30,2025,10,2,-0.006895163453564857,-0.007895163453564856,0.6
MFI20-30,2025,10,3,-0.0039696919591848175,-0.0049696919591848175,0.5
MFI20-30,2025,10,6,0.0013878465753443757,0.0003878465753443757,0.5
MFI20-30,2025,10,12,0.012167586407654996,0.011167586407654997,0.5
MFI20-30,2026,5,2,0.0075482482762758265,0.0065482482762758264,0.6
MFI20-30,2026,5,3,0.000924499518742894,-7.550048125710604e-05,0.6
MFI20-30,2026,5,6,-0.008068662124850268,-0.009068662124850267,0.6
MFI20-30,2026,5,12,-0.0126743436443016,-0.0136743436443016,0.8
MFI30-50,2020,7,2,-0.004109669468747024,-0.005109669468747024,0.14285714285714285
MFI30-50,2020,7,3,-0.006641547986873331,-0.007641547986873331,0.14285714285714285
MFI30-50,2020,7,6,-0.0017664271396413372,-0.0027664271396413372,0.2857142857142857
MFI30-50,2020,7,12,0.0013079592478986474,0.00030795924789864737,0.42857142857142855
MFI30-50,2021,8,2,-0.010102783531408324,-0.011102783531408325,0.25
MFI30-50,2021,8,3,-0.01664514320140889,-0.01764514320140889,0.375
MFI30-50,2021,8,6,-0.022321608867033757,-0.023321608867033758,0.375
MFI30-50,2021,8,12,-0.020022797098738776,-0.021022797098738777,0.25
MFI30-50,2022,11,2,0.005950876966113839,0.004950876966113839,0.6363636363636364
MFI30-50,2022,11,3,0.006206231646327872,0.005206231646327872,0.5454545454545454
MFI30-50,2022,11,6,0.0016316287716505124,0.0006316287716505123,0.45454545454545453
MFI30-50,2022,11,12,0.0028352152160534346,0.0018352152160534345,0.36363636363636365
MFI30-50,2023,4,2,-0.0007833908484469188,-0.0017833908484469188,0.25
MFI30-50,2023,4,3,0.0032244005656233976,0.0022244005656233976,0.25
MFI30-50,2023,4,6,0.004144768062116083,0.003144768062116083,0.5
MFI30-50,2023,4,12,0.032038487294312884,0.031038487294312883,0.5
MFI30-50,2024,2,2,0.016060005496940533,0.015060005496940532,1.0
MFI30-50,2024,2,3,0.01119920643599659,0.010199206435996588,1.0
MFI30-50,2024,2,6,0.018297503192835518,0.017297503192835517,1.0
MFI30-50,2024,2,12,0.029558361289471646,0.028558361289471645,1.0
MFI30-50,2025,1,2,0.002745183726738043,0.001745183726738043,1.0
MFI30-50,2025,1,3,0.004402839116344648,0.003402839116344648,1.0
MFI30-50,2025,1,6,0.004755531752431041,0.0037555317524310414,1.0
MFI30-50,2025,1,12,0.036999595056602885,0.035999595056602884,1.0
MFI30-50,2026,2,2,0.016968151497621098,0.015968151497621097,1.0
MFI30-50,2026,2,3,0.017853431465983505,0.016853431465983504,1.0
MFI30-50,2026,2,6,0.015265922048073977,0.014265922048073976,1.0
MFI30-50,2026,2,12,0.010565374597834187,0.009565374597834186,0.5
OBVz<-1,2020,8,2,-0.0007382330789610925,-0.0017382330789610925,0.375
OBVz<-1,2020,8,3,-0.003786696186218949,-0.004786696186218949,0.25
OBVz<-1,2020,8,6,-0.003801384724205839,-0.004801384724205839,0.25
OBVz<-1,2020,8,12,-0.0008948422820438812,-0.0018948422820438812,0.375
OBVz<-1,2021,6,2,-0.0031693132340021766,-0.004169313234002176,0.3333333333333333
OBVz<-1,2021,6,3,0.0022080512609758776,0.0012080512609758775,0.6666666666666666
OBVz<-1,2021,6,6,0.001501895300183335,0.000501895300183335,0.3333333333333333
OBVz<-1,2021,6,12,0.0020891213043387666,0.0010891213043387666,0.5
OBVz<-1,2022,14,2,-0.001715410542625925,-0.002715410542625925,0.35714285714285715
OBVz<-1,2022,14,3,0.0024170289918975913,0.0014170289918975913,0.42857142857142855
OBVz<-1,2022,14,6,-0.004227282638582678,-0.005227282638582678,0.5
OBVz<-1,2022,14,12,-0.009822475440407106,-0.010822475440407105,0.2857142857142857
OBVz<-1,2023,12,2,0.0036792892944611244,0.0026792892944611244,0.5
OBVz<-1,2023,12,3,0.005274027851328744,0.004274027851328744,0.5
OBVz<-1,2023,12,6,0.004910480869815918,0.003910480869815918,0.5
OBVz<-1,2023,12,12,0.01769479921156399,0.01669479921156399,0.6666666666666666
OBVz<-1,2024,9,2,0.0003870994650632737,-0.0006129005349367263,0.4444444444444444
OBVz<-1,2024,9,3,0.007200356038791088,0.006200356038791088,0.6666666666666666
OBVz<-1,2024,9,6,0.009142806081620202,0.008142806081620203,0.6666666666666666
OBVz<-1,2024,9,12,0.008870330031443231,0.007870330031443232,0.6666666666666666
OBVz<-1,2025,14,2,-0.004060587271539169,-0.005060587271539169,0.7142857142857143
OBVz<-1,2025,14,3,-0.0040612195924204985,-0.0050612195924204986,0.5
OBVz<-1,2025,14,6,-0.010262656158423691,-0.01126265615842369,0.35714285714285715
OBVz<-1,2025,14,12,0.0008608681806809769,-0.00013913181931902313,0.42857142857142855
OBVz<-1,2026,7,2,0.014008363911813577,0.013008363911813578,0.7142857142857143
OBVz<-1,2026,7,3,0.011362417090537933,0.010362417090537934,0.5714285714285714
OBVz<-1,2026,7,6,0.005945588339143303,0.004945588339143303,0.5714285714285714
OBVz<-1,2026,7,12,0.021554548328926164,0.020554548328926163,0.8571428571428571
OBVz-1to1,2020,3,2,0.0004870175557475746,-0.0005129824442524254,0.3333333333333333
OBVz-1to1,2020,3,3,-0.004409775467059118,-0.005409775467059118,0.3333333333333333
OBVz-1to1,2020,3,6,-0.003180816343791526,-0.004180816343791526,0.3333333333333333
OBVz-1to1,2020,3,12,0.0015464431089421786,0.0005464431089421786,0.3333333333333333
OBVz-1to1,2021,4,2,-0.009747838368798972,-0.010747838368798973,0.25
OBVz-1to1,2021,4,3,-0.03690444189546099,-0.037904441895460994,0.0
OBVz-1to1,2021,4,6,-0.0431533391867899,-0.0441533391867899,0.25
OBVz-1to1,2021,4,12,-0.03883518140680922,-0.03983518140680922,0.0
OBVz-1to1,2022,4,2,0.00761185642892806,0.00661185642892806,0.75
OBVz-1to1,2022,4,3,0.0034874981910977543,0.0024874981910977543,0.5
OBVz-1to1,2022,4,6,-0.005152413821404522,-0.006152413821404522,0.25
OBVz-1to1,2022,4,12,-0.005152146985882289,-0.006152146985882289,0.25
OBVz-1to1,2023,2,2,0.010136230103934274,0.009136230103934273,1.0
OBVz-1to1,2023,2,3,-0.003139668343404456,-0.004139668343404456,0.5
OBVz-1to1,2023,2,6,-0.007102304116735347,-0.008102304116735348,0.0
OBVz-1to1,2023,2,12,-0.020494823203458967,-0.021494823203458968,0.5
OBVz-1to1,2024,2,2,-0.008664090747901698,-0.009664090747901699,0.5
OBVz-1to1,2024,2,3,-0.005267934250174022,-0.006267934250174022,0.5
OBVz-1to1,2024,2,6,-0.025602569426089072,-0.026602569426089073,0.5
OBVz-1to1,2024,2,12,-0.01739509952899221,-0.01839509952899221,0.5
OBVz-1to1,2025,1,2,-0.0011983179336062522,-0.002198317933606252,0.0
OBVz-1to1,2025,1,3,-0.00022013157338762745,-0.0012201315733876275,0.0
OBVz-1to1,2025,1,6,0.005362069333797015,0.004362069333797015,1.0
OBVz-1to1,2025,1,12,0.03552084109662457,0.034520841096624566,1.0
OBVz-1to1,2026,4,2,0.007502516728323805,0.006502516728323805,0.5
OBVz-1to1,2026,4,3,0.004631574777915454,0.0036315747779154537,0.75
OBVz-1to1,2026,4,6,-0.0066223781256596614,-0.0076223781256596615,0.75
OBVz-1to1,2026,4,12,-0.016285524552413805,-0.017285524552413806,0.75
OBVz>=1,2020,1,2,-0.013566951515858072,-0.014566951515858073,0.0
OBVz>=1,2020,1,3,-0.022896136153728874,-0.023896136153728875,0.0
OBVz>=1,2020,1,6,-0.07245092852467239,-0.07345092852467239,0.0
OBVz>=1,2020,1,12,-0.038512925816662325,-0.039512925816662325,0.0
OBVz>=1,2021,1,2,-0.0011607834626166103,-0.0021607834626166103,0.0
OBVz>=1,2021,1,3,0.008669134203785678,0.007669134203785678,1.0
OBVz>=1,2021,1,6,0.011028083739611061,0.01002808373961106,1.0
OBVz>=1,2021,1,12,-0.0004261617607508317,-0.0014261617607508317,0.0
OBVz>=1,2022,1,2,0.04352171581769437,0.04252171581769437,1.0
OBVz>=1,2022,1,3,0.031266487935656784,0.030266487935656783,1.0
OBVz>=1,2022,1,6,0.036893833780160756,0.035893833780160755,1.0
OBVz>=1,2022,1,12,0.052389276139410246,0.051389276139410245,1.0
OBVz>=1,2023,0,2,,,
OBVz>=1,2023,0,3,,,
OBVz>=1,2023,0,6,,,
OBVz>=1,2023,0,12,,,
OBVz>=1,2024,1,2,0.00918074441043304,0.008180744410433038,1.0
OBVz>=1,2024,1,3,0.030423696811508805,0.029423696811508804,1.0
OBVz>=1,2024,1,6,0.037243417295681036,0.036243417295681035,1.0
OBVz>=1,2024,1,12,0.023929238277171194,0.022929238277171193,1.0
OBVz>=1,2025,1,2,0.00346841011334198,0.0024684101133419798,1.0
OBVz>=1,2025,1,3,0.021282132298441336,0.020282132298441335,1.0
OBVz>=1,2025,1,6,0.021417741855466632,0.02041774185546663,1.0
OBVz>=1,2025,1,12,0.06305780933867489,0.062057809338674885,1.0
OBVz>=1,2026,0,2,,,
OBVz>=1,2026,0,3,,,
OBVz>=1,2026,0,6,,,
OBVz>=1,2026,0,12,,,
Volz<0,2020,6,2,-0.0005050928140334551,-0.0015050928140334552,0.3333333333333333
Volz<0,2020,6,3,-0.004676121590277231,-0.005676121590277231,0.3333333333333333
Volz<0,2020,6,6,-0.004035858863146576,-0.005035858863146576,0.3333333333333333
Volz<0,2020,6,12,0.004642730319861048,0.0036427303198610476,0.5
Volz<0,2021,5,2,-0.007731123841575127,-0.008731123841575126,0.2
Volz<0,2021,5,3,-0.01705321544467875,-0.01805321544467875,0.4
Volz<0,2021,5,6,-0.025402818358516967,-0.026402818358516968,0.4
Volz<0,2021,5,12,-0.020218303501229374,-0.021218303501229375,0.2
Volz<0,2022,7,2,-0.0027648050898520437,-0.0037648050898520437,0.14285714285714285
Volz<0,2022,7,3,-0.0022352699571060375,-0.0032352699571060375,0.2857142857142857
Volz<0,2022,7,6,-0.013481769523435652,-0.014481769523435651,0.42857142857142855
Volz<0,2022,7,12,-0.009008213219399819,-0.01000821321939982,0.2857142857142857
Volz<0,2023,2,2,0.01894214892559587,0.01794214892559587,1.0
Volz<0,2023,2,3,0.02707476912348883,0.026074769123488828,1.0
Volz<0,2023,2,6,0.01436166073488776,0.01336166073488776,1.0
Volz<0,2023,2,12,-6.44398004973068e-06,-0.0010064439800497307,0.5
Volz<0,2024,3,2,0.0023560356285363313,0.0013560356285363313,0.6666666666666666
Volz<0,2024,3,3,0.002375326314781212,0.001375326314781212,0.6666666666666666
Volz<0,2024,3,6,0.011724197139189744,0.010724197139189744,0.6666666666666666
Volz<0,2024,3,12,0.028818889280096238,0.027818889280096237,1.0
Volz<0,2025,1,2,-0.03199417751436806,-0.03299417751436806,0.0
Volz<0,2025,1,3,-0.021737322436995332,-0.022737322436995333,0.0
Volz<0,2025,1,6,-0.01929293730514403,-0.020292937305144032,0.0
Volz<0,2025,1,12,-0.017411767378289644,-0.018411767378289645,0.0
Volz<0,2026,4,2,0.003884939807859422,0.002884939807859422,0.5
Volz<0,2026,4,3,0.00019247436658589856,-0.0008075256334141015,0.5
Volz<0,2026,4,6,-0.012047819691512418,-0.013047819691512419,0.5
Volz<0,2026,4,12,-0.03326637900275026,-0.03426637900275026,0.5
Volz0-1,2020,2,2,-0.005094262843634345,-0.006094262843634345,0.5
Volz0-1,2020,2,3,-0.011788395590777434,-0.012788395590777435,0.0
Volz0-1,2020,2,6,-0.03981294842090083,-0.04081294842090083,0.0
Volz0-1,2020,2,12,-0.02443268233422574,-0.025432682334225742,0.0
Volz0-1,2021,4,2,-0.010434353860419743,-0.011434353860419744,0.25
Volz0-1,2021,4,3,-0.016677024399360668,-0.01767702439936067,0.5
Volz0-1,2021,4,6,-0.014197489145649667,-0.015197489145649667,0.25
Volz0-1,2021,4,12,-0.010402161371786872,-0.011402161371786873,0.25
Volz0-1,2022,5,2,-0.00321223668226116,-0.00421223668226116,0.6
Volz0-1,2022,5,3,-0.00357571634779994,-0.00457571634779994,0.4
Volz0-1,2022,5,6,0.0019770141313652178,0.0009770141313652178,0.4
Volz0-1,2022,5,12,-0.023349620149119454,-0.024349620149119455,0.2
Volz0-1,2023,6,2,-0.00045784886054493307,-0.0014578488605449331,0.5
Volz0-1,2023,6,3,-0.005052602072221339,-0.006052602072221339,0.3333333333333333
Volz0-1,2023,6,6,0.001025502380496257,2.550238049625706e-05,0.3333333333333333
Volz0-1,2023,6,12,0.0071195627785392195,0.0061195627785392195,0.6666666666666666
Volz0-1,2024,2,2,0.0008717685329842073,-0.0001282314670157927,1.0
Volz0-1,2024,2,3,0.004557513860825646,0.003557513860825646,0.5
Volz0-1,2024,2,6,0.007680380312274249,0.006680380312274249,1.0
Volz0-1,2024,2,12,-0.0071836204086132005,-0.008183620408613201,0.5
Volz0-1,2025,12,2,-0.0036763584041922905,-0.004676358404192291,0.6666666666666666
Volz0-1,2025,12,3,-0.0017326771226916875,-0.0027326771226916877,0.5
Volz0-1,2025,12,6,-0.0024853012719132463,-0.0034853012719132464,0.5
Volz0-1,2025,12,12,0.009838903471064383,0.008838903471064384,0.5
Volz0-1,2026,2,2,0.019050256108726016,0.018050256108726015,1.0
Volz0-1,2026,2,3,0.022597788470328006,0.021597788470328005,1.0
Volz0-1,2026,2,6,0.02291469510695643,0.021914695106956428,1.0
Volz0-1,2026,2,12,0.04106201078735627,0.04006201078735627,1.0
Volz>=1,2020,4,2,-0.001198170227208667,-0.002198170227208667,0.25
Volz>=1,2020,4,3,-0.0036963778303598926,-0.004696377830359893,0.25
Volz>=1,2020,4,6,-0.002140851332253141,-0.003140851332253141,0.25
Volz>=1,2020,4,12,-0.00500583799922541,-0.00600583799922541,0.25
Volz>=1,2021,2,2,0.010612509153864524,0.009612509153864524,0.5
Volz>=1,2021,2,3,0.013136924504316694,0.012136924504316693,0.5
Volz>=1,2021,2,6,0.015615073584367478,0.014615073584367477,0.5
Volz>=1,2021,2,12,-0.0002659982843303821,-0.001265998284330382,0.5
Volz>=1,2022,7,2,0.012195458996701967,0.011195458996701966,0.7142857142857143
Volz>=1,2022,7,3,0.01608290828933658,0.015082908289336578,0.7142857142857143
Volz>=1,2022,7,6,0.005941362508801237,0.004941362508801237,0.5714285714285714
Volz>=1,2022,7,12,0.010581660758796805,0.009581660758796805,0.42857142857142855
Volz>=1,2023,6,2,0.004881121175579983,0.0038811211755799832,0.5
Volz>=1,2023,6,3,0.005529178619247732,0.004529178619247732,0.5
Volz>=1,2023,6,6,0.0016408044085945428,0.0006408044085945428,0.3333333333333333
Volz>=1,2023,6,12,0.021440575903452348,0.020440575903452347,0.6666666666666666
Volz>=1,2024,7,2,-0.0019250265501969002,-0.0029250265501969,0.2857142857142857
Volz>=1,2024,7,3,0.009778575142040804,0.008778575142040803,0.7142857142857143
Volz>=1,2024,7,6,0.002541454447995282,0.0015414544479952822,0.5714285714285714
Volz>=1,2024,7,12,-0.0004453453601266366,-0.0014453453601266366,0.5714285714285714
Volz>=1,2025,3,2,0.007177449580954305,0.006177449580954305,1.0
Volz>=1,2025,3,3,0.002244791446820771,0.0012447914468207708,0.6666666666666666
Volz>=1,2025,3,6,-0.022593607486855016,-0.023593607486855017,0.3333333333333333
Volz>=1,2025,3,12,0.0033252435634500608,0.0023252435634500608,0.6666666666666666
Volz>=1,2026,5,2,0.014885668569420108,0.013885668569420109,0.6
Volz>=1,2026,5,3,0.010419548867685546,0.009419548867685545,0.6
Volz>=1,2026,5,6,0.003498298884700257,0.002498298884700257,0.6
Volz>=1,2026,5,12,0.02733624690582328,0.026336246905823278,1.0
Body<0.3,2020,6,2,0.0008929589199016541,-0.00010704108009834592,0.3333333333333333
Body<0.3,2020,6,3,-0.003771628561062538,-0.004771628561062538,0.3333333333333333
Body<0.3,2020,6,6,-0.0172344355773979,-0.0182344355773979,0.16666666666666666
Body<0.3,2020,6,12,-0.0051457294979571815,-0.0061457294979571815,0.3333333333333333
Body<0.3,2021,3,2,0.0017647581619696002,0.0007647581619696002,0.3333333333333333
Body<0.3,2021,3,3,0.01383509243288524,0.012835092432885241,0.6666666666666666
Body<0.3,2021,3,6,0.014011979055110277,0.013011979055110277,0.6666666666666666
Body<0.3,2021,3,12,0.010951514982142122,0.009951514982142123,0.6666666666666666
Body<0.3,2022,10,2,0.0026509925803141154,0.0016509925803141153,0.5
Body<0.3,2022,10,3,0.0033326706561271568,0.0023326706561271567,0.5
Body<0.3,2022,10,6,-0.011458005231771895,-0.012458005231771895,0.4
Body<0.3,2022,10,12,-0.024384665648797477,-0.025384665648797478,0.2
Body<0.3,2023,7,2,0.004642900903360471,0.0036429009033604708,0.5714285714285714
Body<0.3,2023,7,3,0.0018945280133918813,0.0008945280133918813,0.5714285714285714
Body<0.3,2023,7,6,0.005588764638285028,0.004588764638285028,0.42857142857142855
Body<0.3,2023,7,12,0.007432472971732186,0.006432472971732186,0.5714285714285714
Body<0.3,2024,1,2,0.00918074441043304,0.008180744410433038,1.0
Body<0.3,2024,1,3,0.030423696811508805,0.029423696811508804,1.0
Body<0.3,2024,1,6,0.037243417295681036,0.036243417295681035,1.0
Body<0.3,2024,1,12,0.023929238277171194,0.022929238277171193,1.0
Body<0.3,2025,7,2,-0.0011541610110344142,-0.002154161011034414,0.7142857142857143
Body<0.3,2025,7,3,0.0012456546735349905,0.00024565467353499047,0.7142857142857143
Body<0.3,2025,7,6,-0.002424202574824278,-0.003424202574824278,0.42857142857142855
Body<0.3,2025,7,12,0.021448024970654535,0.020448024970654535,0.7142857142857143
Body<0.3,2026,5,2,0.025749189484341795,0.024749189484341794,0.8
Body<0.3,2026,5,3,0.02344762564697056,0.02244762564697056,0.6
Body<0.3,2026,5,6,0.012870980403586318,0.011870980403586317,0.6
Body<0.3,2026,5,12,0.03864236895523243,0.03764236895523243,1.0
Body0.3-0.7,2020,5,2,-0.005239178071348172,-0.006239178071348172,0.2
Body0.3-0.7,2020,5,3,-0.009094872264949672,-0.010094872264949671,0.0
Body0.3-0.7,2020,5,6,-0.002258703592163247,-0.003258703592163247,0.2
Body0.3-0.7,2020,5,12,-0.0017140485597378463,-0.0027140485597378465,0.4
Body0.3-0.7,2021,3,2,-0.0008942756490270728,-0.001894275649027073,0.3333333333333333
Body0.3-0.7,2021,3,3,0.003694382527783091,0.002694382527783091,0.6666666666666666
Body0.3-0.7,2021,3,6,0.005830561798072916,0.004830561798072916,0.6666666666666666
Body0.3-0.7,2021,3,12,0.0023128505067464555,0.0013128505067464555,0.3333333333333333
Body0.3-0.7,2022,8,2,0.0038719020268166843,0.0028719020268166843,0.5
Body0.3-0.7,2022,8,3,0.0062546248833936224,0.005254624883393622,0.5
Body0.3-0.7,2022,8,6,0.008257835934677327,0.007257835934677327,0.5
Body0.3-0.7,2022,8,12,0.01667742143248392,0.01567742143248392,0.375
Body0.3-0.7,2023,6,2,0.004796689786820019,0.0037966897868200187,0.5
Body0.3-0.7,2023,6,3,0.0057037828562404025,0.0047037828562404025,0.3333333333333333
Body0.3-0.7,2023,6,6,0.0007749611394643104,-0.00022503886053568958,0.3333333333333333
Body0.3-0.7,2023,6,12,0.020495416457480913,0.019495416457480912,0.8333333333333334
Body0.3-0.7,2024,8,2,-0.00529275668403309,-0.00629275668403309,0.375
Body0.3-0.7,2024,8,3,0.0030881239893668366,0.0020881239893668366,0.5
Body0.3-0.7,2024,8,6,-0.0006184685524830424,-0.0016184685524830425,0.625
Body0.3-0.7,2024,8,12,-0.0003900214394652185,-0.0013900214394652185,0.625
Body0.3-0.7,2025,8,2,-0.005880626778354048,-0.006880626778354048,0.625
Body0.3-0.7,2025,8,3,-0.004171076619728209,-0.005171076619728209,0.375
Body0.3-0.7,2025,8,6,-0.008510803021039653,-0.009510803021039654,0.5
Body0.3-0.7,2025,8,12,-0.0008479000956555377,-0.0018479000956555377,0.375
Body0.3-0.7,2026,4,2,-0.0030975730195623996,-0.0040975730195624,0.25
Body0.3-0.7,2026,4,3,-0.006012016338129117,-0.007012016338129117,0.5
Body0.3-0.7,2026,4,6,-0.016173461511772957,-0.01717346151177296,0.5
Body0.3-0.7,2026,4,12,-0.030529876439206932,-0.03152987643920693,0.75
Body>=0.7,2020,1,2,0.0028263733570268457,0.0018263733570268456,1.0
Body>=0.7,2020,1,3,0.0016851006464657647,0.0006851006464657647,1.0
Body>=0.7,2020,1,6,0.002295676075509956,0.0012956760755099559,1.0
Body>=0.7,2020,1,12,-0.001587714959754516,-0.002587714959754516,0.0
Body>=0.7,2021,5,2,-0.012355892776130629,-0.01335589277613063,0.2
Body>=0.7,2021,5,3,-0.03565775013884161,-0.03665775013884161,0.2
Body>=0.7,2021,5,6,-0.04242030475319962,-0.04342030475319962,0.0
Body>=0.7,2021,5,12,-0.03660505120572417,-0.037605051205724174,0.0
Body>=0.7,2022,1,2,-0.0075317480810309645,-0.008531748081030965,0.0
Body>=0.7,2022,1,3,-0.0043088190418064665,-0.0053088190418064665,0.0
Body>=0.7,2022,1,6,0.005619586394685516,0.004619586394685516,1.0
Body>=0.7,2022,1,12,0.004693317058285018,0.003693317058285018,1.0
Body>=0.7,2023,1,2,0.0031434866969586306,0.0021434866969586306,1.0
Body>=0.7,2023,1,3,0.009524604297950434,0.008524604297950433,1.0
Body>=0.7,2023,1,6,0.0009500428995392607,-4.995710046073933e-05,1.0
Body>=0.7,2023,1,12,-0.0036518654151608265,-0.0046518654151608265,0.0
Body>=0.7,2024,3,2,0.009499255720676928,0.008499255720676929,0.6666666666666666
Body>=0.7,2024,3,3,0.009854114644612352,0.008854114644612353,1.0
Body>=0.7,2024,3,6,0.012009288100756002,0.011009288100756003,0.6666666666666666
Body>=0.7,2024,3,12,0.016054314246908803,0.015054314246908802,0.6666666666666666
Body>=0.7,2025,1,2,0.0005460116822606498,-0.00045398831773935024,1.0
Body>=0.7,2025,1,3,-0.01114604332575253,-0.012146043325752531,0.0
Body>=0.7,2025,1,6,-0.031841532836580866,-0.03284153283658087,0.0
Body>=0.7,2025,1,12,-0.032722169064504314,-0.033722169064504315,0.0
Body>=0.7,2026,2,2,0.0058564794762654415,0.0048564794762654415,1.0
Body>=0.7,2026,2,3,0.0024365779315455027,0.0014365779315455027,1.0
Body>=0.7,2026,2,6,0.007734274950262354,0.006734274950262354,1.0
Body>=0.7,2026,2,12,0.007323700536746747,0.006323700536746747,0.5
BBwidth<0.05,2020,4,2,-0.0034772810851627645,-0.0044772810851627645,0.25
BBwidth<0.05,2020,4,3,-0.006391336727408631,-0.007391336727408631,0.25
BBwidth<0.05,2020,4,6,0.002580632756993856,0.0015806327569938558,0.5
BBwidth<0.05,2020,4,12,0.006324875125449603,0.005324875125449603,0.5
BBwidth<0.05,2021,1,2,-0.004359939309434124,-0.005359939309434124,0.0
BBwidth<0.05,2021,1,3,-0.008385123435760367,-0.009385123435760367,0.0
BBwidth<0.05,2021,1,6,0.011638943815568181,0.01063894381556818,1.0
BBwidth<0.05,2021,1,12,-0.015287665555645313,-0.016287665555645314,0.0
BBwidth<0.05,2022,4,2,0.00889975750862601,0.00789975750862601,0.75
BBwidth<0.05,2022,4,3,0.006147550550068354,0.005147550550068354,0.75
BBwidth<0.05,2022,4,6,-0.006709333917780641,-0.007709333917780641,0.25
BBwidth<0.05,2022,4,12,-0.003930183955701855,-0.004930183955701855,0.25
BBwidth<0.05,2023,8,2,0.003931455808815668,0.0029314558088156676,0.5
BBwidth<0.05,2023,8,3,0.004873215764958749,0.0038732157649587493,0.625
BBwidth<0.05,2023,8,6,0.0006425088779829641,-0.00035749112201703594,0.375
BBwidth<0.05,2023,8,12,0.005298674179658319,0.004298674179658319,0.5
BBwidth<0.05,2024,2,2,0.00059366723244203,-0.00040633276755797,1.0
BBwidth<0.05,2024,2,3,0.006119189580414353,0.0051191895804143525,1.0
BBwidth<0.05,2024,2,6,0.009458808337260205,0.008458808337260204,1.0
BBwidth<0.05,2024,2,12,0.0024019031246933498,0.0014019031246933497,0.5
BBwidth<0.05,2025,3,2,-0.0018116988076906464,-0.0028116988076906466,0.6666666666666666
BBwidth<0.05,2025,3,3,0.002284224934353244,0.0012842249343532441,0.6666666666666666
BBwidth<0.05,2025,3,6,0.003558664346129096,0.002558664346129096,0.6666666666666666
BBwidth<0.05,2025,3,12,0.021000195836041957,0.020000195836041956,0.6666666666666666
BBwidth<0.05,2026,4,2,0.009396337015157713,0.008396337015157712,0.75
BBwidth<0.05,2026,4,3,0.005486418503300172,0.004486418503300172,0.75
BBwidth<0.05,2026,4,6,0.00507794238686371,0.00407794238686371,0.75
BBwidth<0.05,2026,4,12,0.008946025917818484,0.007946025917818483,0.75
BBwidth0.05-0.12,2020,5,2,-0.002600450219772865,-0.003600450219772865,0.2
BBwidth0.05-0.12,2020,5,3,-0.005528627218143933,-0.006528627218143933,0.0
BBwidth0.05-0.12,2020,5,6,-0.009765490226303708,-0.010765490226303707,0.0
BBwidth0.05-0.12,2020,5,12,-0.0022142218870161877,-0.0032142218870161877,0.4
BBwidth0.05-0.12,2021,5,2,-0.016609169832444915,-0.017609169832444916,0.2
BBwidth0.05-0.12,2021,5,3,-0.020133736347567256,-0.021133736347567256,0.6
BBwidth0.05-0.12,2021,5,6,-0.0312699537749803,-0.0322699537749803,0.4
BBwidth0.05-0.12,2021,5,12,-0.027016829518305217,-0.028016829518305218,0.4
BBwidth0.05-0.12,2022,8,2,0.0007236733828886871,-0.0002763266171113129,0.375
BBwidth0.05-0.12,2022,8,3,-3.097189099850184e-05,-0.0010309718909985019,0.375
BBwidth0.05-0.12,2022,8,6,-0.0010671243799690588,-0.002067124379969059,0.5
BBwidth0.05-0.12,2022,8,12,-0.0052521255469065165,-0.0062521255469065165,0.25
BBwidth0.05-0.12,2023,5,2,0.009570831560457727,0.008570831560457726,0.8
BBwidth0.05-0.12,2023,5,3,0.004246021897592711,0.003246021897592711,0.4
BBwidth0.05-0.12,2023,5,6,0.004888629602649974,0.0038886296026499744,0.4
BBwidth0.05-0.12,2023,5,12,0.007465588303882731,0.006465588303882731,0.8
BBwidth0.05-0.12,2024,8,2,0.00036742709838090415,-0.0006325729016190959,0.5
BBwidth0.05-0.12,2024,8,3,0.007952395625613465,0.006952395625613465,0.625
BBwidth0.05-0.12,2024,8,6,0.0020445347002583936,0.0010445347002583935,0.5
BBwidth0.05-0.12,2024,8,12,0.0045548415069140286,0.0035548415069140285,0.625
BBwidth0.05-0.12,2025,8,2,-0.010302837921870187,-0.011302837921870187,0.5
BBwidth0.05-0.12,2025,8,3,-0.010435346502423823,-0.011435346502423824,0.25
BBwidth0.05-0.12,2025,8,6,-0.004506273758970572,-0.005506273758970572,0.25
BBwidth0.05-0.12,2025,8,12,0.003626879922309534,0.002626879922309534,0.375
BBwidth0.05-0.12,2026,5,2,0.0059584699083795375,0.0049584699083795375,0.6
BBwidth0.05-0.12,2026,5,3,0.004200979797791704,0.003200979797791704,0.6
BBwidth0.05-0.12,2026,5,6,-0.00449963588121971,-0.00549963588121971,0.6
BBwidth0.05-0.12,2026,5,12,-0.010575691733914705,-0.011575691733914706,0.8
BBwidth>=0.12,2020,3,2,0.0029665373197370983,0.0019665373197370983,0.6666666666666666
BBwidth>=0.12,2020,3,3,-0.004403516348101211,-0.005403516348101211,0.6666666666666666
BBwidth>=0.12,2020,3,6,-0.02463317841538352,-0.025633178415383522,0.3333333333333333
BBwidth>=0.12,2020,3,12,-0.01842024193763477,-0.01942024193763477,0.0
BBwidth>=0.12,2021,5,2,0.005647554425966627,0.004647554425966627,0.4
BBwidth>=0.12,2021,5,3,-0.0033293041277212775,-0.004329304127721277,0.4
BBwidth>=0.12,2021,5,6,-0.0015726152294230466,-0.002572615229423047,0.2
BBwidth>=0.12,2021,5,12,0.0014279307170432577,0.00042793071704325765,0.2
BBwidth>=0.12,2022,7,2,0.0012235681198614465,0.00022356811986144645,0.42857142857142855
BBwidth>=0.12,2022,7,3,0.007816065644904098,0.006816065644904098,0.42857142857142855
BBwidth>=0.12,2022,7,6,-0.0010747782478199694,-0.0020747782478199696,0.5714285714285714
BBwidth>=0.12,2022,7,12,-0.006856603967394118,-0.007856603967394118,0.42857142857142855
BBwidth>=0.12,2023,1,2,-0.014881872531411933,-0.015881872531411934,0.0
BBwidth>=0.12,2023,1,3,-0.0032068380784975314,-0.0042068380784975315,0.0
BBwidth>=0.12,2023,1,6,0.015137943167206735,0.014137943167206735,1.0
BBwidth>=0.12,2023,1,12,0.09163060917516974,0.09063060917516974,1.0
BBwidth>=0.12,2024,2,2,-0.0043951465758660935,-0.0053951465758660935,0.0
BBwidth>=0.12,2024,2,3,0.004416744247272064,0.003416744247272064,0.5
BBwidth>=0.12,2024,2,6,0.016524819450748574,0.015524819450748573,1.0
BBwidth>=0.12,2024,2,12,0.013864735598738465,0.012864735598738464,1.0
BBwidth>=0.12,2025,5,2,0.00665593403524416,0.00565593403524416,1.0
BBwidth>=0.12,2025,5,3,0.008167004729499517,0.007167004729499517,0.8
BBwidth>=0.12,2025,5,6,-0.01830463559905815,-0.01930463559905815,0.6
BBwidth>=0.12,2025,5,12,0.0037230356156461976,0.0027230356156461976,0.6
BBwidth>=0.12,2026,2,2,0.030345458346730858,0.029345458346730857,0.5
BBwidth>=0.12,2026,2,3,0.027556322871634065,0.026556322871634064,0.5
BBwidth>=0.12,2026,2,6,0.008658007865004091,0.0076580078650040915,0.5
BBwidth>=0.12,2026,2,12,0.051417047545563754,0.05041704754556375,1.0
RSI<20,2020,1,2,0.008303961724245301,0.007303961724245301,1.0
RSI<20,2020,1,3,0.007408786489229824,0.006408786489229824,1.0
RSI<20,2020,1,6,0.01743933976363299,0.016439339763632987,1.0
RSI<20,2020,1,12,-0.0017610213668892705,-0.0027610213668892705,0.0
RSI<20,2021,0,2,,,
RSI<20,2021,0,3,,,
RSI<20,2021,0,6,,,
RSI<20,2021,0,12,,,
RSI<20,2022,1,2,-0.008617192772643167,-0.009617192772643168,0.0
RSI<20,2022,1,3,-0.029777703177617187,-0.03077770317761719,0.0
RSI<20,2022,1,6,-0.09417978871835764,-0.09517978871835764,0.0
RSI<20,2022,1,12,-0.048665677048911005,-0.049665677048911006,0.0
RSI<20,2023,1,2,-0.014881872531411933,-0.015881872531411934,0.0
RSI<20,2023,1,3,-0.0032068380784975314,-0.0042068380784975315,0.0
RSI<20,2023,1,6,0.015137943167206735,0.014137943167206735,1.0
RSI<20,2023,1,12,0.09163060917516974,0.09063060917516974,1.0
RSI<20,2024,0,2,,,
RSI<20,2024,0,3,,,
RSI<20,2024,0,6,,,
RSI<20,2024,0,12,,,
RSI<20,2025,0,2,,,
RSI<20,2025,0,3,,,
RSI<20,2025,0,6,,,
RSI<20,2025,0,12,,,
RSI<20,2026,1,2,0.06153472571157237,0.06053472571157237,1.0
RSI<20,2026,1,3,0.05926552258007178,0.05826552258007178,1.0
RSI<20,2026,1,6,0.02013062325645043,0.01913062325645043,1.0
RSI<20,2026,1,12,0.06556466238399583,0.06456466238399583,1.0
RSI20-30,2020,2,2,0.0002978251174829971,-0.0007021748825170029,0.5
RSI20-30,2020,2,3,-0.010309667766766728,-0.011309667766766729,0.5
RSI20-30,2020,2,6,-0.045669437504891774,-0.046669437504891775,0.0
RSI20-30,2020,2,12,-0.02674985222300752,-0.02774985222300752,0.0
RSI20-30,2021,1,2,-0.0016081221539333557,-0.0026081221539333557,0.0
RSI20-30,2021,1,3,0.0007957362021799863,-0.00020426379782001371,1.0
RSI20-30,2021,1,6,-0.0070566511790154385,-0.00805665117901544,0.0
RSI20-30,2021,1,12,-0.0029845691339226432,-0.003984569133922643,0.0
RSI20-30,2022,7,2,-0.006572802525216193,-0.007572802525216193,0.2857142857142857
RSI20-30,2022,7,3,0.0012948421213254205,0.00029484212132542043,0.2857142857142857
RSI20-30,2022,7,6,0.0011433421062981841,0.0001433421062981841,0.42857142857142855
RSI20-30,2022,7,12,-0.005177169119959627,-0.006177169119959627,0.2857142857142857
RSI20-30,2023,1,2,0.004173952259414415,0.003173952259414415,1.0
RSI20-30,2023,1,3,0.0032024525947054183,0.0022024525947054183,1.0
RSI20-30,2023,1,6,0.036414148774979394,0.03541414877497939,1.0
RSI20-30,2023,1,12,0.040062477681631625,0.039062477681631624,1.0
RSI20-30,2024,2,2,-0.0012393466307863976,-0.0022393466307863976,0.0
RSI20-30,2024,2,3,0.0019061594730735432,0.0009061594730735431,0.5
RSI20-30,2024,2,6,0.01094652753332448,0.009946527533324478,1.0
RSI20-30,2024,2,12,-0.0007303943687356207,-0.0017303943687356207,0.5
RSI20-30,2025,7,2,0.006173312246248714,0.005173312246248714,1.0
RSI20-30,2025,7,3,0.007499389520435448,0.006499389520435448,0.7142857142857143
RSI20-30,2025,7,6,-0.007170397281121613,-0.008170397281121613,0.5714285714285714
RSI20-30,2025,7,12,0.010451236411211928,0.009451236411211927,0.5714285714285714
RSI20-30,2026,1,2,-0.0008438090181106528,-0.0018438090181106528,0.0
RSI20-30,2026,1,3,-0.004152876836803654,-0.005152876836803654,0.0
RSI20-30,2026,1,6,-0.0028146075264422477,-0.0038146075264422477,0.0
RSI20-30,2026,1,12,0.03726943270713168,0.03626943270713168,1.0
RSI30-40,2020,9,2,-0.0029901528266128206,-0.00399015282661282,0.2222222222222222
RSI30-40,2020,9,3,-0.005912053666706021,-0.006912053666706021,0.1111111111111111
RSI30-40,2020,9,6,-0.004278324455949235,-0.005278324455949235,0.2222222222222222
RSI30-40,2020,9,12,0.0015809323407463857,0.0005809323407463857,0.4444444444444444
RSI30-40,2021,10,2,-0.00575598941878922,-0.00675598941878922,0.3
RSI30-40,2021,10,3,-0.0126496062014383,-0.013649606201438302,0.4
RSI30-40,2021,10,6,-0.01455172500274331,-0.015551725002743311,0.4
RSI30-40,2021,10,12,-0.014024759042803248,-0.01502475904280325,0.3
RSI30-40,2022,11,2,0.009507291307800016,0.008507291307800015,0.6363636363636364
RSI30-40,2022,11,3,0.009069881355904847,0.008069881355904848,0.6363636363636364
RSI30-40,2022,11,6,0.003934419593514139,0.0029344195935141386,0.5454545454545454
RSI30-40,2022,11,12,-0.0018934642801081804,-0.0028934642801081807,0.36363636363636365
RSI30-40,2023,12,2,0.0062609876677832965,0.0052609876677832965,0.5833333333333334
RSI30-40,2023,12,3,0.004751115251077344,0.003751115251077344,0.5
RSI30-40,2023,12,6,-0.0005692441448221508,-0.0015692441448221508,0.3333333333333333
RSI30-40,2023,12,12,0.0033045714395873818,0.0023045714395873817,0.5833333333333334
RSI30-40,2024,10,2,-0.00021848486382280985,-0.0012184848638228099,0.6
RSI30-40,2024,10,3,0.008087871371413346,0.007087871371413346,0.7
RSI30-40,2024,10,6,0.004643047811143575,0.003643047811143575,0.6
RSI30-40,2024,10,12,0.00704327982396471,0.00604327982396471,0.7
RSI30-40,2025,9,2,-0.010865701705061515,-0.011865701705061515,0.4444444444444444
RSI30-40,2025,9,3,-0.009810088912431267,-0.010810088912431268,0.3333333333333333
RSI30-40,2025,9,6,-0.0074116215623129715,-0.008411621562312972,0.3333333333333333
RSI30-40,2025,9,12,0.004163572231816626,0.0031635722318166257,0.4444444444444444
RSI30-40,2026,9,2,0.007486410844725394,0.0064864108447253935,0.6666666666666666
RSI30-40,2026,9,3,0.004772285889128801,0.003772285889128801,0.6666666666666666
RSI30-40,2026,9,6,-0.00024293442873819023,-0.0012429344287381901,0.6666666666666666
RSI30-40,2026,9,12,-0.001899372777588843,-0.002899372777588843,0.7777777777777778
