train_end,validation_year,horizon,n,avg_return,median_return,win_rate,profit_factor
2022,2023,2,14,0.0046017094101001455,0.003658719478186523,0.5714285714285714,2.3826296663033375
2022,2023,3,14,0.004072071252081144,-0.00022962807261012186,0.5,2.049195513961694
2022,2023,6,14,0.0031943687288800227,-0.003537107161261266,0.42857142857142855,1.6735862379203728
2022,2023,12,14,0.01223913886656071,0.0022991146799999918,0.6428571428571429,3.6237193592592205
2023,2024,2,12,-0.00038862849165007446,-0.00014790392517111117,0.5,0.9189616159845428
2023,2024,3,12,0.007057586055023379,0.007720534553862124,0.6666666666666666,3.5359274539020555
2023,2024,6,12,0.005693627764840392,0.00906275102442855,0.6666666666666666,2.0632532163385666
2023,2024,12,12,0.005747667458514655,0.019972837756165096,0.6666666666666666,1.5836500168824517
2024,2025,2,16,-0.0034111331013632895,0.0021287018160048854,0.6875,0.4961867438499898
2024,2025,3,16,-0.0022371920980520793,0.0015004695502771614,0.5,0.7055022094178037
2024,2025,6,16,-0.007306085939291752,-0.00466736514200089,0.4375,0.4867004581523848
2024,2025,12,16,0.006914425310302071,-0.002002680728885209,0.5,1.6621149399994546
2025,2026,2,11,0.011642601299635479,0.006494179128248234,0.6363636363636364,6.491208580727212
2025,2026,3,11,0.008914838067766122,0.0007161659806267373,0.6363636363636364,2.850471333464431
2025,2026,6,11,0.0013754187155785884,0.0036337235729195783,0.6363636363636364,1.1586053406172054
2025,2026,12,11,0.00779452182662072,0.01597731262421087,0.8181818181818182,1.5205955928502173
