recovery_delta,horizon_candles,n,avg_return,median_return,win_rate,profit_factor,avg_mfe,avg_mae
3,2,104,0.0022195575612771797,0.0014181269453574785,0.5480769230769231,1.3177122410339166,0.017657286838936217,-0.018291965228685467
3,3,104,0.0014247044132107934,-0.00021362822938958415,0.4807692307692308,1.1733430829345888,0.020123906545398623,-0.021635123724189416
3,6,104,-0.0018438205238117378,7.256544544698151e-06,0.5,0.862503005657109,0.02465234749481482,-0.028604648445515954
3,12,104,0.0035739858962474734,0.0028858866972206743,0.5192307692307693,1.2345986092448442,0.03479967481039974,-0.03616832476025076
4,2,100,0.0015471432594589053,0.00047515291274113913,0.53,1.208287030293571,0.017475488054549265,-0.018535819074378918
4,3,100,0.000693924308972429,-0.000487663754201062,0.47,1.0849672307962193,0.019388860639780393,-0.02156128553976433
4,6,100,-0.002859975989712694,-0.0001285262346713556,0.49,0.7964180601083323,0.023951781605599756,-0.02868284629396253
4,12,100,0.0025530772290782854,-0.0004164001451559818,0.5,1.1670351406642212,0.034008410567174546,-0.036454164714042024
5,2,95,0.0009568810957448829,-0.00022013157338762745,0.49473684210526314,1.1300789238275455,0.01676027956731766,-0.017683800164090237
5,3,95,0.0007559852862076178,-0.0005485812407907131,0.45263157894736844,1.0984298453515153,0.018435072423290365,-0.02042982961710694
5,6,95,-0.0032206596715175966,-0.0008541439556263297,0.47368421052631576,0.7750297762572748,0.023271729517786364,-0.028189824144767135
5,12,95,0.0037653211647907673,0.0005204265268345942,0.5052631578947369,1.2585377713895634,0.0344917748499356,-0.03573632403300889
6,2,79,0.002849923476974761,8.337114244660881e-05,0.5063291139240507,1.4387227846508825,0.016897611131962004,-0.016183706543719114
6,3,79,0.0010496684342753513,-0.001074816182191407,0.45569620253164556,1.134890984386424,0.018600120291209714,-0.019040434257850694
6,6,79,-0.00034569438458269036,-0.0023134379953996254,0.45569620253164556,0.9713905290106624,0.024118703048737897,-0.025353869790616667
6,12,79,0.008610850364085954,0.0038832725603048512,0.5443037974683544,1.7061014040800135,0.03666249049795136,-0.031088515968042837
7,2,69,0.004089803558567595,0.00014261259918102454,0.5072463768115942,1.6711014126889967,0.017869976609762684,-0.01612858095810374
7,3,69,0.0042864593751325945,-0.0005485812407907131,0.4927536231884058,1.6511495381054766,0.02051460753293054,-0.01830257451805149
7,6,69,0.0017144883435501726,-0.0006418768529623531,0.463768115942029,1.1535062823590094,0.026069823396352672,-0.024756311861664087
7,12,69,0.011614725723004421,0.005040395761747751,0.5507246376811594,2.0707832555004817,0.038879012059035135,-0.030256431664263447
8,2,64,0.005067063166568988,0.0033353597103052968,0.546875,1.9621394339524991,0.01846739353980616,-0.015889255616755686
8,3,64,0.005099340132300798,0.00025741751122321244,0.5,1.7831018349443322,0.0215108959043674,-0.01789410998974017
8,6,64,0.001899386831529501,-0.00266674037472453,0.453125,1.1714440732316245,0.02645638979418013,-0.02510815771009834
8,12,64,0.010736556835104239,0.004461834161026301,0.53125,1.9273878430757225,0.039520962879193024,-0.031084150077244275
