event_id,exit_type,return_with_stop,return_without_stop,ambiguous_with_stop,with_stop_reason
1,rsi48,-0.027339946481147015,0.012828103642473776,False,structural_stop
2,rsi48,-0.032139596329526454,0.011792849819689755,False,structural_stop
3,rsi48,-0.05428753328969427,-0.05428753328969427,False,no_exit_48h
4,rsi48,-0.0013920258319313206,-0.0013920258319313206,False,no_exit_48h
5,rsi48,-0.022725234690934015,-0.01350830129032754,False,structural_stop
6,rsi48,0.0026424315642075147,0.0026424315642075147,False,signal_exit
7,rsi48,0.002295676075509956,0.002295676075509956,False,signal_exit
8,rsi48,0.01713589039108787,0.01713589039108787,False,signal_exit
9,rsi48,0.0018399264029438367,0.0018399264029438367,False,signal_exit
10,rsi48,-0.052484427950246215,-0.023904967320763082,False,structural_stop
11,rsi48,-0.022536261029853177,0.0050876955541281355,False,structural_stop
12,rsi48,-0.05225957848671803,-0.013983385190566633,False,structural_stop
13,rsi48,-0.06281900349344738,-0.02393117948711454,False,structural_stop
14,rsi48,-0.03027937486520471,-0.03027937486520471,False,no_exit_48h
15,rsi48,-0.04819796659645392,-0.0848348076052784,False,structural_stop
16,rsi48,-0.08179444717490858,0.02520868485886285,False,structural_stop
17,rsi48,-0.0998645476035781,-0.08211112929384912,False,structural_stop
18,rsi48,0.08415365682624487,0.08415365682624487,False,signal_exit
19,rsi48,0.011638943815568181,0.011638943815568181,False,signal_exit
20,rsi48,0.02663904549408902,0.02663904549408902,False,signal_exit
21,rsi48,0.024201629279518633,0.024201629279518633,False,no_exit_48h
22,rsi48,0.01523142829002233,0.01523142829002233,False,signal_exit
23,rsi48,0.01942699507254475,0.01942699507254475,False,signal_exit
24,rsi48,-0.04282736979118118,-0.04047989196583379,False,structural_stop
25,rsi48,-0.026062954160882,-0.0018165849281581714,False,structural_stop
26,rsi48,0.03367424966290833,0.03367424966290833,False,signal_exit
27,rsi48,0.027539142091152824,0.027539142091152824,False,signal_exit
28,rsi48,-0.03411142395681255,-0.036661779984688225,False,structural_stop
29,rsi48,0.06515230294372443,0.06515230294372443,False,signal_exit
30,rsi48,0.0049743971433386935,0.0049743971433386935,False,signal_exit
31,rsi48,0.004782799484853273,0.004782799484853273,False,signal_exit
32,rsi48,0.05674529637927517,0.05674529637927517,False,signal_exit
33,rsi48,-0.09727190709482492,-0.08012100961992386,False,structural_stop
34,rsi48,0.044763765272954226,0.044763765272954226,False,signal_exit
35,rsi48,-0.017990238131962433,-0.09496682095126163,False,structural_stop
36,rsi48,-0.02528579141334708,-0.011419919720194405,False,structural_stop
37,rsi48,0.018955506869337668,0.018955506869337668,False,signal_exit
38,rsi48,-0.043495193391682174,-0.05398159345727338,False,structural_stop
39,rsi48,-0.015332823770680126,-0.01018551004297874,False,structural_stop
40,rsi48,0.00026794094354465336,0.00026794094354465336,False,signal_exit
41,rsi48,0.010792305524533141,0.010792305524533141,False,signal_exit
42,rsi48,-0.016244336178009466,-0.002998055734034888,False,structural_stop
43,rsi48,0.0021282080436195727,0.0021282080436195727,False,signal_exit
44,rsi48,0.011274403786916132,0.011274403786916132,False,signal_exit
45,rsi48,0.031207368085162557,0.031207368085162557,False,signal_exit
46,rsi48,0.005096232782038523,0.005096232782038523,False,signal_exit
47,rsi48,0.0012661879789741537,0.0012661879789741537,False,signal_exit
48,rsi48,0.00561764868796466,0.00561764868796466,False,signal_exit
49,rsi48,0.014742222049147546,0.014742222049147546,False,signal_exit
50,rsi48,0.018666240309914484,0.018666240309914484,False,signal_exit
51,rsi48,0.015664871990337836,0.015664871990337836,False,signal_exit
52,rsi48,0.004455457155510656,0.004455457155510656,False,signal_exit
53,rsi48,0.00023413984485554096,0.00023413984485554096,False,signal_exit
54,rsi48,0.004885314083117764,0.004885314083117764,False,signal_exit
55,rsi48,0.022941595559446748,0.022941595559446748,False,signal_exit
56,rsi48,-0.00089402128495919,-0.00089402128495919,False,signal_exit
57,rsi48,0.024371011223303096,0.024371011223303096,False,signal_exit
58,rsi48,0.02885239448597443,0.02885239448597443,False,signal_exit
59,rsi48,-0.008296223699520544,-0.008296223699520544,False,no_exit_48h
60,rsi48,0.0077918440419115775,0.0077918440419115775,False,signal_exit
61,rsi48,0.027657206229321885,0.027657206229321885,False,signal_exit
62,rsi48,-0.06310262169029535,-0.07067690709768115,False,structural_stop
63,rsi48,0.02486287344116378,0.02486287344116378,False,signal_exit
64,rsi48,0.012155008018382096,0.012155008018382096,False,signal_exit
65,rsi48,0.01452324586326137,0.01452324586326137,False,signal_exit
66,rsi48,-0.0378049952980648,0.01627501285054156,False,structural_stop
67,rsi48,0.017722470399615053,0.017722470399615053,False,signal_exit
68,rsi48,0.00918074441043304,0.00918074441043304,False,signal_exit
69,rsi48,0.0034409073950683045,0.0034409073950683045,False,signal_exit
70,rsi48,-0.03678005926676686,-0.09278206827913138,False,structural_stop
71,rsi48,-0.06681410155923673,-0.00570445843490619,False,structural_stop
72,rsi48,0.024516145160320635,0.024516145160320635,False,signal_exit
73,rsi48,-0.05270237610968875,-0.00571881505587335,False,structural_stop
74,rsi48,-0.04918341522053227,0.04908479125422027,False,structural_stop
75,rsi48,-0.020530598174356873,-0.01100674817364855,False,structural_stop
76,rsi48,0.011202853052387551,0.011202853052387551,False,signal_exit
77,rsi48,-0.0013647087174198935,-0.0013647087174198935,False,signal_exit
78,rsi48,-0.03329143185627281,-0.0218978877735313,False,structural_stop
79,rsi48,0.0119215238402961,0.0119215238402961,False,signal_exit
80,rsi48,-0.003210792040359345,-0.003210792040359345,False,signal_exit
81,rsi48,-0.031051952371163205,-0.06445822359463615,False,structural_stop
82,rsi48,0.034178410223098865,0.034178410223098865,False,signal_exit
83,rsi48,0.05289385845978978,0.05289385845978978,False,signal_exit
84,rsi48,0.014347456483079668,0.014347456483079668,False,signal_exit
85,rsi48,0.008947207656671674,0.008947207656671674,False,signal_exit
86,rsi48,-0.0378634848784527,-0.15439964212966228,False,structural_stop
87,rsi48,0.06556466238399583,0.06556466238399583,False,signal_exit
88,rsi48,0.02345485129278191,0.02345485129278191,False,signal_exit
89,rsi48,-0.03006673737728849,0.009094541931856437,False,structural_stop
90,rsi48,0.0007645973875887169,0.0007645973875887169,False,signal_exit
91,rsi48,0.010114834217187951,0.010114834217187951,False,signal_exit
92,rsi48,0.03726943270713168,0.03726943270713168,False,signal_exit
93,rsi48,0.014965511600988357,0.014965511600988357,False,signal_exit
94,rsi48,0.030217205858414475,0.030217205858414475,False,signal_exit
95,rsi48,-0.01533224481974127,-0.0056762401480239255,False,structural_stop
1,rsi50,-0.027339946481147015,0.012828103642473776,False,structural_stop
2,rsi50,-0.032139596329526454,0.011792849819689755,False,structural_stop
3,rsi50,-0.05428753328969427,-0.05428753328969427,False,no_exit_48h
4,rsi50,-0.0013920258319313206,-0.0013920258319313206,False,no_exit_48h
5,rsi50,-0.022725234690934015,-0.01350830129032754,False,structural_stop
6,rsi50,0.0026424315642075147,0.0026424315642075147,False,signal_exit
7,rsi50,0.0034314776800761226,0.0034314776800761226,False,signal_exit
8,rsi50,0.01713589039108787,0.01713589039108787,False,signal_exit
9,rsi50,0.008151062587505864,0.008151062587505864,False,signal_exit
10,rsi50,-0.052484427950246215,-0.023904967320763082,False,structural_stop
11,rsi50,-0.022536261029853177,0.0050876955541281355,False,structural_stop
12,rsi50,-0.05225957848671803,-0.013983385190566633,False,structural_stop
13,rsi50,-0.06281900349344738,-0.02393117948711454,False,structural_stop
14,rsi50,-0.03027937486520471,-0.03027937486520471,False,no_exit_48h
15,rsi50,-0.04819796659645392,-0.0848348076052784,False,structural_stop
16,rsi50,-0.08179444717490858,0.02520868485886285,False,structural_stop
17,rsi50,-0.0998645476035781,-0.08211112929384912,False,structural_stop
18,rsi50,0.14199698743766098,0.14199698743766098,False,signal_exit
19,rsi50,-0.02196608633654462,-0.026217806429406854,False,structural_stop
20,rsi50,0.02663904549408902,0.02663904549408902,False,signal_exit
21,rsi50,0.024201629279518633,0.024201629279518633,False,no_exit_48h
22,rsi50,0.01523142829002233,0.01523142829002233,False,signal_exit
23,rsi50,0.01942699507254475,0.01942699507254475,False,signal_exit
24,rsi50,-0.04282736979118118,-0.04047989196583379,False,structural_stop
25,rsi50,-0.026062954160882,-0.0018165849281581714,False,structural_stop
26,rsi50,0.03367424966290833,0.03367424966290833,False,signal_exit
27,rsi50,0.027539142091152824,0.027539142091152824,False,signal_exit
28,rsi50,-0.03411142395681255,-0.036661779984688225,False,structural_stop
29,rsi50,0.06515230294372443,0.06515230294372443,False,signal_exit
30,rsi50,0.0049743971433386935,0.0049743971433386935,False,signal_exit
31,rsi50,0.004782799484853273,0.004782799484853273,False,signal_exit
32,rsi50,0.01094094467297424,0.01094094467297424,False,no_exit_48h
33,rsi50,-0.09727190709482492,-0.08012100961992386,False,structural_stop
34,rsi50,0.044763765272954226,0.044763765272954226,False,signal_exit
35,rsi50,-0.017990238131962433,-0.09496682095126163,False,structural_stop
36,rsi50,-0.02528579141334708,-0.011419919720194405,False,structural_stop
37,rsi50,0.050460263779612546,0.050460263779612546,False,signal_exit
38,rsi50,-0.043495193391682174,-0.05398159345727338,False,structural_stop
39,rsi50,-0.015332823770680126,-0.01018551004297874,False,structural_stop
40,rsi50,0.00026794094354465336,0.00026794094354465336,False,signal_exit
41,rsi50,0.010792305524533141,0.010792305524533141,False,signal_exit
42,rsi50,-0.016244336178009466,-0.002998055734034888,False,structural_stop
43,rsi50,0.008575324417194663,0.008575324417194663,False,signal_exit
44,rsi50,0.011274403786916132,0.011274403786916132,False,signal_exit
45,rsi50,0.031207368085162557,0.031207368085162557,False,signal_exit
46,rsi50,0.005096232782038523,0.005096232782038523,False,signal_exit
47,rsi50,0.0012661879789741537,0.0012661879789741537,False,signal_exit
48,rsi50,0.015105582332141099,0.015105582332141099,False,signal_exit
49,rsi50,0.014742222049147546,0.014742222049147546,False,signal_exit
50,rsi50,0.018666240309914484,0.018666240309914484,False,signal_exit
51,rsi50,0.015664871990337836,0.015664871990337836,False,signal_exit
52,rsi50,0.004455457155510656,0.004455457155510656,False,signal_exit
53,rsi50,0.007262899843459403,0.007262899843459403,False,signal_exit
54,rsi50,0.023929868463834936,0.023929868463834936,False,signal_exit
55,rsi50,0.022941595559446748,0.022941595559446748,False,signal_exit
56,rsi50,0.0031434866969586306,0.0031434866969586306,False,signal_exit
57,rsi50,-0.03852326878158163,0.04128525541802541,False,structural_stop
58,rsi50,0.02885239448597443,0.02885239448597443,False,signal_exit
59,rsi50,-0.008296223699520544,-0.008296223699520544,False,no_exit_48h
60,rsi50,0.0077918440419115775,0.0077918440419115775,False,signal_exit
61,rsi50,0.027657206229321885,0.027657206229321885,False,signal_exit
62,rsi50,-0.06310262169029535,-0.07067690709768115,False,structural_stop
63,rsi50,0.027445252222507266,0.027445252222507266,False,no_exit_48h
64,rsi50,0.012155008018382096,0.012155008018382096,False,signal_exit
65,rsi50,0.017281961255759537,0.017281961255759537,False,signal_exit
66,rsi50,-0.0378049952980648,0.01627501285054156,False,structural_stop
67,rsi50,0.017722470399615053,0.017722470399615053,False,signal_exit
68,rsi50,0.00918074441043304,0.00918074441043304,False,signal_exit
69,rsi50,0.0034409073950683045,0.0034409073950683045,False,signal_exit
70,rsi50,-0.03678005926676686,-0.09278206827913138,False,structural_stop
71,rsi50,-0.06681410155923673,-0.00570445843490619,False,structural_stop
72,rsi50,0.02651471548436657,0.02651471548436657,False,signal_exit
73,rsi50,-0.05270237610968875,-0.02205056112560122,False,structural_stop
74,rsi50,-0.04918341522053227,0.04908479125422027,False,structural_stop
75,rsi50,-0.020530598174356873,-0.01100674817364855,False,structural_stop
76,rsi50,0.011202853052387551,0.011202853052387551,False,signal_exit
77,rsi50,-0.0013647087174198935,-0.0013647087174198935,False,signal_exit
78,rsi50,-0.03329143185627281,-0.0218978877735313,False,structural_stop
79,rsi50,0.01585525640151464,0.01585525640151464,False,signal_exit
80,rsi50,-0.003210792040359345,-0.003210792040359345,False,no_exit_48h
81,rsi50,-0.031051952371163205,-0.06445822359463615,False,structural_stop
82,rsi50,0.036999595056602885,0.036999595056602885,False,signal_exit
83,rsi50,0.05289385845978978,0.05289385845978978,False,signal_exit
84,rsi50,0.014347456483079668,0.014347456483079668,False,signal_exit
85,rsi50,0.014197169475131055,0.014197169475131055,False,signal_exit
86,rsi50,-0.0378634848784527,-0.15439964212966228,False,structural_stop
87,rsi50,0.06556466238399583,0.06556466238399583,False,signal_exit
88,rsi50,0.02345485129278191,0.02345485129278191,False,signal_exit
89,rsi50,-0.03006673737728849,0.009094541931856437,False,structural_stop
90,rsi50,0.007731174468083912,0.007731174468083912,False,signal_exit
91,rsi50,0.010114834217187951,0.010114834217187951,False,signal_exit
92,rsi50,0.03726943270713168,0.03726943270713168,False,signal_exit
93,rsi50,0.014965511600988357,0.014965511600988357,False,signal_exit
94,rsi50,0.030217205858414475,0.030217205858414475,False,signal_exit
95,rsi50,-0.01533224481974127,-0.0056762401480239255,False,structural_stop
1,rsi52,-0.027339946481147015,0.02102245525254931,False,structural_stop
2,rsi52,-0.032139596329526454,0.011792849819689755,False,structural_stop
3,rsi52,-0.05428753328969427,-0.05428753328969427,False,no_exit_48h
4,rsi52,-0.0013920258319313206,-0.0013920258319313206,False,no_exit_48h
5,rsi52,-0.022725234690934015,-0.01350830129032754,False,structural_stop
6,rsi52,0.0033178660662802617,0.0033178660662802617,False,signal_exit
7,rsi52,-0.002082302941704306,-0.002082302941704306,False,no_exit_48h
8,rsi52,0.01713589039108787,0.01713589039108787,False,signal_exit
9,rsi52,0.008151062587505864,0.008151062587505864,False,signal_exit
10,rsi52,-0.052484427950246215,-0.023904967320763082,False,structural_stop
11,rsi52,-0.022536261029853177,0.015425115183216098,False,structural_stop
12,rsi52,-0.05225957848671803,-0.013983385190566633,False,structural_stop
13,rsi52,-0.06281900349344738,-0.02393117948711454,False,structural_stop
14,rsi52,-0.03027937486520471,-0.03027937486520471,False,no_exit_48h
15,rsi52,-0.04819796659645392,-0.0848348076052784,False,structural_stop
16,rsi52,-0.08179444717490858,0.02520868485886285,False,structural_stop
17,rsi52,-0.0998645476035781,-0.08211112929384912,False,structural_stop
18,rsi52,0.14199698743766098,0.14199698743766098,False,signal_exit
19,rsi52,-0.02196608633654462,-0.026217806429406854,False,structural_stop
20,rsi52,0.031432270199191814,0.031432270199191814,False,signal_exit
21,rsi52,0.024201629279518633,0.024201629279518633,False,no_exit_48h
22,rsi52,0.022195602964341976,0.022195602964341976,False,signal_exit
23,rsi52,0.005087452879219523,0.005087452879219523,False,no_exit_48h
24,rsi52,-0.04282736979118118,-0.04047989196583379,False,structural_stop
25,rsi52,-0.026062954160882,-0.0029658385930303455,False,structural_stop
26,rsi52,-0.07459966785245109,-0.04263146574298626,False,structural_stop
27,rsi52,0.027539142091152824,0.027539142091152824,False,signal_exit
28,rsi52,-0.03411142395681255,-0.036661779984688225,False,structural_stop
29,rsi52,0.06515230294372443,0.06515230294372443,False,signal_exit
30,rsi52,0.0049743971433386935,0.0049743971433386935,False,signal_exit
31,rsi52,0.010170431236572686,0.010170431236572686,False,signal_exit
32,rsi52,0.01094094467297424,0.01094094467297424,False,no_exit_48h
33,rsi52,-0.09727190709482492,-0.08012100961992386,False,structural_stop
34,rsi52,0.056331119122061235,0.056331119122061235,False,signal_exit
35,rsi52,-0.017990238131962433,-0.09496682095126163,False,structural_stop
36,rsi52,-0.02528579141334708,-0.011419919720194405,False,structural_stop
37,rsi52,0.050460263779612546,0.050460263779612546,False,signal_exit
38,rsi52,-0.043495193391682174,-0.05398159345727338,False,structural_stop
39,rsi52,-0.015332823770680126,-0.01018551004297874,False,structural_stop
40,rsi52,0.00026794094354465336,0.00026794094354465336,False,signal_exit
41,rsi52,0.010792305524533141,0.010792305524533141,False,signal_exit
42,rsi52,-0.016244336178009466,-0.002998055734034888,False,structural_stop
43,rsi52,0.008575324417194663,0.008575324417194663,False,signal_exit
44,rsi52,0.011274403786916132,0.011274403786916132,False,signal_exit
45,rsi52,0.09163060917516974,0.09163060917516974,False,signal_exit
46,rsi52,0.01700974993947235,0.01700974993947235,False,signal_exit
47,rsi52,0.006181886212880183,0.006181886212880183,False,signal_exit
48,rsi52,0.015105582332141099,0.015105582332141099,False,signal_exit
49,rsi52,0.014742222049147546,0.014742222049147546,False,signal_exit
50,rsi52,0.018666240309914484,0.018666240309914484,False,signal_exit
51,rsi52,0.015664871990337836,0.015664871990337836,False,signal_exit
52,rsi52,0.03474081115423311,0.03474081115423311,False,signal_exit
53,rsi52,0.007262899843459403,0.007262899843459403,False,signal_exit
54,rsi52,0.023929868463834936,0.023929868463834936,False,signal_exit
55,rsi52,0.022941595559446748,0.022941595559446748,False,signal_exit
56,rsi52,0.009524604297950434,0.009524604297950434,False,signal_exit
57,rsi52,-0.03852326878158163,0.04128525541802541,False,structural_stop
58,rsi52,0.02885239448597443,0.02885239448597443,False,signal_exit
59,rsi52,-0.008296223699520544,-0.008296223699520544,False,no_exit_48h
60,rsi52,0.0077918440419115775,0.0077918440419115775,False,signal_exit
61,rsi52,0.008614264796121818,0.008614264796121818,False,no_exit_48h
62,rsi52,-0.06310262169029535,-0.07067690709768115,False,structural_stop
63,rsi52,0.027445252222507266,0.027445252222507266,False,no_exit_48h
64,rsi52,0.012155008018382096,0.012155008018382096,False,signal_exit
65,rsi52,0.019511648287809047,0.019511648287809047,False,no_exit_48h
66,rsi52,-0.0378049952980648,0.01627501285054156,False,structural_stop
67,rsi52,0.017722470399615053,0.017722470399615053,False,signal_exit
68,rsi52,0.030423696811508805,0.030423696811508805,False,signal_exit
69,rsi52,0.0034409073950683045,0.0034409073950683045,False,signal_exit
70,rsi52,-0.03678005926676686,-0.09278206827913138,False,structural_stop
71,rsi52,-0.06681410155923673,-0.00570445843490619,False,structural_stop
72,rsi52,0.040746836053308755,0.040746836053308755,False,signal_exit
73,rsi52,-0.05270237610968875,-0.02205056112560122,False,structural_stop
74,rsi52,-0.04918341522053227,0.04908479125422027,False,structural_stop
75,rsi52,-0.020530598174356873,-0.01100674817364855,False,structural_stop
76,rsi52,0.011202853052387551,0.011202853052387551,False,signal_exit
77,rsi52,-0.0013647087174198935,-0.0013647087174198935,False,no_exit_48h
78,rsi52,-0.03329143185627281,-0.0218978877735313,False,structural_stop
79,rsi52,0.027393602062371736,0.027393602062371736,False,signal_exit
80,rsi52,-0.003210792040359345,-0.003210792040359345,False,no_exit_48h
81,rsi52,-0.031051952371163205,-0.06445822359463615,False,structural_stop
82,rsi52,0.031121265703431877,0.031121265703431877,False,no_exit_48h
83,rsi52,0.05289385845978978,0.05289385845978978,False,signal_exit
84,rsi52,0.014347456483079668,0.014347456483079668,False,signal_exit
85,rsi52,0.014197169475131055,0.014197169475131055,False,signal_exit
86,rsi52,-0.0378634848784527,-0.15439964212966228,False,structural_stop
87,rsi52,0.06840131637794356,0.06840131637794356,False,no_exit_48h
88,rsi52,0.03288173239316938,0.03288173239316938,False,signal_exit
89,rsi52,-0.03006673737728849,-0.006936813473775616,False,structural_stop
90,rsi52,0.007731174468083912,0.007731174468083912,False,signal_exit
91,rsi52,0.01759080431330773,0.01759080431330773,False,signal_exit
92,rsi52,0.03396282163053321,0.03396282163053321,False,no_exit_48h
93,rsi52,0.014965511600988357,0.014965511600988357,False,signal_exit
94,rsi52,0.030217205858414475,0.030217205858414475,False,signal_exit
95,rsi52,-0.01533224481974127,-0.0056762401480239255,False,structural_stop
1,bb_mid,-0.027339946481147015,0.012828103642473776,False,structural_stop
2,bb_mid,-0.032139596329526454,0.011792849819689755,False,structural_stop
3,bb_mid,-0.05428753328969427,-0.05428753328969427,False,no_exit_48h
4,bb_mid,-0.0013920258319313206,-0.0013920258319313206,False,no_exit_48h
5,bb_mid,-0.022725234690934015,-0.01350830129032754,False,structural_stop
6,bb_mid,0.0026424315642075147,0.0026424315642075147,False,signal_exit
7,bb_mid,0.002295676075509956,0.002295676075509956,False,signal_exit
8,bb_mid,0.01713589039108787,0.01713589039108787,False,signal_exit
9,bb_mid,0.0018399264029438367,0.0018399264029438367,False,signal_exit
10,bb_mid,-0.052484427950246215,-0.023904967320763082,False,structural_stop
11,bb_mid,-0.022536261029853177,0.0050876955541281355,False,structural_stop
12,bb_mid,-0.05225957848671803,-0.013983385190566633,False,structural_stop
13,bb_mid,-0.06281900349344738,-0.02291500740040653,False,structural_stop
14,bb_mid,-0.008038800018937087,-0.008038800018937087,False,signal_exit
15,bb_mid,-0.04819796659645392,-0.0848348076052784,False,structural_stop
16,bb_mid,-0.08179444717490858,0.02520868485886285,False,structural_stop
17,bb_mid,-0.0998645476035781,-0.08211112929384912,False,structural_stop
18,bb_mid,0.08415365682624487,0.08415365682624487,False,signal_exit
19,bb_mid,0.011638943815568181,0.011638943815568181,False,signal_exit
20,bb_mid,0.012743755350853592,0.012743755350853592,False,signal_exit
21,bb_mid,0.024201629279518633,0.024201629279518633,False,signal_exit
22,bb_mid,0.01523142829002233,0.01523142829002233,False,signal_exit
23,bb_mid,0.008669134203785678,0.008669134203785678,False,signal_exit
24,bb_mid,-0.04282736979118118,-0.04047989196583379,False,structural_stop
25,bb_mid,-0.026062954160882,-0.0018165849281581714,False,structural_stop
26,bb_mid,0.016836591774883836,0.016836591774883836,False,signal_exit
27,bb_mid,0.027539142091152824,0.027539142091152824,False,signal_exit
28,bb_mid,-0.03411142395681255,-0.036661779984688225,False,structural_stop
29,bb_mid,0.007403500466191426,0.007403500466191426,False,signal_exit
30,bb_mid,0.0049743971433386935,0.0049743971433386935,False,signal_exit
31,bb_mid,0.004782799484853273,0.004782799484853273,False,signal_exit
32,bb_mid,0.05379780202513618,0.05379780202513618,False,signal_exit
33,bb_mid,-0.09727190709482492,-0.08012100961992386,False,structural_stop
34,bb_mid,0.021916476788867323,0.021916476788867323,False,signal_exit
35,bb_mid,-0.017990238131962433,-0.09496682095126163,False,structural_stop
36,bb_mid,-0.02528579141334708,0.004693317058285018,False,structural_stop
37,bb_mid,0.018955506869337668,0.018955506869337668,False,signal_exit
38,bb_mid,-0.043495193391682174,-0.05398159345727338,False,structural_stop
39,bb_mid,-0.015332823770680126,-0.01018551004297874,False,structural_stop
40,bb_mid,0.00026794094354465336,0.00026794094354465336,False,signal_exit
41,bb_mid,0.010792305524533141,0.010792305524533141,False,signal_exit
42,bb_mid,-0.016244336178009466,-0.002998055734034888,False,structural_stop
43,bb_mid,0.0021282080436195727,0.0021282080436195727,False,signal_exit
44,bb_mid,-0.03557160408415938,-0.04567696666268306,False,structural_stop
45,bb_mid,0.01462679441746162,0.01462679441746162,False,signal_exit
46,bb_mid,0.003963113715891309,0.003963113715891309,False,signal_exit
47,bb_mid,-0.004828878305735973,-0.004828878305735973,False,signal_exit
48,bb_mid,0.015105582332141099,0.015105582332141099,False,signal_exit
49,bb_mid,0.014742222049147546,0.014742222049147546,False,signal_exit
50,bb_mid,0.018666240309914484,0.018666240309914484,False,signal_exit
51,bb_mid,0.015664871990337836,0.015664871990337836,False,signal_exit
52,bb_mid,0.03474081115423311,0.03474081115423311,False,signal_exit
53,bb_mid,0.007262899843459403,0.007262899843459403,False,signal_exit
54,bb_mid,0.023929868463834936,0.023929868463834936,False,signal_exit
55,bb_mid,0.022941595559446748,0.022941595559446748,False,signal_exit
56,bb_mid,0.0031434866969586306,0.0031434866969586306,False,signal_exit
57,bb_mid,0.024371011223303096,0.024371011223303096,False,signal_exit
58,bb_mid,0.02885239448597443,0.02885239448597443,False,signal_exit
59,bb_mid,-0.008296223699520544,-0.008296223699520544,False,no_exit_48h
60,bb_mid,0.0077918440419115775,0.0077918440419115775,False,signal_exit
61,bb_mid,0.02108960363722412,0.02108960363722412,False,signal_exit
62,bb_mid,-0.06310262169029535,-0.07067690709768115,False,structural_stop
63,bb_mid,0.02149024184179371,0.02149024184179371,False,signal_exit
64,bb_mid,0.012155008018382096,0.012155008018382096,False,signal_exit
65,bb_mid,0.010012515183794868,0.010012515183794868,False,signal_exit
66,bb_mid,-0.0378049952980648,0.01627501285054156,False,structural_stop
67,bb_mid,0.017722470399615053,0.017722470399615053,False,signal_exit
68,bb_mid,0.00918074441043304,0.00918074441043304,False,signal_exit
69,bb_mid,0.0034409073950683045,0.0034409073950683045,False,signal_exit
70,bb_mid,-0.03678005926676686,-0.09278206827913138,False,structural_stop
71,bb_mid,-0.06681410155923673,0.0012263817093121077,False,structural_stop
72,bb_mid,0.015782265470944745,0.015782265470944745,False,signal_exit
73,bb_mid,-0.05270237610968875,-0.00571881505587335,False,structural_stop
74,bb_mid,-0.04918341522053227,0.04908479125422027,False,structural_stop
75,bb_mid,-0.020530598174356873,-0.01100674817364855,False,structural_stop
76,bb_mid,0.011202853052387551,0.011202853052387551,False,signal_exit
77,bb_mid,-0.0047384383715927125,-0.0047384383715927125,False,signal_exit
78,bb_mid,-0.03329143185627281,-0.0218978877735313,False,structural_stop
79,bb_mid,0.005362069333797015,0.005362069333797015,False,signal_exit
80,bb_mid,-0.003210792040359345,-0.003210792040359345,False,signal_exit
81,bb_mid,-0.031051952371163205,-0.005056285592201504,False,structural_stop
82,bb_mid,0.025198879458682155,0.025198879458682155,False,signal_exit
83,bb_mid,0.05289385845978978,0.05289385845978978,False,signal_exit
84,bb_mid,0.00045014144846988735,0.00045014144846988735,False,signal_exit
85,bb_mid,0.008947207656671674,0.008947207656671674,False,signal_exit
86,bb_mid,-0.0378634848784527,-0.15439964212966228,False,structural_stop
87,bb_mid,0.06434916792883594,0.06434916792883594,False,signal_exit
88,bb_mid,0.03288173239316938,0.03288173239316938,False,signal_exit
89,bb_mid,-0.03006673737728849,0.0023708153348538374,False,structural_stop
90,bb_mid,0.007731174468083912,0.007731174468083912,False,signal_exit
91,bb_mid,0.010114834217187951,0.010114834217187951,False,signal_exit
92,bb_mid,0.02208218064359113,0.02208218064359113,False,signal_exit
93,bb_mid,0.014965511600988357,0.014965511600988357,False,signal_exit
94,bb_mid,0.030217205858414475,0.030217205858414475,False,signal_exit
95,bb_mid,-0.01533224481974127,-0.0056762401480239255,False,structural_stop
1,time2,-0.0121677910868212,-0.0121677910868212,False,time
2,time2,0.008303961724245301,0.008303961724245301,False,time
3,time2,-0.013566951515858072,-0.013566951515858072,False,time
4,time2,-0.002295677304258281,-0.002295677304258281,False,time
5,time2,0.003378425828589382,0.003378425828589382,False,time
6,time2,-0.0005337579967601425,-0.0005337579967601425,False,time
7,time2,0.0028263733570268457,0.0028263733570268457,False,time
8,time2,-0.0014859854561656283,-0.0014859854561656283,False,time
9,time2,-0.004033948614096561,-0.004033948614096561,False,time
10,time2,-0.052484427950246215,0.014162601750824066,False,structural_stop
11,time2,-0.0015221149868756,-0.0015221149868756,False,time
12,time2,-0.011076899180154198,-0.011076899180154198,False,time
13,time2,-0.0025953612872384735,-0.0025953612872384735,False,time
14,time2,0.0013413780950326526,0.0013413780950326526,False,time
15,time2,-0.035414786729201286,-0.035414786729201286,False,time
16,time2,-0.02553992756095802,-0.02553992756095802,False,time
17,time2,-0.033377430973555944,-0.033377430973555944,False,time
18,time2,0.056639805036930335,0.056639805036930335,False,time
19,time2,-0.004359939309434124,-0.004359939309434124,False,time
20,time2,0.0028378958249695163,0.0028378958249695163,False,time
21,time2,-0.0016081221539333557,-0.0016081221539333557,False,time
22,time2,-0.015930743821820248,-0.015930743821820248,False,time
23,time2,-0.0011607834626166103,-0.0011607834626166103,False,time
24,time2,-0.037639759188417776,-0.037639759188417776,False,time
25,time2,-0.01013701269523315,-0.01013701269523315,False,time
26,time2,0.014548446446604801,0.014548446446604801,False,time
27,time2,0.04352171581769437,0.04352171581769437,False,time
28,time2,-0.003377059881000233,-0.003377059881000233,False,time
29,time2,0.007403500466191426,0.007403500466191426,False,time
30,time2,0.007689309247406628,0.007689309247406628,False,time
31,time2,-0.0005627434235533357,-0.0005627434235533357,False,time
32,time2,0.0002925441555605701,0.0002925441555605701,False,time
33,time2,-0.008617192772643167,-0.008617192772643167,False,time
34,time2,0.021916476788867323,0.021916476788867323,False,time
35,time2,-0.008054157249612559,-0.008054157249612559,False,time
36,time2,-0.0075317480810309645,-0.0075317480810309645,False,time
37,time2,0.011901095018683971,0.011901095018683971,False,time
38,time2,-0.007717732182753623,-0.007717732182753623,False,time
39,time2,-0.015332823770680126,-0.008062680383090881,False,structural_stop
40,time2,0.023072348184867808,0.023072348184867808,False,time
41,time2,0.012900052985320487,0.012900052985320487,False,time
42,time2,-0.001592009317218035,-0.001592009317218035,False,time
43,time2,-0.0121660245299412,-0.0121660245299412,False,time
44,time2,0.008024907566347439,0.008024907566347439,False,time
45,time2,-0.014881872531411933,-0.014881872531411933,False,time
46,time2,0.00452581910248151,0.00452581910248151,False,time
47,time2,-0.009204449021911976,-0.009204449021911976,False,time
48,time2,0.004173952259414415,0.004173952259414415,False,time
49,time2,0.012247552641521109,0.012247552641521109,False,time
50,time2,0.011043838373561154,0.011043838373561154,False,time
51,time2,-0.0030371250977558883,-0.0030371250977558883,False,time
52,time2,0.03474081115423311,0.03474081115423311,False,time
53,time2,-0.0036944152813839226,-0.0036944152813839226,False,time
54,time2,-0.00361133228018784,-0.00361133228018784,False,time
55,time2,0.03311878268947743,0.03311878268947743,False,time
56,time2,0.0031434866969586306,0.0031434866969586306,False,time
57,time2,0.009839486648945961,0.009839486648945961,False,time
58,time2,-0.0036222438318502803,-0.0036222438318502803,False,time
59,time2,-0.0018751246888589757,-0.0018751246888589757,False,time
60,time2,0.0008795737425124628,0.0008795737425124628,False,time
61,time2,-0.0006035685727138196,-0.0006035685727138196,False,time
62,time2,-0.01820775523831586,-0.01820775523831586,False,time
63,time2,-0.008186724579018367,-0.008186724579018367,False,time
64,time2,0.00030776072237159724,0.00030776072237159724,False,time
65,time2,0.0014357763435968174,0.0014357763435968174,False,time
66,time2,-0.02505190410827207,-0.02505190410827207,False,time
67,time2,0.031240437251368602,0.031240437251368602,False,time
68,time2,0.00918074441043304,0.00918074441043304,False,time
69,time2,0.00346841011334198,0.00346841011334198,False,time
70,time2,0.0004468857207327037,0.0004468857207327037,False,time
71,time2,0.017274945110853146,0.017274945110853146,False,time
72,time2,0.0041055865093824195,0.0041055865093824195,False,time
73,time2,-0.05270237610968875,-0.05409250795625853,False,structural_stop
74,time2,0.008707069108514487,0.008707069108514487,False,time
75,time2,-0.011711316059142107,-0.011711316059142107,False,time
76,time2,0.0028078095227281885,0.0028078095227281885,False,time
77,time2,-0.009333759103597128,-0.009333759103597128,False,time
78,time2,-0.03329143185627281,-0.03199417751436806,False,structural_stop
79,time2,-0.0011983179336062522,-0.0011983179336062522,False,time
80,time2,0.0015122199052717278,0.0015122199052717278,False,time
81,time2,0.0005460116822606498,0.0005460116822606498,False,time
82,time2,0.002745183726738043,0.002745183726738043,False,time
83,time2,0.008421295642248472,0.008421295642248472,False,time
84,time2,0.0037165319030876276,0.0037165319030876276,False,time
85,time2,-0.004082129402695256,-0.004082129402695256,False,time
86,time2,-0.008877917165429072,-0.008877917165429072,False,time
87,time2,0.06153472571157237,0.06153472571157237,False,time
88,time2,0.03288173239316938,0.03288173239316938,False,time
89,time2,-0.009518626598375435,-0.009518626598375435,False,time
90,time2,0.007731174468083912,0.007731174468083912,False,time
91,time2,0.010088381088250165,0.010088381088250165,False,time
92,time2,-0.0008438090181106528,-0.0008438090181106528,False,time
93,time2,0.005218779824282649,0.005218779824282649,False,time
94,time2,0.02744212386699396,0.02744212386699396,False,time
95,time2,0.006494179128248234,0.006494179128248234,False,time
1,time3,-0.027339946481147015,-0.01336121062698481,False,structural_stop
2,time3,0.007408786489229824,0.007408786489229824,False,time
3,time3,-0.022896136153728874,-0.022896136153728874,False,time
4,time3,-0.0008761075821973607,-0.0008761075821973607,False,time
5,time3,-0.0006806550278259937,-0.0006806550278259937,False,time
6,time3,-0.0021449163943879634,-0.0021449163943879634,False,time
7,time3,0.0016851006464657647,0.0016851006464657647,False,time
8,time3,-0.001237313863268752,-0.001237313863268752,False,time
9,time3,-0.011744320534727515,-0.011744320534727515,False,time
10,time3,-0.052484427950246215,0.0022768006201954183,False,structural_stop
11,time3,-0.006036992064414881,-0.006036992064414881,False,time
12,time3,-0.01881206755301268,-0.01881206755301268,False,time
13,time3,-0.018860651577386256,-0.018860651577386256,False,time
14,time3,-0.04288341933934059,-0.04288341933934059,False,time
15,time3,-0.04819796659645392,-0.057879807817611484,False,structural_stop
16,time3,-0.0398518427503044,-0.0398518427503044,False,time
17,time3,-0.07748857322935676,-0.07748857322935676,False,time
18,time3,0.08415365682624487,0.08415365682624487,False,time
19,time3,-0.008385123435760367,-0.008385123435760367,False,time
20,time3,0.010799136815323962,0.010799136815323962,False,time
21,time3,0.0007957362021799863,0.0007957362021799863,False,time
22,time3,0.01523142829002233,0.01523142829002233,False,time
23,time3,0.008669134203785678,0.008669134203785678,False,time
24,time3,-0.04282736979118118,-0.03985900859867064,False,structural_stop
25,time3,-0.005861592167542118,-0.005861592167542118,False,time
26,time3,0.01894642968037652,0.01894642968037652,False,time
27,time3,0.031266487935656784,0.031266487935656784,False,time
28,time3,-0.0011700649013242082,-0.0011700649013242082,False,time
29,time3,-0.0009876846934198102,-0.0009876846934198102,False,time
30,time3,0.008912647995151346,0.008912647995151346,False,time
31,time3,0.004782799484853273,0.004782799484853273,False,time
32,time3,0.05379780202513618,0.05379780202513618,False,time
33,time3,-0.029777703177617187,-0.029777703177617187,False,time
34,time3,0.044763765272954226,0.044763765272954226,False,time
35,time3,-0.014584164562302937,-0.014584164562302937,False,time
36,time3,-0.02528579141334708,-0.0043088190418064665,False,structural_stop
37,time3,0.009440106737600429,0.009440106737600429,False,time
38,time3,-0.008038514358333138,-0.008038514358333138,False,time
39,time3,-0.015332823770680126,-0.004890966122437113,False,structural_stop
40,time3,0.014063543820992619,0.014063543820992619,False,time
41,time3,0.006504976506566562,0.006504976506566562,False,time
42,time3,-0.0039451552492202335,-0.0039451552492202335,False,time
43,time3,-0.007154927817119905,-0.007154927817119905,False,time
44,time3,-0.016624204322102876,-0.016624204322102876,False,time
45,time3,-0.0032068380784975314,-0.0032068380784975314,False,time
46,time3,-0.0006933959900757847,-0.0006933959900757847,False,time
47,time3,-0.008755367181068285,-0.008755367181068285,False,time
48,time3,0.0032024525947054183,0.0032024525947054183,False,time
49,time3,0.010344867635293964,0.010344867635293964,False,time
50,time3,0.011399178166760171,0.011399178166760171,False,time
51,time3,-0.008621504166181237,-0.008621504166181237,False,time
52,time3,0.04462493394902722,0.04462493394902722,False,time
53,time3,0.00023413984485554096,0.00023413984485554096,False,time
54,time3,-0.009279676743590426,-0.009279676743590426,False,time
55,time3,0.03201473533917931,0.03201473533917931,False,time
56,time3,0.009524604297950434,0.009524604297950434,False,time
57,time3,0.024371011223303096,0.024371011223303096,False,time
58,time3,0.007163931061843876,0.007163931061843876,False,time
59,time3,0.008277138045880372,0.008277138045880372,False,time
60,time3,8.337114244660881e-05,8.337114244660881e-05,False,time
61,time3,-0.004464819099733286,-0.004464819099733286,False,time
62,time3,-0.010619239642794653,-0.010619239642794653,False,time
63,time3,0.013298307594277414,0.013298307594277414,False,time
64,time3,0.012155008018382096,0.012155008018382096,False,time
65,time3,-0.0030399802967308043,-0.0030399802967308043,False,time
66,time3,-0.0378049952980648,-0.015272433927649542,False,structural_stop
67,time3,0.02231504172954657,0.02231504172954657,False,time
68,time3,0.030423696811508805,0.030423696811508805,False,time
69,time3,0.021282132298441336,0.021282132298441336,False,time
70,time3,-0.000717069467105369,-0.000717069467105369,False,time
71,time3,0.0032210706739419503,0.0032210706739419503,False,time
72,time3,0.015782265470944745,0.015782265470944745,False,time
73,time3,-0.05270237610968875,-0.05965566748821516,False,structural_stop
74,time3,0.018145917853371607,0.018145917853371607,False,time
75,time3,-0.020530598174356873,-0.01789772432128678,False,structural_stop
76,time3,0.003468266825905175,0.003468266825905175,False,time
77,time3,-0.009282659129514759,-0.009282659129514759,False,time
78,time3,-0.03329143185627281,-0.021737322436995332,False,structural_stop
79,time3,-0.00022013157338762745,-0.00022013157338762745,False,time
80,time3,-0.0008895354498242858,-0.0008895354498242858,False,time
81,time3,-0.01114604332575253,-0.01114604332575253,False,time
82,time3,0.004402839116344648,0.004402839116344648,False,time
83,time3,0.01255023844537484,0.01255023844537484,False,time
84,time3,0.00689834893892427,0.00689834893892427,False,time
85,time3,0.00014261259918102454,0.00014261259918102454,False,time
86,time3,-0.03340118805963688,-0.03340118805963688,False,time
87,time3,0.05926552258007178,0.05926552258007178,False,time
88,time3,0.041038587058191744,0.041038587058191744,False,time
89,time3,-0.0015357774059865381,-0.0015357774059865381,False,time
90,time3,-0.013903801517947345,-0.013903801517947345,False,time
91,time3,0.010746287513925923,0.010746287513925923,False,time
92,time3,-0.004152876836803654,-0.004152876836803654,False,time
93,time3,0.004156989882464268,0.004156989882464268,False,time
94,time3,0.03499069695134027,0.03499069695134027,False,time
95,time3,-0.01533224481974127,0.0007161659806267373,False,structural_stop
1,time6,-0.027339946481147015,0.012828103642473776,False,structural_stop
2,time6,0.01743933976363299,0.01743933976363299,False,time
3,time6,-0.07245092852467239,-0.07245092852467239,False,time
4,time6,-0.00016738210155642363,-0.00016738210155642363,False,time
5,time6,-0.007174968317129271,-0.007174968317129271,False,time
6,time6,-0.0034826061887371917,-0.0034826061887371917,False,time
7,time6,0.002295676075509956,0.002295676075509956,False,time
8,time6,-0.00705951022057516,-0.00705951022057516,False,time
9,time6,-0.0013186425012711167,-0.0013186425012711167,False,time
10,time6,-0.052484427950246215,-0.018887946485111162,False,structural_stop
11,time6,-0.018964961808924485,-0.018964961808924485,False,time
12,time6,-0.0154606286833332,-0.0154606286833332,False,time
13,time6,-0.058914363831780614,-0.058914363831780614,False,time
14,time6,-0.039746523375924214,-0.039746523375924214,False,time
15,time6,-0.04819796659645392,-0.08741688709512496,False,structural_stop
16,time6,-0.020792572024254885,-0.020792572024254885,False,time
17,time6,-0.0998645476035781,-0.08559141335502296,False,structural_stop
18,time6,0.11864703426385992,0.11864703426385992,False,time
19,time6,0.011638943815568181,0.011638943815568181,False,time
20,time6,-0.005175342160960494,-0.005175342160960494,False,time
21,time6,-0.0070566511790154385,-0.0070566511790154385,False,time
22,time6,0.010805789996595871,0.010805789996595871,False,time
23,time6,0.011028083739611061,0.011028083739611061,False,time
24,time6,-0.04282736979118118,-0.03827813871275709,False,structural_stop
25,time6,-0.014797783625748795,-0.014797783625748795,False,time
26,time6,0.03367424966290833,0.03367424966290833,False,time
27,time6,0.036893833780160756,0.036893833780160756,False,time
28,time6,-0.03411142395681255,-0.019350195556035565,False,structural_stop
29,time6,0.06515230294372443,0.06515230294372443,False,time
30,time6,-0.04862404843834767,-0.04862404843834767,False,time
31,time6,0.005353077330974898,0.005353077330974898,False,time
32,time6,0.045440135955503,0.045440135955503,False,time
33,time6,-0.09417978871835764,-0.09417978871835764,False,time
34,time6,0.056331119122061235,0.056331119122061235,False,time
35,time6,-0.017990238131962433,-0.08780837266931896,False,structural_stop
36,time6,-0.02528579141334708,0.005619586394685516,False,structural_stop
37,time6,0.018955506869337668,0.018955506869337668,False,time
38,time6,-0.026721770143685708,-0.026721770143685708,False,time
39,time6,-0.015332823770680126,-0.0020392947987019072,False,structural_stop
40,time6,-0.010416139647309142,-0.010416139647309142,False,time
41,time6,0.03424214721323615,0.03424214721323615,False,time
42,time6,-0.002344205407944333,-0.002344205407944333,False,time
43,time6,-0.00598753800526497,-0.00598753800526497,False,time
44,time6,-0.01000777017485166,-0.01000777017485166,False,time
45,time6,0.015137943167206735,0.015137943167206735,False,time
46,time6,-0.008029939009883802,-0.008029939009883802,False,time
47,time6,-0.007939029360886196,-0.007939029360886196,False,time
48,time6,0.036414148774979394,0.036414148774979394,False,time
49,time6,-0.004196838058619035,-0.004196838058619035,False,time
50,time6,-0.005647569479639514,-0.005647569479639514,False,time
51,time6,-0.002877376263903497,-0.002877376263903497,False,time
52,time6,0.02777327857023626,0.02777327857023626,False,time
53,time6,0.0154706828452289,0.0154706828452289,False,time
54,time6,-0.02170657014723032,-0.02170657014723032,False,time
55,time6,0.015367696447408763,0.015367696447408763,False,time
56,time6,0.0009500428995392607,0.0009500428995392607,False,time
57,time6,-0.0032724080906639808,-0.0032724080906639808,False,time
58,time6,-0.0005671420834030272,-0.0005671420834030272,False,time
59,time6,0.010333658006945523,0.010333658006945523,False,time
60,time6,0.0077918440419115775,0.0077918440419115775,False,time
61,time6,0.011559397059703436,0.011559397059703436,False,time
62,time6,-0.05899698289408972,-0.05899698289408972,False,time
63,time6,0.02149024184179371,0.02149024184179371,False,time
64,time6,0.011125772632608832,0.011125772632608832,False,time
65,time6,0.004234987991939665,0.004234987991939665,False,time
66,time6,-0.0378049952980648,-0.001422414968101804,False,structural_stop
67,time6,0.02880316234375946,0.02880316234375946,False,time
68,time6,0.037243417295681036,0.037243417295681036,False,time
69,time6,0.021417741855466632,0.021417741855466632,False,time
70,time6,-0.03678005926676686,-0.04995805724354618,False,structural_stop
71,time6,-0.05601415149686162,-0.05601415149686162,False,time
72,time6,0.009463121562334642,0.009463121562334642,False,time
73,time6,-0.05270237610968875,-0.022273456007274373,False,structural_stop
74,time6,0.00023037743035136948,0.00023037743035136948,False,time
75,time6,-0.020530598174356873,-0.022500082640335206,False,structural_stop
76,time6,0.011758333823255862,0.011758333823255862,False,time
77,time6,-0.0061466103511010894,-0.0061466103511010894,False,time
78,time6,-0.03329143185627281,-0.01929293730514403,False,structural_stop
79,time6,0.005362069333797015,0.005362069333797015,False,time
80,time6,-0.01652220271613447,-0.01652220271613447,False,time
81,time6,-0.031051952371163205,-0.031841532836580866,False,structural_stop
82,time6,0.004755531752431041,0.004755531752431041,False,time
83,time6,0.05785259974357393,0.05785259974357393,False,time
84,time6,-0.0031881199329006904,-0.0031881199329006904,False,time
85,time6,0.0036337235729195783,0.0036337235729195783,False,time
86,time6,-0.0378634848784527,-0.07138266793066894,False,structural_stop
87,time6,0.02013062325645043,0.02013062325645043,False,time
88,time6,0.0308638786129245,0.0308638786129245,False,time
89,time6,-0.007340454931528684,-0.007340454931528684,False,time
90,time6,-0.02671934730112191,-0.013853798121612693,False,structural_stop
91,time6,0.010395553242186217,0.010395553242186217,False,time
92,time6,-0.0028146075264422477,-0.0028146075264422477,False,time
93,time6,0.014965511600988357,0.014965511600988357,False,time
94,time6,0.030028805796611602,0.030028805796611602,False,time
95,time6,-0.01533224481974127,0.0005030382995363514,False,structural_stop
1,time12,-0.027339946481147015,0.024377213087834138,False,structural_stop
2,time12,-0.0017610213668892705,-0.0017610213668892705,False,time
3,time12,-0.038512925816662325,-0.038512925816662325,False,time
4,time12,-0.002632560268150397,-0.002632560268150397,False,time
5,time12,-0.022725234690934015,-0.010352438851789159,False,structural_stop
6,time12,-0.004751105131654887,-0.004751105131654887,False,time
7,time12,-0.001587714959754516,-0.001587714959754516,False,time
8,time12,0.013712338773600008,0.013712338773600008,False,time
9,time12,0.007261107505373676,0.007261107505373676,False,time
10,time12,-0.052484427950246215,-0.014986778629352715,False,structural_stop
11,time12,-0.022536261029853177,0.015425115183216098,False,structural_stop
12,time12,-0.05225957848671803,-0.02722356427195749,False,structural_stop
13,time12,-0.06281900349344738,-0.02291500740040653,False,structural_stop
14,time12,-0.03202299104520534,-0.03202299104520534,False,time
15,time12,-0.04819796659645392,-0.1055818445565182,False,structural_stop
16,time12,-0.03998762682310664,-0.03998762682310664,False,time
17,time12,-0.0998645476035781,-0.0851150616259797,False,structural_stop
18,time12,0.10504984798785744,0.10504984798785744,False,time
19,time12,-0.02196608633654462,-0.015287665555645313,False,structural_stop
20,time12,0.02265237883663551,0.02265237883663551,False,time
21,time12,-0.0029845691339226432,-0.0029845691339226432,False,time
22,time12,0.03338654151508713,0.03338654151508713,False,time
23,time12,-0.0004261617607508317,-0.0004261617607508317,False,time
24,time12,-0.04282736979118118,-0.060017344216864,False,structural_stop
25,time12,-0.026062954160882,-0.012731564768753478,False,structural_stop
26,time12,-0.07459966785245109,-0.055364588039223395,False,structural_stop
27,time12,0.052389276139410246,0.052389276139410246,False,time
28,time12,-0.03411142395681255,-0.053882071963302414,False,structural_stop
29,time12,0.05354351911384381,0.05354351911384381,False,time
30,time12,-0.05925250298438978,-0.03400091184851184,False,structural_stop
31,time12,-0.004251752597622116,-0.004251752597622116,False,time
32,time12,-0.007001763534732697,-0.007001763534732697,False,time
33,time12,-0.09727190709482492,-0.048665677048911005,False,structural_stop
34,time12,0.06448803579435602,0.06448803579435602,False,time
35,time12,-0.017990238131962433,-0.09776187483614429,False,structural_stop
36,time12,-0.02528579141334708,0.004693317058285018,False,structural_stop
37,time12,0.12106177375440774,0.12106177375440774,False,time
38,time12,-0.026327197819091208,-0.026327197819091208,False,time
39,time12,-0.015332823770680126,-0.020908775754841846,False,structural_stop
40,time12,-0.013823997389769915,-0.013823997389769915,False,time
41,time12,0.05301294917031618,0.05301294917031618,False,time
42,time12,-0.016244336178009466,-0.020185319182669192,False,structural_stop
43,time12,-0.007402726918446789,-0.007402726918446789,False,time
44,time12,-0.03557160408415938,-0.04122534706298553,False,structural_stop
45,time12,0.09163060917516974,0.09163060917516974,False,time
46,time12,0.011404769821612648,0.011404769821612648,False,time
47,time12,-0.004919155664673713,-0.004919155664673713,False,time
48,time12,0.040062477681631625,0.040062477681631625,False,time
49,time12,0.0002357006560675945,0.0002357006560675945,False,time
50,time12,-0.008108173235990446,-0.008108173235990446,False,time
51,time12,0.0009592519049386183,0.0009592519049386183,False,time
52,time12,0.003638977455061365,0.003638977455061365,False,time
53,time12,0.01643113952532982,0.01643113952532982,False,time
54,time12,0.023447063624093545,0.023447063624093545,False,time
55,time12,0.0488452225852023,0.0488452225852023,False,time
56,time12,-0.0036518654151608265,-0.0036518654151608265,False,time
57,time12,-0.03852326878158163,0.03174824671682375,False,structural_stop
58,time12,-0.010953779838216882,-0.010953779838216882,False,time
59,time12,-0.004327386493784391,-0.004327386493784391,False,time
60,time12,0.03645300832237264,0.03645300832237264,False,time
61,time12,0.0028665977563131495,0.0028665977563131495,False,time
62,time12,-0.06310262169029535,-0.07124320738035705,False,structural_stop
63,time12,0.02486287344116378,0.02486287344116378,False,time
64,time12,-0.04820118308151333,-0.03164920207298594,False,structural_stop
65,time12,0.017281961255759537,0.017281961255759537,False,time
66,time12,-0.0378049952980648,0.027339945261345422,False,structural_stop
67,time12,0.022663714256570655,0.022663714256570655,False,time
68,time12,0.023929238277171194,0.023929238277171194,False,time
69,time12,0.06305780933867489,0.06305780933867489,False,time
70,time12,-0.03678005926676686,-0.044787917599370064,False,structural_stop
71,time12,-0.06681410155923673,0.0012263817093121077,False,structural_stop
72,time12,0.040746836053308755,0.040746836053308755,False,time
73,time12,-0.05270237610968875,-0.006909980617836431,False,structural_stop
74,time12,-0.04918341522053227,-0.015569717141622696,False,structural_stop
75,time12,-0.020530598174356873,-0.0169797082560057,False,structural_stop
76,time12,0.016922486425456684,0.016922486425456684,False,time
77,time12,-0.004455502906240305,-0.004455502906240305,False,time
78,time12,-0.03329143185627281,-0.017411767378289644,False,structural_stop
79,time12,0.03552084109662457,0.03552084109662457,False,time
80,time12,-0.02825024607556481,-0.02825024607556481,False,time
81,time12,-0.031051952371163205,-0.032722169064504314,False,structural_stop
82,time12,0.036999595056602885,0.036999595056602885,False,time
83,time12,0.08279372287581732,0.08279372287581732,False,time
84,time12,0.00045014144846988735,0.00045014144846988735,False,time
85,time12,0.012882974487458343,0.012882974487458343,False,time
86,time12,-0.0378634848784527,-0.16336556660999857,False,structural_stop
87,time12,0.06556466238399583,0.06556466238399583,False,time
88,time12,0.06614670895050168,0.06614670895050168,False,time
89,time12,-0.03006673737728849,0.009169301403329166,False,structural_stop
90,time12,-0.02671934730112191,0.0017703799881472193,False,structural_stop
91,time12,0.01919378496238333,0.01919378496238333,False,time
92,time12,0.03726943270713168,0.03726943270713168,False,time
93,time12,0.01597731262421087,0.01597731262421087,False,time
94,time12,0.022460660746385752,0.022460660746385752,False,time
95,time12,-0.01533224481974127,-0.0013299115507173775,False,structural_stop
