regime,exit_type,n,avg_return,median_return,win_rate,profit_factor
bear,bb_mid,45,0.0008959554044387754,0.0086691342037856,0.6444444444444445,1.0710156060849727
bear,rsi48,45,0.0044960050637124485,0.0116389438155681,0.6444444444444445,1.3563643044942022
bear,rsi50,45,0.00510233126483025,0.0109409446729742,0.6222222222222222,1.3893586037148011
bear,rsi52,45,0.00287169086288656,0.0101704312365726,0.6,1.194529706973096
bear,time12,45,0.0012239610398858062,-0.0070017635347326,0.4444444444444444,1.067727176337676
bear,time2,45,0.0023267715887145294,0.0002925441555605,0.5111111111111111,1.430281801271648
bear,time3,45,0.0030643585205630806,0.000142612599181,0.5111111111111111,1.403671232246428
bear,time6,45,0.0018893007107732085,0.0036337235729195,0.5333333333333333,1.1548781566116963
bull,bb_mid,18,0.0033783831166394715,0.005613006779675351,0.7777777777777778,1.4916235511113438
bull,rsi48,18,0.002688547037598433,0.00467038561931415,0.7777777777777778,1.5436506467025233
bull,rsi50,18,0.005070162310897094,0.008363193502350201,0.8333333333333334,2.0356379234995874
bull,rsi52,18,0.008949214597465088,0.0112386284196518,0.8333333333333334,2.827978169998875
bull,time12,18,0.004621303125046861,0.00545004248021745,0.6111111111111112,1.5709134341159445
bull,time2,18,0.003686129877380494,0.0029756481098433497,0.5555555555555556,2.2908082274782013
bull,time3,18,0.0032040310136672062,-0.0002296280726101,0.5,1.5687138274509658
bull,time6,18,0.001099098436571467,-0.00275774027994505,0.3888888888888889,1.1795302605181992
neutral,bb_mid,32,-0.016680618711646875,-0.00643383916233645,0.40625,0.2629825224529816
neutral,rsi48,32,-0.016368635778263876,-0.0048441247657259,0.4375,0.29051902937191626
neutral,rsi50,32,-0.017721929445501404,-0.015416242364686802,0.40625,0.2699554573646362
neutral,rsi52,32,-0.015019113409483592,-0.015416242364686802,0.375,0.38295045093092206
neutral,time12,32,-0.013183002300888322,-0.0137277083472634,0.25,0.4236248338712618
neutral,time2,32,-0.004339214569959507,-0.0015651185704044501,0.4375,0.4673299495624065
neutral,time3,32,-0.007622655189247783,-0.0015105119882926,0.40625,0.3778824136875028
neutral,time6,32,-0.01574893971881664,-0.0071158097480723,0.3125,0.25058529570217886
