sample,feature,state,horizon_h,n,avg_net,median_net,win_rate,profit_factor
OOS_2025_plus,oi_state_4h,falling,2,1,0.0605345756319998,0.0605345756319998,1.0,inf
OOS_2025_plus,oi_state_4h,falling,3,1,0.0582655225800717,0.0582655225800717,1.0,inf
OOS_2025_plus,oi_state_4h,falling,6,1,0.0191306232564504,0.0191306232564504,1.0,inf
OOS_2025_plus,oi_state_4h,falling,12,1,0.0645648124635681,0.0645648124635681,1.0,inf
OOS_2025_plus,oi_state_4h,flat,2,6,0.00448568770190105,0.00423830341275115,0.6666666666666666,4.885989822051431
OOS_2025_plus,oi_state_4h,flat,3,6,-0.0009240270188525169,0.0006818416365615,0.5,0.734911215663542
OOS_2025_plus,oi_state_4h,flat,6,6,-0.009982101875530768,-0.0005904419767613499,0.5,0.20858002863380665
OOS_2025_plus,oi_state_4h,flat,12,6,0.017223716661463967,0.015038313921117501,1.0,inf
OOS_2025_plus,oi_state_4h,rising,2,1,0.0005122199052717,0.0005122199052717,1.0,inf
OOS_2025_plus,oi_state_4h,rising,3,1,-0.0018809553419848,-0.0018809553419848,0.0,0.0
OOS_2025_plus,oi_state_4h,rising,6,1,-0.0175221063104282,-0.0175221063104282,0.0,0.0
OOS_2025_plus,oi_state_4h,rising,12,1,-0.0292502460755648,-0.0292502460755648,0.0,0.0
OOS_2025_plus,oi_state_12h,falling,2,3,0.026184941073773334,0.0162749451108531,1.0,inf
OOS_2025_plus,oi_state_12h,falling,3,3,0.021296477456786065,0.0034028391163446,1.0,inf
OOS_2025_plus,oi_state_12h,falling,6,3,-0.011374199225742301,0.0037556505041603,0.6666666666666666,0.40145109319636085
OOS_2025_plus,oi_state_12h,falling,12,3,0.0335968906316127,0.0359995950566028,1.0,inf
OOS_2025_plus,oi_state_12h,flat,2,5,0.00188121970547156,0.0005122199052717,0.6,2.3580973372650122
OOS_2025_plus,oi_state_12h,flat,3,5,-0.0026098054490772808,-0.0018809553419848,0.2,0.427556610506743
OOS_2025_plus,oi_state_12h,flat,6,5,-0.004832299325987099,-0.0038146075264422,0.4,0.33238275412558405
OOS_2025_plus,oi_state_12h,flat,12,5,0.0075732388923898,0.0118829744874583,0.8,2.294559859911122
development,oi_state_4h,falling,2,4,0.0050117938540536495,0.00466782772852905,0.5,2.8371258395440395
development,oi_state_4h,falling,3,4,0.024301248531201997,0.02708147171985715,0.75,10.963865491920739
development,oi_state_4h,falling,6,4,0.021046345827275523,0.0188966467739635,0.5,6.401271319099727
development,oi_state_4h,falling,12,4,0.010114553656251949,-0.0069608239666789,0.25,2.7567750234576773
development,oi_state_4h,flat,2,16,0.004031198613757056,-0.00223934663078635,0.4375,1.672939458353722
development,oi_state_4h,flat,3,16,0.004351701598392057,0.00586078057976375,0.5625,1.5045935278527476
development,oi_state_4h,flat,6,16,0.00021138366487935024,-0.00272237512932725,0.4375,1.0133103101334564
development,oi_state_4h,flat,12,16,0.006815613859501494,-0.00040252371949689084,0.4375,1.4457859070197938
development,oi_state_4h,rising,2,3,0.0012414543433908007,-0.0091869042227596,0.3333333333333333,1.1311642083708704
development,oi_state_4h,rising,3,3,0.010564681030810765,0.0122983075942774,0.6666666666666666,3.7277209238116216
development,oi_state_4h,rising,6,3,-0.008379570649456767,0.0143676964474087,0.6666666666666666,0.5809993294962456
development,oi_state_4h,rising,12,3,-0.00017837045133036722,0.0238628734411637,0.6666666666666666,0.9925929180971469
development,oi_state_12h,falling,2,5,0.0012224565054871999,-0.0016035685727138,0.2,1.4128892182755073
development,oi_state_12h,falling,3,5,0.013472430513087899,0.0072771380458803,0.6,2.8467247432736196
development,oi_state_12h,falling,6,5,0.00489700849657428,0.0105595735417421,0.8,1.257250439537369
development,oi_state_12h,falling,12,5,0.0004719798017160385,-0.0053273864937843,0.4,1.0374618454341364
development,oi_state_12h,flat,2,18,0.0045643574299479945,0.0020716199308826,0.5,1.682661678897574
development,oi_state_12h,flat,3,18,0.007286895012559649,0.007754154781210051,0.6111111111111112,2.067371116269137
development,oi_state_12h,flat,6,18,0.0021079870842183337,-0.0040750819027396,0.3888888888888889,1.1618054421417938
development,oi_state_12h,flat,12,18,0.008145168111914465,-0.00040252371949689084,0.4444444444444444,1.5294761358025417
