feature,state,n,avg_net,median_net,win_rate,profit_factor,horizon
oi_state_4h,falling,6,0.01384167589697845,0.0062558801050655,0.6666666666666666,8.61071819595061,2
oi_state_4h,falling,6,0.029292108167220166,0.03202294878569775,0.8333333333333334,19.01528584292075,3
oi_state_4h,falling,6,0.020622273773555567,0.01977412966611565,0.6666666666666666,8.938658101163632,6
oi_state_4h,falling,6,0.027846806071208447,0.02806913475751345,0.5,8.254977587478136,12
oi_state_4h,flat,70,-5.537118366986366e-05,-0.00112714901385855,0.45714285714285713,0.9907087180752305,2
oi_state_4h,flat,70,-0.0007346201597913035,-0.00088709002618265,0.44285714285714284,0.9075970953535678,3
oi_state_4h,flat,70,-0.0035101715573179703,-0.00273077326675235,0.42857142857142855,0.7284608360412694,6
oi_state_4h,flat,70,0.000628813850646892,-0.0002966785008368908,0.4857142857142857,1.0409748916558421,12
oi_state_4h,rising,10,-0.0039641040848008395,-0.0020742941655038,0.4,0.48687684563692724,2
oi_state_4h,rising,10,-0.007578123253652559,-0.00179901240454505,0.4,0.38769936340766575,3
oi_state_4h,rising,10,-0.0201143931370653,-0.012334405470962099,0.4,0.28716482662357823,6
oi_state_4h,rising,10,-0.013607350015866942,-0.01468510257920945,0.4,0.48215139485625935,12
oi_state_12h,falling,14,0.005958301686134,-0.0011556844960652001,0.42857142857142855,3.34179260807735,2
oi_state_12h,falling,14,0.007551648335209729,0.0005361668883245,0.5,2.6706695086140826,3
oi_state_12h,falling,14,0.0019117376876012285,0.0065446542555529,0.5714285714285714,1.1404374765973078,6
oi_state_12h,falling,14,0.006628149319208828,-0.00465597781385345,0.42857142857142855,1.737078334656323,12
oi_state_12h,flat,71,-0.001093295818072357,-0.0005532270437692,0.4647887323943662,0.8347403764974256,2
oi_state_12h,flat,71,-0.0014197183853599882,-0.0009167926515464,0.4507042253521127,0.839170716163289,3
oi_state_12h,flat,71,-0.00530507295590405,-0.0038146075264422,0.4084507042253521,0.6278313679053386,6
oi_state_12h,flat,71,-0.0002874434673121759,-0.0005526089066124,0.4788732394366197,0.9834634587405977,12
oi_state_12h,rising,1,0.0337408111542331,0.0337408111542331,1.0,inf,2
oi_state_12h,rising,1,0.0436249339490272,0.0436249339490272,1.0,inf,3
oi_state_12h,rising,1,0.0267735545011927,0.0267735545011927,1.0,inf,6
oi_state_12h,rising,1,0.0026387015241046,0.0026387015241046,1.0,inf,12
oi_price_context,oi_down,41,-0.00036412805053514423,-0.002592009317218,0.4146341463414634,0.9424281238745026,2
oi_price_context,oi_down,41,0.0002057852129053404,-0.0016937463670289,0.4634146341463415,1.0239791525643638,3
oi_price_context,oi_down,41,-0.0035075707272065907,-0.0015669945438392,0.4878048780487805,0.7541005852033318,6
oi_price_context,oi_down,41,-0.0036200481397258033,-0.0053273864937843,0.4634146341463415,0.7925015116771132,12
oi_price_context,oi_flat,31,0.0027111306854785103,0.0005122199052717,0.5483870967741935,1.9590227184394948,2
oi_price_context,oi_flat,31,0.003567241558930703,-0.0002839635015609,0.4838709677419355,1.8223654496182895,3
oi_price_context,oi_flat,31,0.0008510796954526699,-0.0007694951485036,0.41935483870967744,1.0902322722777318,6
oi_price_context,oi_flat,31,0.01252653005233942,0.0007703799881472,0.5161290322580645,2.4381384249691123,12
oi_price_context,oi_up_failed_rebound,8,-0.012332340275761324,-0.014130956243964151,0.25,0.25246437688767964,2
oi_price_context,oi_up_failed_rebound,8,-0.02182048577565161,-0.0135963907353306,0.25,0.11372789840062181,3
oi_price_context,oi_up_failed_rebound,8,-0.03963465143268905,-0.0305353553685059,0.0,0.0,6
oi_price_context,oi_up_failed_rebound,8,-0.046841250930411346,-0.0510026984534242,0.0,0.0,12
oi_price_context,oi_up_rebound,6,0.01151265878419492,0.01480823448448695,0.6666666666666666,3.616478680870617,2
oi_price_context,oi_up_rebound,6,0.01734836823844105,0.016608517446544648,0.6666666666666666,16.43766060368963,3
oi_price_context,oi_up_rebound,6,0.018563640496062035,0.020570625474300698,0.8333333333333334,14.354647519588303,6
oi_price_context,oi_up_rebound,6,0.03497564256056507,0.03026168607445455,1.0,inf,12
