split,rank,feature,op,threshold,train_n,train_net_avg,train_delta_vs_volume,train_win
2020-2023 -> 2024-2024,1,rsi_reentry,>=,30.0,15,0.00873265579023582,0.0028333253992206594,0.5333333333333333
2020-2023 -> 2024-2024,2,rsi_reentry,>=,25.0,15,0.00873265579023582,0.0028333253992206594,0.5333333333333333
2020-2023 -> 2024-2024,3,rsi_min,>=,25.0,15,0.00873265579023582,0.0028333253992206594,0.5333333333333333
2020-2023 -> 2024-2024,4,rsi_confirm,>=,35.0,15,0.00873265579023582,0.0028333253992206594,0.5333333333333333
2020-2023 -> 2024-2024,5,rsi_reentry,>=,20.0,16,0.008142648813068615,0.002243318422053454,0.5625
2020-2023 -> 2024-2024,6,rsi_min,>=,20.0,16,0.008142648813068615,0.002243318422053454,0.5625
2020-2023 -> 2024-2024,7,rsi_confirm,>=,30.0,16,0.008142648813068615,0.002243318422053454,0.5625
2020-2023 -> 2024-2024,8,rsi_confirm,>=,25.0,16,0.008142648813068615,0.002243318422053454,0.5625
2020-2023 -> 2024-2024,9,ret4_reentry,>=,-0.01,18,0.006761359455662846,0.000862029064647685,0.5555555555555556
2020-2023 -> 2024-2024,10,ret24_reentry,>=,-0.12,18,0.006761359455662846,0.000862029064647685,0.5555555555555556
2020-2024 -> 2025-2025,1,rsi_reentry,>=,30.0,20,0.005749667213186589,0.0022261252294208294,0.5
2020-2024 -> 2025-2025,2,rsi_min,>=,30.0,18,0.005736866225215712,0.002213324241449952,0.5
2020-2024 -> 2025-2025,3,rsi_reentry,>=,25.0,22,0.005023393227370863,0.001499851243605103,0.45454545454545453
2020-2024 -> 2025-2025,4,rsi_min,>=,25.0,22,0.005023393227370863,0.001499851243605103,0.45454545454545453
2020-2024 -> 2025-2025,5,rsi_confirm,>=,35.0,22,0.005023393227370863,0.001499851243605103,0.45454545454545453
2020-2024 -> 2025-2025,6,rsi_reentry,>=,20.0,23,0.004774225876422589,0.0012506838926568294,0.4782608695652174
2020-2024 -> 2025-2025,7,rsi_min,>=,20.0,23,0.004774225876422589,0.0012506838926568294,0.4782608695652174
2020-2024 -> 2025-2025,8,rsi_confirm,>=,30.0,23,0.004774225876422589,0.0012506838926568294,0.4782608695652174
2020-2024 -> 2025-2025,9,rsi_confirm,>=,25.0,23,0.004774225876422589,0.0012506838926568294,0.4782608695652174
2020-2024 -> 2025-2025,10,ret12_reentry,<=,0.0,19,0.0047666672873129924,0.0012431253035472328,0.47368421052631576
2020-2025 -> 2026-2026,1,rsi_reentry,>=,30.0,20,0.005749667213186589,0.0019515830641944282,0.5
2020-2025 -> 2026-2026,2,rsi_min,>=,30.0,18,0.005736866225215712,0.001938782076223551,0.5
2020-2025 -> 2026-2026,3,ret12_reentry,<=,0.0,22,0.0049590466909913535,0.0011609625419991927,0.5454545454545454
2020-2025 -> 2026-2026,4,rsi_reentry,>=,20.0,26,0.004936136303868556,0.0011380521548763952,0.5384615384615384
2020-2025 -> 2026-2026,5,rsi_min,>=,20.0,26,0.004936136303868556,0.0011380521548763952,0.5384615384615384
2020-2025 -> 2026-2026,6,rsi_confirm,>=,25.0,26,0.004936136303868556,0.0011380521548763952,0.5384615384615384
2020-2025 -> 2026-2026,7,rsi_confirm,>=,35.0,23,0.0048272552568448136,0.0010291711078526528,0.4782608695652174
2020-2025 -> 2026-2026,8,rsi_reentry,>=,25.0,24,0.0046988356097570315,0.0009007514607648707,0.5
2020-2025 -> 2026-2026,9,rsi_min,>=,25.0,24,0.0046988356097570315,0.0009007514607648707,0.5
2020-2025 -> 2026-2026,10,rsi_reentry,<=,38.0,22,0.004659052386528302,0.0008609682375361411,0.5
