train,validation,selected_category,train_n,horizon,validation_n,validation_avg_net,validation_median_net,validation_win
2020-2022,2023,moderate,20,2,5,-0.0033109802999977457,-0.004037504548667802,0.4
2020-2022,2023,moderate,20,3,5,-0.0029757323569979954,-0.0042068380784975315,0.2
2020-2022,2023,moderate,20,6,5,-0.0028711235047957475,-0.006647186982553287,0.2
2020-2022,2023,moderate,20,12,5,0.01720278334914227,-4.074809506138168e-05,0.4
2020-2023,2024,moderate,25,2,5,-0.0061171904807276745,-0.00462224383185028,0.4
2020-2023,2024,moderate,25,3,5,0.004304138005441427,0.006163783522279976,0.6
2020-2023,2024,moderate,25,6,5,0.003092751021633756,-0.0015669945438392388,0.4
2020-2023,2024,moderate,25,12,5,0.017055852123776784,0.02386287344116378,0.8
2020-2024,2025,moderate,30,2,1,-0.010333759103597129,-0.010333759103597129,0.0
2020-2024,2025,moderate,30,3,1,-0.01028265912951476,-0.01028265912951476,0.0
2020-2024,2025,moderate,30,6,1,-0.007146704631496025,-0.007146704631496025,0.0
2020-2024,2025,moderate,30,12,1,-0.0054554086258452586,-0.0054554086258452586,0.0
2020-2025,2026,slow_positive,3,2,1,0.004218621631502218,0.004218621631502218,1.0
2020-2025,2026,slow_positive,3,3,1,0.003156989882464268,0.003156989882464268,1.0
2020-2025,2026,slow_positive,3,6,1,0.013965511600988356,0.013965511600988356,1.0
2020-2025,2026,slow_positive,3,12,1,0.01497731262421087,0.01497731262421087,1.0
