train,year,condition,n,avg_2h,avg_3h,avg_6h,avg_12h
2020-2022,2023,buy,1,0.0021434866969586306,0.008524836752782705,-4.995710046073933e-05,-0.004652097869993098
2020-2022,2023,improving,2,-0.001233802988924836,-0.0008775397980936295,-0.011378383426535299,0.008897482877050222
2020-2022,2023,anchor_buy,0,,,,
2020-2022,2023,anchor_improving,0,,,,
2020-2023,2024,buy,0,,,,
2020-2023,2024,improving,2,0.014774359590708053,0.016234857556886917,0.01896455307236722,-0.005492662175313301
2020-2023,2024,anchor_buy,0,,,,
2020-2023,2024,anchor_improving,0,,,,
2020-2024,2025,buy,3,-0.0029933126328694306,-0.006653546493585664,-0.009743301214940344,-0.007751697088297631
2020-2024,2025,improving,8,-0.005745459094852315,-0.004189871714221152,0.0008093943831677941,0.008358328066965057
2020-2024,2025,anchor_buy,0,,,,
2020-2024,2025,anchor_improving,2,0.004109644506893107,0.00763248125569338,-0.00914580072946597,-0.022909917898021215
2020-2025,2026,buy,2,0.002003191646580749,0.004444450056553473,0.006014572603749602,0.015038313921117541
2020-2025,2026,improving,4,0.010026684329458274,0.013021119263440739,0.013964633855353015,0.027550162354236907
2020-2025,2026,anchor_buy,2,0.002003191646580749,0.004444450056553473,0.006014572603749602,0.015038313921117541
2020-2025,2026,anchor_improving,2,0.002003191646580749,0.004444450056553473,0.006014572603749602,0.015038313921117541
