event_id,year,buy_ratio,delta3,state,delta_state,anchor,net_2h,net_3h,net_6h,net_12h
1,2020,0.4830959872002466,-0.021152439808336032,neutral,flat,False,-0.013281119686565535,-0.014543924083715187,0.011832729299605993,0.023403810616345777
2,2020,0.5024563724805448,0.014409156214450047,neutral,flat,True,0.007448056883157973,0.006504424869039239,0.01645719226119724,-0.0027610213668892705
3,2020,0.503406596421171,0.04241051480240282,neutral,flat,False,-0.014529290447539145,-0.023923036916813967,-0.07337560638803464,-0.03968688408461196
4,2020,0.5082490639365589,0.08515052123247424,neutral,improving,False,-0.0032776678376351667,-0.0018867013860931472,-0.0011896290897378528,-0.003641035311267137
5,2020,0.5098774785352717,0.06659033035772821,neutral,improving,False,0.002306038706582415,-0.0016806550278259938,-0.008174968317129272,-0.01135243885178916
6,2020,0.46106001854481765,-0.008607047324237227,neutral,flat,True,-0.0015348562642432109,-0.0031471129293538782,-0.004476016583839003,-0.005731336316959989
7,2020,0.500994402189211,0.04375559887981656,neutral,flat,False,0.0018252791358278628,0.0006840064252667819,0.0012967702967089387,-0.002587714959754516
8,2020,0.45325901023663195,0.006987623994606285,neutral,flat,True,-0.0024851220131347765,-0.002237313863268752,-0.00805864677754431,0.012712338773600007
9,2020,0.4841060552844877,0.013813517433632128,neutral,flat,False,-0.005033948614096561,-0.012743463159889168,-0.0023194998761092425,0.006260250130535439
10,2020,0.46189365872924737,0.02074856931398844,neutral,flat,False,0.013162601750824066,0.0012768006201954183,-0.019888905945970925,-0.015986778629352716
11,2020,0.4898831795261423,0.020436261889170748,neutral,flat,False,-0.0025230680958217002,-0.007037945173360981,-0.019964961808924486,0.014429880727946709
12,2020,0.4709602880639137,0.03373156095258717,neutral,flat,True,-0.0120768991801542,-0.01981152821621368,-0.016450920620949216,-0.02822356427195749
13,2021,0.503967786046811,0.04055167478680949,neutral,flat,False,-0.0035953612872384735,-0.019856855956394193,-0.059839927486769695,-0.02391479653257378
14,2021,0.4720659549375137,-0.008602092073060785,neutral,flat,False,0.00034155343857456087,-0.04394303614356432,-0.04074634803238253,-0.03302299104520534
15,2021,0.48190349939187743,-0.018069241962581584,neutral,flat,True,-0.03641478672920129,-0.05887999007775768,-0.08841688709512496,-0.10661082391974863
16,2021,0.4973224982721426,0.016980222479727525,neutral,flat,True,-0.026662015833909813,-0.04088295178139301,-0.021792572024254886,-0.04098782247739008
17,2021,0.47619261289278336,0.005173537916009108,neutral,flat,False,-0.034377430973555945,-0.07840796609153411,-0.08671090634827794,-0.08611526415647663
18,2021,0.47457863149172635,-0.009542907274885992,neutral,flat,True,0.055639805036930334,0.08315365682624487,0.11807089209675248,0.10404984798785744
19,2021,0.507739692037608,0.0065676020077618524,neutral,flat,False,-0.005282890739420453,-0.009385342947355824,0.010639163327163748,-0.016287665555645314
20,2021,0.489947020545698,0.017664210044661233,neutral,flat,False,0.001921851106862272,0.009799136815323961,-0.006175169413466962,0.02165237883663551
21,2021,0.4911957611478143,0.037661400318870386,neutral,flat,False,-0.0026083251996599213,-0.0002044668435464683,-0.008056854224741894,-0.003984569133922643
22,2021,0.4975186639534959,0.047973947396927064,neutral,flat,False,-0.01693032381249182,0.014098495337581451,0.00980578999659587,0.03238654151508713
23,2021,0.5234930081734708,0.04105354966198299,neutral,flat,False,-0.0021607834626166103,0.007669134203785678,0.01002808373961106,-0.0014259481458332992
24,2022,0.4972051125510782,0.009564310649187835,neutral,flat,False,-0.03863975918841778,-0.04085900859867064,-0.039278138712757094,-0.06101757442945843
25,2022,0.4580749227319025,-0.029757997207211673,neutral,flat,False,-0.011137247093288338,-0.006861826565597417,-0.015797549227693608,-0.01373156476875348
26,2022,0.5033535737640712,0.024342351748778246,neutral,flat,False,0.0135484464466048,0.01794642968037652,0.03267424966290833,-0.056364321510938176
27,2022,0.5234538913661018,0.05387765689551349,neutral,improving,True,0.04252198391420914,0.03026675603217155,0.03589356568364599,0.051389276139410245
28,2022,0.5106944792933751,0.04268905256990352,neutral,flat,False,-0.004377313471139343,-0.002170318491463318,-0.020350449146174676,-0.054882071963302415
29,2022,0.5224769810691603,0.03694363427937514,neutral,flat,False,0.006403500466191426,-0.0019876846934198103,0.06415230294372443,0.05254326069294024
30,2022,0.5336423920686573,0.07580242629743417,neutral,improving,False,0.006689309247406628,0.007912647995151345,-0.04962404843834767,-0.03500066325295259
31,2022,0.4905976291242061,0.035428447357968185,neutral,flat,False,-0.0015627434235533358,0.00378305929252798,0.004353077330974898,-0.005251492789947298
32,2022,0.4816906062757994,0.011535272036542088,neutral,flat,True,-0.0007078004194166479,0.052797802025136176,0.04444048053048022,-0.008002108109709916
33,2022,0.4780208594929948,-0.00013472831576805122,neutral,flat,True,-0.009617192772643168,-0.031011557196759076,-0.09517978871835764,-0.04966523993859473
34,2022,0.4947165997183871,0.0006583270867627777,neutral,flat,True,0.0209159689810684,0.043763765272954225,0.055331119122061234,0.06348803579435602
35,2022,0.49388674149759976,-0.002508059425733511,neutral,flat,False,-0.00905415724961256,-0.015573541827866633,-0.08880837266931896,-0.09876187483614429
36,2022,0.4968960812208909,0.0011791950580913868,neutral,flat,False,-0.008531748081030965,-0.005245909720429042,0.00456324968897437,0.003693317058285018
37,2022,0.4866915445392418,0.009957648375059303,neutral,flat,False,0.01090109501868397,0.008436947574209985,0.017955506869337667,0.12006177375440774
38,2022,0.5007974040464548,0.011667588508044169,neutral,flat,True,-0.008717732182753624,-0.008990345788837173,-0.02772177014368571,-0.027238547153955017
39,2022,0.4931503175065043,0.0007231213621606281,neutral,flat,False,-0.009145693151394463,-0.005890966122437113,-0.0030392947987019072,-0.021862309488307252
40,2022,0.5007730639630031,0.012209038889335333,neutral,flat,True,0.022072348184867807,0.013055799863087025,-0.011416139647309143,-0.01479921672447082
41,2022,0.5064239805341991,0.011963626704355967,neutral,flat,True,0.011844182021460425,0.00555777763724763,0.03324214721323615,0.05201294917031618
42,2022,0.4982082990764303,0.010370267205419004,neutral,flat,False,-0.002592009317218035,-0.0049451552492202335,-0.003297118647906715,-0.021185319182669193
43,2023,0.4972179022696942,0.0002457194545293362,neutral,flat,False,-0.0131660245299412,-0.008154927817119906,-0.00698753800526497,-0.008446124309222092
44,2023,0.49759300364357884,0.00372135704938914,neutral,flat,False,0.007060057372754503,-0.017623790794968675,-0.011007770174851661,-0.0422770379547609
45,2023,0.5022660341249316,0.006787686005794713,neutral,flat,True,-0.015881872531411934,-0.0042068380784975315,0.014137943167206735,0.09067725770184543
46,2023,0.49549287501330636,0.019395270338118942,neutral,flat,False,0.003525468725528281,-0.0016937463670289024,-0.009029588632930685,0.010405120198565654
47,2023,0.4987524713808228,0.012159311540973716,neutral,flat,True,-0.010204449021911977,-0.009755751340042473,-0.008939029360886197,-0.0059195398236479005
48,2023,0.5136744064394394,0.03723345688248486,neutral,flat,False,0.0031743451019800037,0.0022020597521398297,0.03541414877497939,0.03906287052419721
49,2023,0.47888290098005515,0.03456797388662708,neutral,flat,True,0.011247552641521108,0.009344526040140244,-0.005196496463465316,-0.0007642993439324055
50,2023,0.5025655732286081,0.03171380072665436,neutral,flat,True,0.010043455876474705,0.01039917816676017,-0.006647186982553287,-0.009108173235990447
51,2023,0.47150927119649655,-0.01729386261042093,neutral,flat,True,-0.004037504548667802,-0.009621504166181238,-0.0038777557148153,-4.074809506138168e-05
52,2023,0.486750708574033,0.014609858892497385,neutral,flat,False,0.03374081115423311,0.04362493394902722,0.026773554501192787,0.002638701524104615
53,2023,0.4987395977150136,0.01853163961771126,neutral,flat,False,-0.004694415281383923,-0.0007655916461480885,0.014470951354225048,0.01543140803432641
54,2023,0.5285696287977083,0.06350407100436661,neutral,improving,False,-0.004611092674808303,-0.010279916348969964,-0.022706809752609858,0.022447063624093544
55,2023,0.5014448503058051,0.0402231438373758,neutral,flat,True,0.03211902249124787,0.03101497514094953,0.014367696447408762,0.047845222585202296
56,2023,0.6121172072534764,0.10338259149781959,buy,improving,False,0.0021434866969586306,0.008524836752782705,-4.995710046073933e-05,-0.004652097869993098
57,2024,0.4972230819985288,0.03398476768587577,neutral,flat,True,0.00883948664894596,0.023370849901730995,-0.004272408090663981,0.030748408038395847
58,2024,0.5039532307500304,0.01896573785974437,neutral,flat,True,-0.00462224383185028,0.006163783522279976,-0.0015669945438392388,-0.011953927377780671
59,2024,0.48999933852087657,0.022218682226602504,neutral,flat,True,-0.0028751246888589757,0.007277138045880372,0.009333658006945522,-0.005327386493784391
60,2024,0.5075527025066275,0.004946276638154057,neutral,flat,False,-0.00012042625748753723,-0.0009167926515464267,0.0067918440419115775,0.03545300832237264
61,2024,0.46411212152974773,0.006407307914116922,neutral,flat,True,-0.0016035685727138196,-0.005464995581772158,0.010559573541742195,0.0018665977563131495
62,2024,0.4941262287460383,0.026604149283870282,neutral,flat,True,-0.01920775523831586,-0.011619239642794654,-0.05999682988131416,-0.07224320738035706
63,2024,0.5060080796177118,0.04994911092298815,neutral,flat,True,-0.009186904222759695,0.012298307594277413,0.02049042148553515,0.02386287344116378
64,2024,0.5183535268088892,0.050623673733825314,neutral,improving,False,-0.0006915546041638123,0.011154836850015948,0.01012594380097498,-0.03264920207298594
65,2024,0.45797545063111245,-0.011431610308181628,neutral,flat,False,0.00043577634359681736,-0.004039980296730804,0.003234987991939665,0.016281961255759536
66,2024,0.49230572623434354,0.03462405055768086,neutral,flat,False,-0.026052067341571172,-0.016272270694350444,-0.002422251734802815,0.02633994526134542
67,2024,0.52543480843262,0.09259831261774454,neutral,improving,False,0.03024027378557992,0.021314878263757886,0.027803162343759458,0.021663877722359337
68,2024,0.44982650166163357,-0.05184979888468205,sell,deteriorating,True,0.008180744410433038,0.029423696811508804,0.036243519966751125,0.022929238277171193
69,2025,0.49557217566568795,0.06094320637112255,neutral,improving,False,0.0024683043336563024,0.020282132298441335,0.020417636075780954,0.062057809338674885
70,2025,0.47787961032338694,0.0448171152442281,neutral,flat,False,-0.0005532270437692546,-0.001717069467105369,-0.050958057243546184,-0.0457880303638718
71,2025,0.49515861520337834,-0.0022910083098219847,neutral,flat,True,0.016274945110853145,0.0022210706739419503,-0.057008871437837616,0.00022626437466721858
72,2025,0.4833499281217827,0.007121603587091296,neutral,flat,False,0.003105705549844796,0.014782146430482368,0.008463240602797018,0.03974695509377113
73,2025,0.5321245220622632,0.059604782952735136,neutral,improving,False,-0.05509250795625853,-0.06065566748821516,-0.02327357565025956,-0.007909980617836432
74,2025,0.5428193498187041,0.0722384915106995,neutral,improving,True,0.007707069108514487,0.017145917853371606,-0.0007694951485036619,-0.016569589720477618
75,2025,0.44398108177887996,-0.023486315173310457,sell,flat,False,-0.012711410505239384,-0.018897818767383945,-0.023500177086432372,-0.017979802702102865
76,2025,0.5512363751446417,0.10052426139993215,buy,improving,False,0.0018078095227281885,0.002468170605435361,0.010758333823255861,0.015922486425456683
77,2025,0.5621228954756564,0.1137707553983553,buy,improving,False,-0.010333759103597129,-0.01028265912951476,-0.007146704631496025,-0.0054554086258452586
78,2025,0.4537017424829607,0.021606533809120032,neutral,flat,False,-0.03299426910896952,-0.022737414031596903,-0.02029284571054235,-0.018411675783688075
79,2025,0.5075238439331504,0.04537577412060528,neutral,flat,False,-0.002198317933606252,-0.0012202248494780346,0.004362069333797015,0.034520841096624566
80,2025,0.5005667421343777,0.05924103998989605,neutral,improving,True,0.0005122199052717278,-0.001880955341984846,-0.017522106310428276,-0.029250246075564812
81,2025,0.5550364806422128,0.07431815372780098,buy,improving,False,-0.00045398831773935024,-0.012146150956677593,-0.03284153283658087,-0.033722169064504315
82,2025,0.48270685280797593,0.034667997611017465,neutral,flat,True,0.0017453024784671598,0.003402839116344648,0.0037556505041603802,0.035999595056602884
83,2025,0.5144970666652864,0.07034291472519799,neutral,improving,False,0.007421179748605789,0.011550238445374839,0.05685259974357393,0.08179372287581732
84,2025,0.44826652335458256,-0.03521979387816293,sell,flat,False,0.0027164173049590854,0.0058984635370528124,-0.00418811993290069,-0.0005526089066124609
85,2026,0.5947705147375049,0.15334946750782436,buy,improving,True,-0.005082129402695256,-0.0008573874008189755,0.0026337235729195782,0.011882974487458342
86,2026,0.4608997982765298,0.03330055156986739,neutral,flat,False,-0.009877917165429073,-0.03439962348514969,-0.07238266793066894,-0.16436556660999857
87,2026,0.4910941047723344,0.030438833581230396,neutral,flat,True,0.06053457563199982,0.05826552258007178,0.01913062325645043,0.06456481246356816
88,2026,0.5304203907606508,0.07783350795792093,neutral,improving,False,0.03188173239316938,0.040038587058191744,0.0298638786129245,0.06514670895050167
89,2026,0.5247278302292446,0.022435030441320447,neutral,flat,False,-0.01051847737787348,-0.002535777405986538,-0.00834030571102684,0.008169301403329166
90,2026,0.4830354672044487,-0.009439356220482142,neutral,flat,True,0.006731304347035284,-0.014903931396898717,-0.014853928000564287,0.0007703799881472193
91,2026,0.5889702840506104,0.12972697962102264,buy,improving,True,0.009088512695856754,0.009746287513925922,0.009395421634579626,0.01819365335477674
92,2026,0.45697932396716523,0.019656318029483866,neutral,flat,True,-0.0018438090181106528,-0.005153040619609971,-0.0038146075264422477,0.03626943270713168
93,2026,0.5236092075306592,0.07281216854979039,neutral,improving,False,0.004218621631502218,0.003156989882464268,0.013965511600988356,0.01497731262421087
94,2026,0.4831139730667635,0.02250163192219129,neutral,flat,False,0.02644212386699396,0.033990856073013886,0.0290288057966116,0.021460501624711914
95,2026,0.4629508133272389,0.04305953121684053,neutral,flat,False,0.005494179128248234,-0.00028396350156090124,-0.0004970911826515092,-0.0023299115507173776
