year,bb_target,anchor_y,n_imp,n_ctrl,diff_2h,diff_3h,diff_6h,diff_12h
2020,True,False,2,1,-0.00231109370135415,-0.0024676846322262,-0.0059790690001424,-0.004909022121773601
2022,False,False,1,6,0.01724683769330717,0.0198672195708657,-0.03583059798930532,-0.004952787758621336
2022,True,True,1,3,0.034507844307617365,0.01682302365838327,0.015609733619775364,0.02196846353583784
2023,True,False,2,5,-0.00979505640354723,-0.0060263127766979,-0.022702642591058232,0.0038452704117636705
2024,False,False,2,2,0.014616684547653401,0.018713244031025447,0.013951137055441598,-0.03136014696437935
2025,False,False,3,5,-0.007336681453404562,-0.009654350720360546,0.023459252238349264,0.01720162128525642
2025,False,True,1,1,-0.0157627252055814,-0.0041020260159267,0.0394867651274094,-0.029476510450232002
2025,True,False,4,1,0.0110835021140013,0.018978191971805,0.021297110194172277,0.027680482220548273
2026,False,False,1,2,0.0420799296648205,0.058506287503759746,0.07022536543377235,0.1432448415538363
2026,False,True,1,2,-0.0344275127096398,-0.0274136283810498,-0.005024284292084599,-0.038534148097891546
2026,True,False,1,2,-0.011749529866118852,-0.013696456403262251,-0.0003003457059917499,0.0054120175872135
2026,True,True,1,1,0.0023572083488215007,0.024650218910824598,0.024249349635143802,0.0174232733666295
