rule,train_end,validation_year,sample,horizon,n,avg,net_avg,win
vol_z>=1,2022,2023,train,2,13,0.009543745824042297,0.008543745824042296,0.5384615384615384
vol_z>=1,2022,2023,train,3,13,0.004635961150243681,0.0036359611502436804,0.5384615384615384
vol_z>=1,2022,2023,train,6,13,0.003322683326724909,0.0023226833267249083,0.46153846153846156
vol_z>=1,2022,2023,train,12,13,0.008282974537328753,0.007282974537328752,0.5384615384615384
vol_z>=1,2022,2023,validation,2,6,0.005529178619247732,0.004529178619247731,0.5
vol_z>=1,2022,2023,validation,3,6,0.007186732341267321,0.00618673234126732,0.5
vol_z>=1,2022,2023,validation,6,6,0.0015102738758812444,0.000510273875881244,0.3333333333333333
vol_z>=1,2022,2023,validation,12,6,0.023574518936610223,0.02257451893661022,0.5
vol_z>=1,2023,2024,train,2,19,0.008275987759370329,0.007275987759370328,0.5263157894736842
vol_z>=1,2023,2024,train,3,19,0.005441467842145884,0.004441467842145883,0.5263157894736842
vol_z>=1,2023,2024,train,6,19,0.002750343500142699,0.0017503435001426984,0.42105263157894735
vol_z>=1,2023,2024,train,12,19,0.013111883294996586,0.012111883294996585,0.5263157894736842
vol_z>=1,2023,2024,validation,2,7,0.009778575142040804,0.008778575142040803,0.7142857142857143
vol_z>=1,2023,2024,validation,3,7,0.008264903305293012,0.00726490330529301,0.5714285714285714
vol_z>=1,2023,2024,validation,6,7,0.007337174552282412,0.006337174552282411,0.7142857142857143
vol_z>=1,2023,2024,validation,12,7,-0.0004987229721662434,-0.0014987229721662443,0.5714285714285714
vol_z>=1,2024,2025,train,2,26,0.00868053051624315,0.007680530516243149,0.5769230769230769
vol_z>=1,2024,2025,train,3,26,0.006201623543762418,0.005201623543762417,0.5384615384615384
vol_z>=1,2024,2025,train,6,26,0.003985259552641853,0.002985259552641852,0.5
vol_z>=1,2024,2025,train,12,26,0.009447489299991209,0.008447489299991208,0.5384615384615384
vol_z>=1,2024,2025,validation,2,3,0.002244791446820771,0.0012447914468207708,0.6666666666666666
vol_z>=1,2024,2025,validation,3,3,-0.006531746840235016,-0.007531746840235017,0.0
vol_z>=1,2024,2025,validation,6,3,-0.02897023565585266,-0.02997023565585266,0.3333333333333333
vol_z>=1,2024,2025,validation,12,3,0.007402005076055447,0.006402005076055446,0.3333333333333333
vol_z>=1,2025,2026,train,2,29,0.008014764405613248,0.007014764405613247,0.5862068965517241
vol_z>=1,2025,2026,train,3,29,0.004884378331624752,0.003884378331624751,0.4827586206896552
vol_z>=1,2025,2026,train,6,29,0.0005760703931424203,-0.00042392960685758054,0.4827586206896552
vol_z>=1,2025,2026,train,12,29,0.009235887483721991,0.00823588748372199,0.5172413793103449
vol_z>=1,2025,2026,validation,2,5,0.010419548867685546,0.009419548867685545,0.6
vol_z>=1,2025,2026,validation,3,5,0.012565932523501999,0.011565932523501998,0.6
vol_z>=1,2025,2026,validation,6,5,0.010340740012170358,0.009340740012170357,0.6
vol_z>=1,2025,2026,validation,12,5,0.0290745782784509,0.0280745782784509,1.0
vol_z>=2,2022,2023,train,2,9,0.0013367534675894355,0.0003367534675894347,0.5555555555555556
vol_z>=2,2022,2023,train,3,9,-0.005538190902656676,-0.006538190902656677,0.5555555555555556
vol_z>=2,2022,2023,train,6,9,-0.011221486761338606,-0.012221486761338607,0.4444444444444444
vol_z>=2,2022,2023,train,12,9,-0.010148586609769238,-0.011148586609769239,0.4444444444444444
vol_z>=2,2022,2023,validation,2,4,0.012637985765683979,0.011637985765683978,0.75
vol_z>=2,2022,2023,validation,3,4,0.012191199255824348,0.011191199255824347,0.75
vol_z>=2,2022,2023,validation,6,4,0.00449268930380442,0.0034926893038044198,0.5
vol_z>=2,2022,2023,validation,12,4,0.03528322321768171,0.03428322321768171,0.5
vol_z>=2,2023,2024,train,2,13,0.004814055713156988,0.0038140557131569864,0.6153846153846154
vol_z>=2,2023,2024,train,3,13,-8.299393081636117e-05,-0.0010829939308163621,0.6153846153846154
vol_z>=2,2023,2024,train,6,13,-0.006386355664371521,-0.007386355664371522,0.46153846153846156
vol_z>=2,2023,2024,train,12,13,0.0038304317986772073,0.0028304317986772064,0.46153846153846156
vol_z>=2,2023,2024,validation,2,2,0.02186100220289311,0.02086100220289311,1.0
vol_z>=2,2023,2024,validation,3,2,0.028997002194225074,0.027997002194225074,1.0
vol_z>=2,2023,2024,validation,6,2,0.027196337093570166,0.026196337093570166,1.0
vol_z>=2,2023,2024,validation,12,2,0.027745338183995716,0.026745338183995715,1.0
vol_z>=2,2024,2025,train,2,15,0.00708698191178847,0.006086981911788469,0.6666666666666666
vol_z>=2,2024,2025,train,3,15,0.00379433888585583,0.002794338885855829,0.6666666666666666
vol_z>=2,2024,2025,train,6,15,-0.0019086632966459627,-0.0029086632966459636,0.5333333333333333
vol_z>=2,2024,2025,train,12,15,0.0070190859833863415,0.006019085983386341,0.5333333333333333
vol_z>=2,2024,2025,validation,2,2,0.001756651833260181,0.000756651833260181,0.5
vol_z>=2,2024,2025,validation,3,2,-0.003271819310598889,-0.004271819310598889,0.0
vol_z>=2,2024,2025,validation,6,2,-0.008127475898544678,-0.009127475898544679,0.5
vol_z>=2,2024,2025,validation,12,2,0.013955236831536266,0.012955236831536265,0.5
vol_z>=2,2025,2026,train,2,17,0.006459884255491024,0.005459884255491023,0.6470588235294118
vol_z>=2,2025,2026,train,3,17,0.0029630261568611574,0.0019630261568611565,0.5882352941176471
vol_z>=2,2025,2026,train,6,17,-0.002640288308634047,-0.0036402883086340478,0.5294117647058824
vol_z>=2,2025,2026,train,12,17,0.00783510373022751,0.006835103730227508,0.5294117647058824
vol_z>=2,2025,2026,validation,2,1,0.05926552258007178,0.05826552258007178,1.0
vol_z>=2,2025,2026,validation,3,1,0.06434916792883594,0.06334916792883594,1.0
vol_z>=2,2025,2026,validation,6,1,0.03782275362397125,0.03682275362397125,1.0
vol_z>=2,2025,2026,validation,12,1,0.06840131637794356,0.06740131637794355,1.0
macd_hist>=0,2022,2023,train,2,3,-0.049576530557984354,-0.050576530557984355,0.0
macd_hist>=0,2022,2023,train,3,3,-0.049376059368189194,-0.050376059368189195,0.0
macd_hist>=0,2022,2023,train,6,3,-0.04815148859477414,-0.04915148859477414,0.3333333333333333
macd_hist>=0,2022,2023,train,12,3,-0.05157845282794379,-0.05257845282794379,0.3333333333333333
macd_hist>=0,2022,2023,validation,2,1,0.011399178166760171,0.01039917816676017,1.0
macd_hist>=0,2022,2023,validation,3,1,0.012752070361103929,0.011752070361103928,1.0
macd_hist>=0,2022,2023,validation,6,1,-0.003999007037563951,-0.004999007037563951,0.0
macd_hist>=0,2022,2023,validation,12,1,-0.00656479749265515,-0.00756479749265515,0.0
macd_hist>=0,2023,2024,train,2,4,-0.03433260337679822,-0.03533260337679822,0.25
macd_hist>=0,2023,2024,train,3,4,-0.03384402693586591,-0.03484402693586591,0.25
macd_hist>=0,2023,2024,train,6,4,-0.03711336820547159,-0.03811336820547159,0.25
macd_hist>=0,2023,2024,train,12,4,-0.040325038994121626,-0.04132503899412163,0.25
macd_hist>=0,2023,2024,validation,2,0,,,
macd_hist>=0,2023,2024,validation,3,0,,,
macd_hist>=0,2023,2024,validation,6,0,,,
macd_hist>=0,2023,2024,validation,12,0,,,
macd_hist>=0,2024,2025,train,2,4,-0.03433260337679822,-0.03533260337679822,0.25
macd_hist>=0,2024,2025,train,3,4,-0.03384402693586591,-0.03484402693586591,0.25
macd_hist>=0,2024,2025,train,6,4,-0.03711336820547159,-0.03811336820547159,0.25
macd_hist>=0,2024,2025,train,12,4,-0.040325038994121626,-0.04132503899412163,0.25
macd_hist>=0,2024,2025,validation,2,0,,,
macd_hist>=0,2024,2025,validation,3,0,,,
macd_hist>=0,2024,2025,validation,6,0,,,
macd_hist>=0,2024,2025,validation,12,0,,,
macd_hist>=0,2025,2026,train,2,4,-0.03433260337679822,-0.03533260337679822,0.25
macd_hist>=0,2025,2026,train,3,4,-0.03384402693586591,-0.03484402693586591,0.25
macd_hist>=0,2025,2026,train,6,4,-0.03711336820547159,-0.03811336820547159,0.25
macd_hist>=0,2025,2026,train,12,4,-0.040325038994121626,-0.04132503899412163,0.25
macd_hist>=0,2025,2026,validation,2,1,-0.03340118805963688,-0.03440118805963688,0.0
macd_hist>=0,2025,2026,validation,3,1,-0.036179220442938975,-0.037179220442938976,0.0
macd_hist>=0,2025,2026,validation,6,1,-0.07746364743774192,-0.07846364743774192,0.0
macd_hist>=0,2025,2026,validation,12,1,-0.15439964212966228,-0.15539964212966229,0.0
macd_hist<0,2022,2023,train,2,39,0.0009144902667616997,-8.550973323830122e-05,0.4358974358974359
macd_hist<0,2022,2023,train,3,39,0.0005081739816264744,-0.0004918260183735264,0.41025641025641024
macd_hist<0,2022,2023,train,6,39,-0.004994730945316573,-0.0059947309453165735,0.4358974358974359
macd_hist<0,2022,2023,train,12,39,-0.0002086248120032017,-0.0012086248120032027,0.41025641025641024
macd_hist<0,2022,2023,validation,2,13,0.0035084476432596804,0.0025084476432596795,0.46153846153846156
macd_hist<0,2022,2023,validation,3,13,0.004252880940491135,0.0032528809404911343,0.5384615384615384
macd_hist<0,2022,2023,validation,6,13,0.0021678131736928476,0.001167813173692847,0.46153846153846156
macd_hist<0,2022,2023,validation,12,13,0.013536341282482541,0.01253634128248254,0.5384615384615384
macd_hist<0,2023,2024,train,2,52,0.0015629796108861949,0.000562979610886194,0.4423076923076923
macd_hist<0,2023,2024,train,3,52,0.0014443507213426398,0.0004443507213426388,0.4423076923076923
macd_hist<0,2023,2024,train,6,52,-0.0032040949155642175,-0.004204094915564218,0.4423076923076923
macd_hist<0,2023,2024,train,12,52,0.003227616711618234,0.002227616711618233,0.4423076923076923
macd_hist<0,2023,2024,validation,2,12,0.007057586055023379,0.0060575860550233784,0.6666666666666666
macd_hist<0,2023,2024,validation,3,12,0.006848727564868891,0.00584872756486889,0.5833333333333334
macd_hist<0,2023,2024,validation,6,12,0.007055569541822793,0.006055569541822792,0.6666666666666666
macd_hist<0,2023,2024,validation,12,12,0.007136252423957166,0.006136252423957165,0.6666666666666666
macd_hist<0,2024,2025,train,2,64,0.002593218319161917,0.001593218319161916,0.484375
macd_hist<0,2024,2025,train,3,64,0.002457671379503812,0.001457671379503811,0.46875
macd_hist<0,2024,2025,train,6,64,-0.0012804078298041532,-0.002280407829804154,0.484375
macd_hist<0,2024,2025,train,12,64,0.003960485907681784,0.0029604859076817827,0.484375
macd_hist<0,2024,2025,validation,2,16,-0.0022371920980520793,-0.00323719209805208,0.5
macd_hist<0,2024,2025,validation,3,16,-0.0028115890808106114,-0.0038115890808106123,0.375
macd_hist<0,2024,2025,validation,6,16,-0.006955522260769634,-0.007955522260769635,0.375
macd_hist<0,2024,2025,validation,12,16,0.011140565904505066,0.010140565904505065,0.5
macd_hist<0,2025,2026,train,2,80,0.0016271362357191178,0.0006271362357191168,0.4875
macd_hist<0,2025,2026,train,3,80,0.0014038192874409271,0.00040381928744092634,0.45
macd_hist<0,2025,2026,train,6,80,-0.0024154307159972494,-0.0034154307159972503,0.4625
macd_hist<0,2025,2026,train,12,80,0.00539650190704644,0.004396501907046439,0.4875
macd_hist<0,2025,2026,validation,2,10,0.01314644068050642,0.01214644068050642,0.7
macd_hist<0,2025,2026,validation,3,10,0.013106838738085214,0.012106838738085213,0.6
macd_hist<0,2025,2026,validation,6,10,0.011318890874523656,0.010318890874523656,0.7
macd_hist<0,2025,2026,validation,12,10,0.024168515619755648,0.023168515619755647,0.8
di_spread>=0,2022,2023,train,2,0,,,
di_spread>=0,2022,2023,train,3,0,,,
di_spread>=0,2022,2023,train,6,0,,,
di_spread>=0,2022,2023,train,12,0,,,
di_spread>=0,2022,2023,validation,2,0,,,
di_spread>=0,2022,2023,validation,3,0,,,
di_spread>=0,2022,2023,validation,6,0,,,
di_spread>=0,2022,2023,validation,12,0,,,
di_spread>=0,2023,2024,train,2,0,,,
di_spread>=0,2023,2024,train,3,0,,,
di_spread>=0,2023,2024,train,6,0,,,
di_spread>=0,2023,2024,train,12,0,,,
di_spread>=0,2023,2024,validation,2,0,,,
di_spread>=0,2023,2024,validation,3,0,,,
di_spread>=0,2023,2024,validation,6,0,,,
di_spread>=0,2023,2024,validation,12,0,,,
di_spread>=0,2024,2025,train,2,0,,,
di_spread>=0,2024,2025,train,3,0,,,
di_spread>=0,2024,2025,train,6,0,,,
di_spread>=0,2024,2025,train,12,0,,,
di_spread>=0,2024,2025,validation,2,0,,,
di_spread>=0,2024,2025,validation,3,0,,,
di_spread>=0,2024,2025,validation,6,0,,,
di_spread>=0,2024,2025,validation,12,0,,,
di_spread>=0,2025,2026,train,2,0,,,
di_spread>=0,2025,2026,train,3,0,,,
di_spread>=0,2025,2026,train,6,0,,,
di_spread>=0,2025,2026,train,12,0,,,
di_spread>=0,2025,2026,validation,2,0,,,
di_spread>=0,2025,2026,validation,3,0,,,
di_spread>=0,2025,2026,validation,6,0,,,
di_spread>=0,2025,2026,validation,12,0,,,
di_spread<=-5,2022,2023,train,2,42,-0.002692011220720161,-0.003692011220720162,0.40476190476190477
di_spread<=-5,2022,2023,train,3,42,-0.003054985543360359,-0.00405498554336036,0.38095238095238093
di_spread<=-5,2022,2023,train,6,42,-0.008077356491706399,-0.0090773564917064,0.42857142857142855
di_spread<=-5,2022,2023,train,12,42,-0.0038778982417132435,-0.004877898241713244,0.40476190476190477
di_spread<=-5,2022,2023,validation,2,14,0.004072071252081144,0.0030720712520811433,0.5
di_spread<=-5,2022,2023,validation,3,14,0.0048599658991063345,0.003859965899106334,0.5714285714285714
di_spread<=-5,2022,2023,validation,6,14,0.0017273260157459336,0.0007273260157459327,0.42857142857142855
di_spread<=-5,2022,2023,validation,12,14,0.012100545655686992,0.01110054565568699,0.5
di_spread<=-5,2023,2024,train,2,56,-0.0010009906025198348,-0.002000990602519836,0.42857142857142855
di_spread<=-5,2023,2024,train,3,56,-0.0010762476827436854,-0.0020762476827436865,0.42857142857142855
di_spread<=-5,2023,2024,train,6,56,-0.005626185864843316,-0.0066261858648433165,0.42857142857142855
di_spread<=-5,2023,2024,train,12,56,0.00011671273263681527,-0.0008832872673631856,0.42857142857142855
di_spread<=-5,2023,2024,validation,2,11,0.007691605592530359,0.006691605592530358,0.6363636363636364
di_spread<=-5,2023,2024,validation,3,11,0.007569049723692555,0.006569049723692554,0.6363636363636364
di_spread<=-5,2023,2024,validation,6,11,0.006941001225117629,0.005941001225117628,0.6363636363636364
di_spread<=-5,2023,2024,validation,12,11,0.00538796689866039,0.004387966898660389,0.6363636363636364
di_spread<=-5,2024,2025,train,2,67,0.0004261520563690029,-0.000573847943630998,0.4626865671641791
di_spread<=-5,2024,2025,train,3,67,0.0003431295033876376,-0.0006568704966123633,0.4626865671641791
di_spread<=-5,2024,2025,train,6,67,-0.003562916342610922,-0.0045629163426109225,0.4626865671641791
di_spread<=-5,2024,2025,train,12,67,0.000982142521088447,-1.7857478911553926e-05,0.4626865671641791
di_spread<=-5,2024,2025,validation,2,16,-0.0022371920980520793,-0.00323719209805208,0.5
di_spread<=-5,2024,2025,validation,3,16,-0.0028115890808106114,-0.0038115890808106123,0.375
di_spread<=-5,2024,2025,validation,6,16,-0.006955522260769634,-0.007955522260769635,0.375
di_spread<=-5,2024,2025,validation,12,16,0.011140565904505066,0.010140565904505065,0.5
di_spread<=-5,2025,2026,train,2,83,-8.726368424229007e-05,-0.001087263684242291,0.46987951807228917
di_spread<=-5,2025,2026,train,3,83,-0.00026500901886744653,-0.0012650090188674474,0.4457831325301205
di_spread<=-5,2025,2026,train,6,83,-0.004216912664183686,-0.005216912664183687,0.4457831325301205
di_spread<=-5,2025,2026,train,12,83,0.002940392811867554,0.0019403928118675534,0.46987951807228917
di_spread<=-5,2025,2026,validation,2,11,0.008914838067766122,0.007914838067766121,0.6363636363636364
di_spread<=-5,2025,2026,validation,3,11,0.00862628790344665,0.00762628790344665,0.5454545454545454
di_spread<=-5,2025,2026,validation,6,11,0.003247751027954059,0.002247751027954058,0.6363636363636364
di_spread<=-5,2025,2026,validation,12,11,0.007935046733444927,0.006935046733444927,0.7272727272727273
adx>=20,2022,2023,train,2,42,-0.002692011220720161,-0.003692011220720162,0.40476190476190477
adx>=20,2022,2023,train,3,42,-0.003054985543360359,-0.00405498554336036,0.38095238095238093
adx>=20,2022,2023,train,6,42,-0.008077356491706399,-0.0090773564917064,0.42857142857142855
adx>=20,2022,2023,train,12,42,-0.0038778982417132435,-0.004877898241713244,0.40476190476190477
adx>=20,2022,2023,validation,2,13,0.0035084476432596804,0.0025084476432596795,0.46153846153846156
adx>=20,2022,2023,validation,3,13,0.004252880940491135,0.0032528809404911343,0.5384615384615384
adx>=20,2022,2023,validation,6,13,0.0021678131736928476,0.001167813173692847,0.46153846153846156
adx>=20,2022,2023,validation,12,13,0.013536341282482541,0.01253634128248254,0.5384615384615384
adx>=20,2023,2024,train,2,55,-0.001226448216506744,-0.002226448216506745,0.41818181818181815
adx>=20,2023,2024,train,3,55,-0.0013276716471772785,-0.002327671647177279,0.41818181818181815
adx>=20,2023,2024,train,6,55,-0.005655770934430213,-0.006655770934430214,0.43636363636363634
adx>=20,2023,2024,train,12,55,0.00023819473673303282,-0.0007618052632669681,0.43636363636363634
adx>=20,2023,2024,validation,2,12,0.007057586055023379,0.0060575860550233784,0.6666666666666666
adx>=20,2023,2024,validation,3,12,0.006848727564868891,0.00584872756486889,0.5833333333333334
adx>=20,2023,2024,validation,6,12,0.007055569541822793,0.006055569541822792,0.6666666666666666
adx>=20,2023,2024,validation,12,12,0.007136252423957166,0.006136252423957165,0.6666666666666666
adx>=20,2024,2025,train,2,67,0.0002572594142150691,-0.0007427405857849318,0.4626865671641791
adx>=20,2024,2025,train,3,67,0.0001367580624429311,-0.0008632419375570698,0.44776119402985076
adx>=20,2024,2025,train,6,67,-0.0033791129386834063,-0.004379112938683407,0.47761194029850745
adx>=20,2024,2025,train,12,67,0.0014736677553403403,0.00047366775534033936,0.47761194029850745
adx>=20,2024,2025,validation,2,15,-0.003805147057818307,-0.0048051470578183075,0.4666666666666667
adx>=20,2024,2025,validation,3,15,-0.004363967104839957,-0.005363967104839958,0.3333333333333333
adx>=20,2024,2025,validation,6,15,-0.009380386169069894,-0.010380386169069895,0.3333333333333333
adx>=20,2024,2025,validation,12,15,0.008398238670189021,0.00739823867018902,0.4666666666666667
adx>=20,2025,2026,train,2,82,-0.0004858637209129875,-0.0014858637209129884,0.4634146341463415
adx>=20,2025,2026,train,3,82,-0.0006865453218161338,-0.0016865453218161347,0.4268292682926829
adx>=20,2025,2026,train,6,82,-0.0044769068222906905,-0.005476906822290691,0.45121951219512196
adx>=20,2025,2026,train,12,82,0.00274035755683705,0.0017403575568370492,0.47560975609756095
adx>=20,2025,2026,validation,2,11,0.008914838067766122,0.007914838067766121,0.6363636363636364
adx>=20,2025,2026,validation,3,11,0.00862628790344665,0.00762628790344665,0.5454545454545454
adx>=20,2025,2026,validation,6,11,0.003247751027954059,0.002247751027954058,0.6363636363636364
adx>=20,2025,2026,validation,12,11,0.007935046733444927,0.006935046733444927,0.7272727272727273
adx>=25,2022,2023,train,2,38,-0.0032036917389913298,-0.004203691738991331,0.42105263157894735
adx>=25,2022,2023,train,3,38,-0.003286125951388523,-0.0042861259513885235,0.39473684210526316
adx>=25,2022,2023,train,6,38,-0.007430420477112372,-0.008430420477112373,0.4473684210526316
adx>=25,2022,2023,train,12,38,-0.002786112043604233,-0.003786112043604234,0.42105263157894735
adx>=25,2022,2023,validation,2,12,0.005186168640373227,0.004186168640373226,0.5
adx>=25,2022,2023,validation,3,12,0.0054043267761142155,0.004404326776114215,0.5833333333333334
adx>=25,2022,2023,validation,6,12,0.0031347171959989393,0.0021347171959989384,0.5
adx>=25,2022,2023,validation,12,12,0.01847078361124634,0.01747078361124634,0.5833333333333334
adx>=25,2023,2024,train,2,50,-0.0011901252479438362,-0.002190125247943837,0.44
adx>=25,2023,2024,train,3,50,-0.0012004172967878656,-0.0022004172967878665,0.44
adx>=25,2023,2024,train,6,50,-0.004894787435565658,-0.0058947874355656585,0.46
adx>=25,2023,2024,train,12,50,0.0023155429135599047,0.001315542913559904,0.46
adx>=25,2023,2024,validation,2,11,0.007691605592530359,0.006691605592530358,0.6363636363636364
adx>=25,2023,2024,validation,3,11,0.007569049723692555,0.006569049723692554,0.6363636363636364
adx>=25,2023,2024,validation,6,11,0.006941001225117629,0.005941001225117628,0.6363636363636364
adx>=25,2023,2024,validation,12,11,0.00538796689866039,0.004387966898660389,0.6363636363636364
adx>=25,2024,2025,train,2,61,0.00041149834624003496,-0.0005885016537599659,0.47540983606557374
adx>=25,2024,2025,train,3,61,0.0003809620019872921,-0.0006190379980127087,0.47540983606557374
adx>=25,2024,2025,train,6,61,-0.00276046489019654,-0.003760464890196541,0.4918032786885246
adx>=25,2024,2025,train,12,61,0.0028695865830042546,0.0018695865830042537,0.4918032786885246
adx>=25,2024,2025,validation,2,15,-0.003805147057818307,-0.0048051470578183075,0.4666666666666667
adx>=25,2024,2025,validation,3,15,-0.004363967104839957,-0.005363967104839958,0.3333333333333333
adx>=25,2024,2025,validation,6,15,-0.009380386169069894,-0.010380386169069895,0.3333333333333333
adx>=25,2024,2025,validation,12,15,0.008398238670189021,0.00739823867018902,0.4666666666666667
adx>=25,2025,2026,train,2,76,-0.0004207342992977957,-0.0014207342992977965,0.47368421052631576
adx>=25,2025,2026,train,3,76,-0.0005555371638338755,-0.0015555371638338764,0.4473684210526316
adx>=25,2025,2026,train,6,76,-0.004067028300500492,-0.005067028300500493,0.4605263157894737
adx>=25,2025,2026,train,12,76,0.003960767916001248,0.002960767916001247,0.4868421052631579
adx>=25,2025,2026,validation,2,10,0.011196702026337468,0.010196702026337467,0.7
adx>=25,2025,2026,validation,3,10,0.011347367598963187,0.010347367598963186,0.6
adx>=25,2025,2026,validation,6,10,0.004654547675849219,0.003654547675849218,0.7
adx>=25,2025,2026,validation,12,10,0.008552214754312903,0.007552214754312903,0.7
ema20_dist>=0,2022,2023,train,2,0,,,
ema20_dist>=0,2022,2023,train,3,0,,,
ema20_dist>=0,2022,2023,train,6,0,,,
ema20_dist>=0,2022,2023,train,12,0,,,
ema20_dist>=0,2022,2023,validation,2,0,,,
ema20_dist>=0,2022,2023,validation,3,0,,,
ema20_dist>=0,2022,2023,validation,6,0,,,
ema20_dist>=0,2022,2023,validation,12,0,,,
ema20_dist>=0,2023,2024,train,2,0,,,
ema20_dist>=0,2023,2024,train,3,0,,,
ema20_dist>=0,2023,2024,train,6,0,,,
ema20_dist>=0,2023,2024,train,12,0,,,
ema20_dist>=0,2023,2024,validation,2,0,,,
ema20_dist>=0,2023,2024,validation,3,0,,,
ema20_dist>=0,2023,2024,validation,6,0,,,
ema20_dist>=0,2023,2024,validation,12,0,,,
ema20_dist>=0,2024,2025,train,2,0,,,
ema20_dist>=0,2024,2025,train,3,0,,,
ema20_dist>=0,2024,2025,train,6,0,,,
ema20_dist>=0,2024,2025,train,12,0,,,
ema20_dist>=0,2024,2025,validation,2,0,,,
ema20_dist>=0,2024,2025,validation,3,0,,,
ema20_dist>=0,2024,2025,validation,6,0,,,
ema20_dist>=0,2024,2025,validation,12,0,,,
ema20_dist>=0,2025,2026,train,2,0,,,
ema20_dist>=0,2025,2026,train,3,0,,,
ema20_dist>=0,2025,2026,train,6,0,,,
ema20_dist>=0,2025,2026,train,12,0,,,
ema20_dist>=0,2025,2026,validation,2,0,,,
ema20_dist>=0,2025,2026,validation,3,0,,,
ema20_dist>=0,2025,2026,validation,6,0,,,
ema20_dist>=0,2025,2026,validation,12,0,,,
ema20_dist<0,2022,2023,train,2,42,-0.002692011220720161,-0.003692011220720162,0.40476190476190477
ema20_dist<0,2022,2023,train,3,42,-0.003054985543360359,-0.00405498554336036,0.38095238095238093
ema20_dist<0,2022,2023,train,6,42,-0.008077356491706399,-0.0090773564917064,0.42857142857142855
ema20_dist<0,2022,2023,train,12,42,-0.0038778982417132435,-0.004877898241713244,0.40476190476190477
ema20_dist<0,2022,2023,validation,2,14,0.004072071252081144,0.0030720712520811433,0.5
ema20_dist<0,2022,2023,validation,3,14,0.0048599658991063345,0.003859965899106334,0.5714285714285714
ema20_dist<0,2022,2023,validation,6,14,0.0017273260157459336,0.0007273260157459327,0.42857142857142855
ema20_dist<0,2022,2023,validation,12,14,0.012100545655686992,0.01110054565568699,0.5
ema20_dist<0,2023,2024,train,2,56,-0.0010009906025198348,-0.002000990602519836,0.42857142857142855
ema20_dist<0,2023,2024,train,3,56,-0.0010762476827436854,-0.0020762476827436865,0.42857142857142855
ema20_dist<0,2023,2024,train,6,56,-0.005626185864843316,-0.0066261858648433165,0.42857142857142855
ema20_dist<0,2023,2024,train,12,56,0.00011671273263681527,-0.0008832872673631856,0.42857142857142855
ema20_dist<0,2023,2024,validation,2,12,0.007057586055023379,0.0060575860550233784,0.6666666666666666
ema20_dist<0,2023,2024,validation,3,12,0.006848727564868891,0.00584872756486889,0.5833333333333334
ema20_dist<0,2023,2024,validation,6,12,0.007055569541822793,0.006055569541822792,0.6666666666666666
ema20_dist<0,2023,2024,validation,12,12,0.007136252423957166,0.006136252423957165,0.6666666666666666
ema20_dist<0,2024,2025,train,2,68,0.0004211111605760265,-0.0005788888394239744,0.47058823529411764
ema20_dist<0,2024,2025,train,3,68,0.00032227736095265166,-0.0006777226390473493,0.45588235294117646
ema20_dist<0,2024,2025,train,6,68,-0.003388229028372826,-0.004388229028372827,0.47058823529411764
ema20_dist<0,2024,2025,train,12,68,0.0013554550311051124,0.00035545503110511156,0.47058823529411764
ema20_dist<0,2024,2025,validation,2,16,-0.0022371920980520793,-0.00323719209805208,0.5
ema20_dist<0,2024,2025,validation,3,16,-0.0028115890808106114,-0.0038115890808106123,0.375
ema20_dist<0,2024,2025,validation,6,16,-0.006955522260769634,-0.007955522260769635,0.375
ema20_dist<0,2024,2025,validation,12,16,0.011140565904505066,0.010140565904505065,0.5
ema20_dist<0,2025,2026,train,2,84,-8.523231725789842e-05,-0.0010852323172578994,0.47619047619047616
ema20_dist<0,2025,2026,train,3,84,-0.00027464958033558896,-0.0012746495803355898,0.44047619047619047
ema20_dist<0,2025,2026,train,6,84,-0.004067713453591266,-0.005067713453591267,0.4523809523809524
ema20_dist<0,2025,2026,train,12,84,0.0032192856736574845,0.0022192856736574836,0.47619047619047616
ema20_dist<0,2025,2026,validation,2,11,0.008914838067766122,0.007914838067766121,0.6363636363636364
ema20_dist<0,2025,2026,validation,3,11,0.00862628790344665,0.00762628790344665,0.5454545454545454
ema20_dist<0,2025,2026,validation,6,11,0.003247751027954059,0.002247751027954058,0.6363636363636364
ema20_dist<0,2025,2026,validation,12,11,0.007935046733444927,0.006935046733444927,0.7272727272727273
ema20_slope12>=0,2022,2023,train,2,0,,,
ema20_slope12>=0,2022,2023,train,3,0,,,
ema20_slope12>=0,2022,2023,train,6,0,,,
ema20_slope12>=0,2022,2023,train,12,0,,,
ema20_slope12>=0,2022,2023,validation,2,0,,,
ema20_slope12>=0,2022,2023,validation,3,0,,,
ema20_slope12>=0,2022,2023,validation,6,0,,,
ema20_slope12>=0,2022,2023,validation,12,0,,,
ema20_slope12>=0,2023,2024,train,2,0,,,
ema20_slope12>=0,2023,2024,train,3,0,,,
ema20_slope12>=0,2023,2024,train,6,0,,,
ema20_slope12>=0,2023,2024,train,12,0,,,
ema20_slope12>=0,2023,2024,validation,2,0,,,
ema20_slope12>=0,2023,2024,validation,3,0,,,
ema20_slope12>=0,2023,2024,validation,6,0,,,
ema20_slope12>=0,2023,2024,validation,12,0,,,
ema20_slope12>=0,2024,2025,train,2,0,,,
ema20_slope12>=0,2024,2025,train,3,0,,,
ema20_slope12>=0,2024,2025,train,6,0,,,
ema20_slope12>=0,2024,2025,train,12,0,,,
ema20_slope12>=0,2024,2025,validation,2,0,,,
ema20_slope12>=0,2024,2025,validation,3,0,,,
ema20_slope12>=0,2024,2025,validation,6,0,,,
ema20_slope12>=0,2024,2025,validation,12,0,,,
ema20_slope12>=0,2025,2026,train,2,0,,,
ema20_slope12>=0,2025,2026,train,3,0,,,
ema20_slope12>=0,2025,2026,train,6,0,,,
ema20_slope12>=0,2025,2026,train,12,0,,,
ema20_slope12>=0,2025,2026,validation,2,0,,,
ema20_slope12>=0,2025,2026,validation,3,0,,,
ema20_slope12>=0,2025,2026,validation,6,0,,,
ema20_slope12>=0,2025,2026,validation,12,0,,,
ema20_slope12<0,2022,2023,train,2,42,-0.002692011220720161,-0.003692011220720162,0.40476190476190477
ema20_slope12<0,2022,2023,train,3,42,-0.003054985543360359,-0.00405498554336036,0.38095238095238093
ema20_slope12<0,2022,2023,train,6,42,-0.008077356491706399,-0.0090773564917064,0.42857142857142855
ema20_slope12<0,2022,2023,train,12,42,-0.0038778982417132435,-0.004877898241713244,0.40476190476190477
ema20_slope12<0,2022,2023,validation,2,14,0.004072071252081144,0.0030720712520811433,0.5
ema20_slope12<0,2022,2023,validation,3,14,0.0048599658991063345,0.003859965899106334,0.5714285714285714
ema20_slope12<0,2022,2023,validation,6,14,0.0017273260157459336,0.0007273260157459327,0.42857142857142855
ema20_slope12<0,2022,2023,validation,12,14,0.012100545655686992,0.01110054565568699,0.5
ema20_slope12<0,2023,2024,train,2,56,-0.0010009906025198348,-0.002000990602519836,0.42857142857142855
ema20_slope12<0,2023,2024,train,3,56,-0.0010762476827436854,-0.0020762476827436865,0.42857142857142855
ema20_slope12<0,2023,2024,train,6,56,-0.005626185864843316,-0.0066261858648433165,0.42857142857142855
ema20_slope12<0,2023,2024,train,12,56,0.00011671273263681527,-0.0008832872673631856,0.42857142857142855
ema20_slope12<0,2023,2024,validation,2,12,0.007057586055023379,0.0060575860550233784,0.6666666666666666
ema20_slope12<0,2023,2024,validation,3,12,0.006848727564868891,0.00584872756486889,0.5833333333333334
ema20_slope12<0,2023,2024,validation,6,12,0.007055569541822793,0.006055569541822792,0.6666666666666666
ema20_slope12<0,2023,2024,validation,12,12,0.007136252423957166,0.006136252423957165,0.6666666666666666
ema20_slope12<0,2024,2025,train,2,68,0.0004211111605760265,-0.0005788888394239744,0.47058823529411764
ema20_slope12<0,2024,2025,train,3,68,0.00032227736095265166,-0.0006777226390473493,0.45588235294117646
ema20_slope12<0,2024,2025,train,6,68,-0.003388229028372826,-0.004388229028372827,0.47058823529411764
ema20_slope12<0,2024,2025,train,12,68,0.0013554550311051124,0.00035545503110511156,0.47058823529411764
ema20_slope12<0,2024,2025,validation,2,16,-0.0022371920980520793,-0.00323719209805208,0.5
ema20_slope12<0,2024,2025,validation,3,16,-0.0028115890808106114,-0.0038115890808106123,0.375
ema20_slope12<0,2024,2025,validation,6,16,-0.006955522260769634,-0.007955522260769635,0.375
ema20_slope12<0,2024,2025,validation,12,16,0.011140565904505066,0.010140565904505065,0.5
ema20_slope12<0,2025,2026,train,2,84,-8.523231725789842e-05,-0.0010852323172578994,0.47619047619047616
ema20_slope12<0,2025,2026,train,3,84,-0.00027464958033558896,-0.0012746495803355898,0.44047619047619047
ema20_slope12<0,2025,2026,train,6,84,-0.004067713453591266,-0.005067713453591267,0.4523809523809524
ema20_slope12<0,2025,2026,train,12,84,0.0032192856736574845,0.0022192856736574836,0.47619047619047616
ema20_slope12<0,2025,2026,validation,2,11,0.008914838067766122,0.007914838067766121,0.6363636363636364
ema20_slope12<0,2025,2026,validation,3,11,0.00862628790344665,0.00762628790344665,0.5454545454545454
ema20_slope12<0,2025,2026,validation,6,11,0.003247751027954059,0.002247751027954058,0.6363636363636364
ema20_slope12<0,2025,2026,validation,12,11,0.007935046733444927,0.006935046733444927,0.7272727272727273
ema200_dist>=0,2022,2023,train,2,7,-0.01028231683434823,-0.011282316834348232,0.0
ema200_dist>=0,2022,2023,train,3,7,-0.009056353819441634,-0.010056353819441635,0.14285714285714285
ema200_dist>=0,2022,2023,train,6,7,-0.029270819106637837,-0.03027081910663784,0.14285714285714285
ema200_dist>=0,2022,2023,train,12,7,-0.016812648446600638,-0.01781264844660064,0.2857142857142857
ema200_dist>=0,2022,2023,validation,2,7,0.007619943506885615,0.006619943506885614,0.5714285714285714
ema200_dist>=0,2022,2023,validation,3,7,0.007254793424711121,0.00625479342471112,0.5714285714285714
ema200_dist>=0,2022,2023,validation,6,7,0.0002272803895572955,-0.0007727196104427054,0.5714285714285714
ema200_dist>=0,2022,2023,validation,12,7,0.003004364118830633,0.002004364118830632,0.42857142857142855
ema200_dist>=0,2023,2024,train,2,14,-0.001331186663731308,-0.002331186663731309,0.2857142857142857
ema200_dist>=0,2023,2024,train,3,14,-0.000900780197365257,-0.0019007801973652577,0.35714285714285715
ema200_dist>=0,2023,2024,train,6,14,-0.01452176935854027,-0.015521769358540272,0.35714285714285715
ema200_dist>=0,2023,2024,train,12,14,-0.006904142163885003,-0.007904142163885004,0.35714285714285715
ema200_dist>=0,2023,2024,validation,2,1,0.030423696811508805,0.029423696811508804,1.0
ema200_dist>=0,2023,2024,validation,3,1,0.0382376839377887,0.0372376839377887,1.0
ema200_dist>=0,2023,2024,validation,6,1,0.031844151065284265,0.030844151065284264,1.0
ema200_dist>=0,2023,2024,validation,12,1,0.028045424145484166,0.027045424145484165,1.0
ema200_dist>=0,2024,2025,train,2,15,0.000785805567951366,-0.00021419443204863479,0.3333333333333333
ema200_dist>=0,2024,2025,train,3,15,0.0017084507449783403,0.0007084507449783394,0.4
ema200_dist>=0,2024,2025,train,6,15,-0.011430707996951969,-0.01243070799695197,0.4
ema200_dist>=0,2024,2025,train,12,15,-0.0045741710765937246,-0.0055741710765937254,0.4
ema200_dist>=0,2024,2025,validation,2,2,-0.013590191725400769,-0.01459019172540077,0.0
ema200_dist>=0,2024,2025,validation,3,2,-0.016148536666167834,-0.017148536666167835,0.0
ema200_dist>=0,2024,2025,validation,6,2,-0.009049917278187936,-0.010049917278187936,0.0
ema200_dist>=0,2024,2025,validation,12,2,-0.006185728445534222,-0.007185728445534223,0.0
ema200_dist>=0,2025,2026,train,2,17,-0.0009054882312665322,-0.001905488231266533,0.29411764705882354
ema200_dist>=0,2025,2026,train,3,17,-0.0003923713033917978,-0.0013923713033917988,0.35294117647058826
ema200_dist>=0,2025,2026,train,6,17,-0.011150614971215023,-0.012150614971215024,0.35294117647058826
ema200_dist>=0,2025,2026,train,12,17,-0.00476376606117496,-0.005763766061174961,0.35294117647058826
ema200_dist>=0,2025,2026,validation,2,2,-0.006593817768660304,-0.007593817768660305,0.5
ema200_dist>=0,2025,2026,validation,3,2,-0.00932462507280507,-0.010324625072805071,0.0
ema200_dist>=0,2025,2026,validation,6,2,-0.004598642854663715,-0.005598642854663716,0.5
ema200_dist>=0,2025,2026,validation,12,2,-0.0019564368116293807,-0.0029564368116293807,0.5
ema200_dist<0,2022,2023,train,2,35,-0.0011739500979945471,-0.0021739500979945483,0.4857142857142857
ema200_dist<0,2022,2023,train,3,35,-0.0018547118881441036,-0.0028547118881441045,0.42857142857142855
ema200_dist<0,2022,2023,train,6,35,-0.0038386639687201115,-0.004838663968720112,0.4857142857142857
ema200_dist<0,2022,2023,train,12,35,-0.0012909482007357643,-0.002290948200735765,0.42857142857142855
ema200_dist<0,2022,2023,validation,2,7,0.0005241989972766735,-0.0004758010027233274,0.42857142857142855
ema200_dist<0,2022,2023,validation,3,7,0.0024651383735015487,0.0014651383735015484,0.5714285714285714
ema200_dist<0,2022,2023,validation,6,7,0.0032273716419345716,0.0022273716419345707,0.2857142857142857
ema200_dist<0,2022,2023,validation,12,7,0.021196727192543348,0.020196727192543347,0.5714285714285714
ema200_dist<0,2023,2024,train,2,42,-0.0008909252487826771,-0.001890925248782678,0.47619047619047616
ema200_dist<0,2023,2024,train,3,42,-0.001134736844536495,-0.002134736844536496,0.4523809523809524
ema200_dist<0,2023,2024,train,6,42,-0.002660991366944331,-0.003660991366944332,0.4523809523809524
ema200_dist<0,2023,2024,train,12,42,0.002456997698144088,0.001456997698144087,0.4523809523809524
ema200_dist<0,2023,2024,validation,2,11,0.004933394168070159,0.003933394168070158,0.6363636363636364
ema200_dist<0,2023,2024,validation,3,11,0.003995186076421636,0.002995186076421635,0.5454545454545454
ema200_dist<0,2023,2024,validation,6,11,0.004802062130599022,0.0038020621305990213,0.6363636363636364
ema200_dist<0,2023,2024,validation,12,11,0.005235418631091075,0.004235418631091074,0.6363636363636364
ema200_dist<0,2024,2025,train,2,53,0.00031789576226225115,-0.0006821042377377497,0.5094339622641509
ema200_dist<0,2024,2025,train,3,53,-7.00358609414112e-05,-0.0010700358609414121,0.4716981132075472
ema200_dist<0,2024,2025,train,6,53,-0.0011120557353787293,-0.00211205573537873,0.49056603773584906
ema200_dist<0,2024,2025,train,12,53,0.0030336510993217644,0.0020336510993217635,0.49056603773584906
ema200_dist<0,2024,2025,validation,2,14,-0.000615335008430838,-0.0016153350084308388,0.5714285714285714
ema200_dist<0,2024,2025,validation,3,14,-0.0009063108543310082,-0.001906310854331009,0.42857142857142855
ema200_dist<0,2024,2025,validation,6,14,-0.006656322972567019,-0.00765632297256702,0.42857142857142855
ema200_dist<0,2024,2025,validation,12,14,0.013615750811653535,0.012615750811653535,0.5714285714285714
ema200_dist<0,2025,2026,train,2,67,0.0001228923176398146,-0.0008771076823601863,0.5223880597014925
ema200_dist<0,2025,2026,train,3,67,-0.00024477988941087924,-0.0012447798894108801,0.4626865671641791
ema200_dist<0,2025,2026,train,6,67,-0.0022705593371792673,-0.003270559337179268,0.47761194029850745
ema200_dist<0,2025,2026,train,12,67,0.005244836113838851,0.00424483611383885,0.5074626865671642
ema200_dist<0,2025,2026,validation,2,9,0.012361206031416438,0.011361206031416438,0.6666666666666666
ema200_dist<0,2025,2026,validation,3,9,0.012615379675947034,0.011615379675947033,0.6666666666666666
ema200_dist<0,2025,2026,validation,6,9,0.004991394112980231,0.00399139411298023,0.6666666666666666
ema200_dist<0,2025,2026,validation,12,9,0.010133154187905884,0.009133154187905883,0.7777777777777778
ema200_slope12>=0,2022,2023,train,2,6,-0.011850018376373376,-0.012850018376373376,0.0
ema200_slope12>=0,2022,2023,train,3,6,-0.01101863123923493,-0.01201863123923493,0.0
ema200_slope12>=0,2022,2023,train,6,6,-0.03354226399450466,-0.03454226399450466,0.16666666666666666
ema200_slope12>=0,2022,2023,train,12,6,-0.01938275221571219,-0.02038275221571219,0.3333333333333333
ema200_slope12>=0,2022,2023,validation,2,7,0.007619943506885615,0.006619943506885614,0.5714285714285714
ema200_slope12>=0,2022,2023,validation,3,7,0.007254793424711121,0.00625479342471112,0.5714285714285714
ema200_slope12>=0,2022,2023,validation,6,7,0.0002272803895572955,-0.0007727196104427054,0.5714285714285714
ema200_slope12>=0,2022,2023,validation,12,7,0.003004364118830633,0.002004364118830632,0.42857142857142855
ema200_slope12>=0,2023,2024,train,2,13,-0.001366192746926227,-0.002366192746926228,0.3076923076923077
ema200_slope12>=0,2023,2024,train,3,13,-0.0011790948817255176,-0.0021790948817255185,0.3076923076923077
ema200_slope12>=0,2023,2024,train,6,13,-0.015358663172317454,-0.016358663172317454,0.38461538461538464
ema200_slope12>=0,2023,2024,train,12,13,-0.007328151112496824,-0.008328151112496825,0.38461538461538464
ema200_slope12>=0,2023,2024,validation,2,1,0.030423696811508805,0.029423696811508804,1.0
ema200_slope12>=0,2023,2024,validation,3,1,0.0382376839377887,0.0372376839377887,1.0
ema200_slope12>=0,2023,2024,validation,6,1,0.031844151065284265,0.030844151065284264,1.0
ema200_slope12>=0,2023,2024,validation,12,1,0.028045424145484166,0.027045424145484165,1.0
ema200_slope12>=0,2024,2025,train,2,14,0.0009045136501048466,-9.54863498951543e-05,0.35714285714285715
ema200_slope12>=0,2024,2025,train,3,14,0.0016363893196683552,0.0006363893196683544,0.35714285714285715
ema200_slope12>=0,2024,2025,train,6,14,-0.01198703358391733,-0.012987033583917331,0.42857142857142855
ema200_slope12>=0,2024,2025,train,12,14,-0.004801467165498182,-0.005801467165498183,0.42857142857142855
ema200_slope12>=0,2024,2025,validation,2,2,-0.013590191725400769,-0.01459019172540077,0.0
ema200_slope12>=0,2024,2025,validation,3,2,-0.016148536666167834,-0.017148536666167835,0.0
ema200_slope12>=0,2024,2025,validation,6,2,-0.009049917278187936,-0.010049917278187936,0.0
ema200_slope12>=0,2024,2025,validation,12,2,-0.006185728445534222,-0.007185728445534223,0.0
ema200_slope12>=0,2025,2026,train,2,16,-0.0009073245218333553,-0.0019073245218333562,0.3125
ema200_slope12>=0,2025,2026,train,3,16,-0.0005867264285611684,-0.0015867264285611693,0.3125
ema200_slope12>=0,2025,2026,train,6,16,-0.011619894045701157,-0.012619894045701158,0.375
ema200_slope12>=0,2025,2026,train,12,16,-0.004974499825502687,-0.005974499825502688,0.375
ema200_slope12>=0,2025,2026,validation,2,2,-0.006593817768660304,-0.007593817768660305,0.5
ema200_slope12>=0,2025,2026,validation,3,2,-0.00932462507280507,-0.010324625072805071,0.0
ema200_slope12>=0,2025,2026,validation,6,2,-0.004598642854663715,-0.005598642854663716,0.5
ema200_slope12>=0,2025,2026,validation,12,2,-0.0019564368116293807,-0.0029564368116293807,0.5
ema200_slope12<0,2022,2023,train,2,36,-0.0011656766947779587,-0.0021656766947779596,0.4722222222222222
ema200_slope12<0,2022,2023,train,3,36,-0.001727711260714597,-0.002727711260714598,0.4444444444444444
ema200_slope12<0,2022,2023,train,6,36,-0.003833205241240022,-0.004833205241240023,0.4722222222222222
ema200_slope12<0,2022,2023,train,12,36,-0.0012937559127134185,-0.0022937559127134194,0.4166666666666667
ema200_slope12<0,2022,2023,validation,2,7,0.0005241989972766735,-0.0004758010027233274,0.42857142857142855
ema200_slope12<0,2022,2023,validation,3,7,0.0024651383735015487,0.0014651383735015484,0.5714285714285714
ema200_slope12<0,2022,2023,validation,6,7,0.0032273716419345716,0.0022273716419345707,0.2857142857142857
ema200_slope12<0,2022,2023,validation,12,7,0.021196727192543348,0.020196727192543347,0.5714285714285714
ema200_slope12<0,2023,2024,train,2,43,-0.0008905806518853442,-0.001890580651885345,0.46511627906976744
ema200_slope12<0,2023,2024,train,3,43,-0.0010451543435166198,-0.002045154343516621,0.46511627906976744
ema200_slope12<0,2023,2024,train,6,43,-0.002683809004444158,-0.0036838090044441587,0.4418604651162791
ema200_slope12<0,2023,2024,train,12,43,0.002367485523026055,0.0013674855230260544,0.4418604651162791
ema200_slope12<0,2023,2024,validation,2,11,0.004933394168070159,0.003933394168070158,0.6363636363636364
ema200_slope12<0,2023,2024,validation,3,11,0.003995186076421636,0.002995186076421635,0.5454545454545454
ema200_slope12<0,2023,2024,validation,6,11,0.004802062130599022,0.0038020621305990213,0.6363636363636364
ema200_slope12<0,2023,2024,validation,12,11,0.005235418631091075,0.004235418631091074,0.6363636363636364
ema200_slope12<0,2024,2025,train,2,54,0.00029578458921670277,-0.0007042154107832981,0.5
ema200_slope12<0,2024,2025,train,3,54,-1.841833204771595e-05,-0.001018418332047717,0.48148148148148145
ema200_slope12<0,2024,2025,train,6,54,-0.0011589093287872137,-0.0021589093287872146,0.48148148148148145
ema200_slope12<0,2024,2025,train,12,54,0.002951694119113374,0.0019516941191133732,0.48148148148148145
ema200_slope12<0,2024,2025,validation,2,14,-0.000615335008430838,-0.0016153350084308388,0.5714285714285714
ema200_slope12<0,2024,2025,validation,3,14,-0.0009063108543310082,-0.001906310854331009,0.42857142857142855
ema200_slope12<0,2024,2025,validation,6,14,-0.006656322972567019,-0.00765632297256702,0.42857142857142855
ema200_slope12<0,2024,2025,validation,12,14,0.013615750811653535,0.012615750811653535,0.5714285714285714
ema200_slope12<0,2025,2026,train,2,68,0.00010820114264220908,-0.0008917988573577918,0.5147058823529411
ema200_slope12<0,2025,2026,train,3,68,-0.0002012197336942761,-0.001201219733694277,0.47058823529411764
ema200_slope12<0,2025,2026,train,6,68,-0.0022907297848595264,-0.0032907297848595272,0.47058823529411764
ema200_slope12<0,2025,2026,train,12,68,0.005147235202871643,0.004147235202871642,0.5
ema200_slope12<0,2025,2026,validation,2,9,0.012361206031416438,0.011361206031416438,0.6666666666666666
ema200_slope12<0,2025,2026,validation,3,9,0.012615379675947034,0.011615379675947033,0.6666666666666666
ema200_slope12<0,2025,2026,validation,6,9,0.004991394112980231,0.00399139411298023,0.6666666666666666
ema200_slope12<0,2025,2026,validation,12,9,0.010133154187905884,0.009133154187905883,0.7777777777777778
stoch<=20,2022,2023,train,2,14,0.001810815342466719,0.0008108153424667182,0.42857142857142855
stoch<=20,2022,2023,train,3,14,0.0007095968209272417,-0.0002904031790727591,0.35714285714285715
stoch<=20,2022,2023,train,6,14,-0.008399579536269408,-0.009399579536269409,0.42857142857142855
stoch<=20,2022,2023,train,12,14,-0.002304339368426817,-0.003304339368426818,0.35714285714285715
stoch<=20,2022,2023,validation,2,5,-0.0034175691902230466,-0.004417569190223047,0.4
stoch<=20,2022,2023,validation,3,5,-0.00039871992153477364,-0.0013987199215347744,0.6
stoch<=20,2022,2023,validation,6,5,0.0095642038820954,0.0085642038820954,0.6
stoch<=20,2022,2023,validation,12,5,0.026687248602963808,0.025687248602963807,0.8
stoch<=20,2023,2024,train,2,19,0.0004349246759694123,-0.0005650753240305886,0.42105263157894735
stoch<=20,2023,2024,train,3,19,0.0004179345202793429,-0.0005820654797206579,0.42105263157894735
stoch<=20,2023,2024,train,6,19,-0.003672268110383932,-0.004672268110383933,0.47368421052631576
stoch<=20,2023,2024,train,12,19,0.005325025887202295,0.004325025887202294,0.47368421052631576
stoch<=20,2023,2024,validation,2,2,-0.007594531392601467,-0.008594531392601468,0.5
stoch<=20,2023,2024,validation,3,2,-0.005826248597634753,-0.006826248597634754,0.0
stoch<=20,2023,2024,validation,6,2,0.012295416938060577,0.011295416938060576,1.0
stoch<=20,2023,2024,validation,12,2,0.02865396928723396,0.02765396928723396,1.0
stoch<=20,2024,2025,train,2,21,-0.00032978542579924284,-0.0013297854257992437,0.42857142857142855
stoch<=20,2024,2025,train,3,21,-0.00017674958618866624,-0.0011767495861886672,0.38095238095238093
stoch<=20,2024,2025,train,6,21,-0.0021515362010082646,-0.0031515362010082655,0.5238095238095238
stoch<=20,2024,2025,train,12,21,0.007546830020538644,0.006546830020538643,0.5238095238095238
stoch<=20,2024,2025,validation,2,6,0.0007696842117475011,-0.00023031578825249963,0.6666666666666666
stoch<=20,2024,2025,validation,3,6,8.36311917595256e-05,-0.0009163688082404752,0.16666666666666666
stoch<=20,2024,2025,validation,6,6,-0.00885390743291122,-0.009853907432911221,0.3333333333333333
stoch<=20,2024,2025,validation,12,6,0.0015314452963928749,0.000531445296392874,0.5
stoch<=20,2025,2026,train,2,27,-8.545883967774419e-05,-0.0010854588396777452,0.48148148148148145
stoch<=20,2025,2026,train,3,27,-0.00011888719108906806,-0.0011188871910890689,0.3333333333333333
stoch<=20,2025,2026,train,6,27,-0.0036409520303200323,-0.004640952030320033,0.48148148148148145
stoch<=20,2025,2026,train,12,27,0.006210077859617362,0.005210077859617361,0.5185185185185185
stoch<=20,2025,2026,validation,2,7,0.008758569158840783,0.007758569158840782,0.5714285714285714
stoch<=20,2025,2026,validation,3,7,0.0064559465125838544,0.0054559465125838535,0.42857142857142855
stoch<=20,2025,2026,validation,6,7,0.008746061846878348,0.007746061846878348,0.7142857142857143
stoch<=20,2025,2026,validation,12,7,0.018862636137228623,0.017862636137228622,0.7142857142857143
stoch>=50,2022,2023,train,2,1,0.014063543820992619,0.013063543820992618,1.0
stoch>=50,2022,2023,train,3,1,0.011683567424576546,0.010683567424576546,1.0
stoch>=50,2022,2023,train,6,1,-0.009964408769464361,-0.010964408769464362,0.0
stoch>=50,2022,2023,train,12,1,-0.015516310324141358,-0.01651631032414136,0.0
stoch>=50,2022,2023,validation,2,1,0.011399178166760171,0.01039917816676017,1.0
stoch>=50,2022,2023,validation,3,1,0.012752070361103929,0.011752070361103928,1.0
stoch>=50,2022,2023,validation,6,1,-0.003999007037563951,-0.004999007037563951,0.0
stoch>=50,2022,2023,validation,12,1,-0.00656479749265515,-0.00756479749265515,0.0
stoch>=50,2023,2024,train,2,2,0.012731360993876395,0.011731360993876394,1.0
stoch>=50,2023,2024,train,3,2,0.012217818892840238,0.011217818892840237,1.0
stoch>=50,2023,2024,train,6,2,-0.006981707903514156,-0.007981707903514157,0.0
stoch>=50,2023,2024,train,12,2,-0.011040553908398254,-0.012040553908398255,0.0
stoch>=50,2023,2024,validation,2,0,,,
stoch>=50,2023,2024,validation,3,0,,,
stoch>=50,2023,2024,validation,6,0,,,
stoch>=50,2023,2024,validation,12,0,,,
stoch>=50,2024,2025,train,2,2,0.012731360993876395,0.011731360993876394,1.0
stoch>=50,2024,2025,train,3,2,0.012217818892840238,0.011217818892840237,1.0
stoch>=50,2024,2025,train,6,2,-0.006981707903514156,-0.007981707903514157,0.0
stoch>=50,2024,2025,train,12,2,-0.011040553908398254,-0.012040553908398255,0.0
stoch>=50,2024,2025,validation,2,0,,,
stoch>=50,2024,2025,validation,3,0,,,
stoch>=50,2024,2025,validation,6,0,,,
stoch>=50,2024,2025,validation,12,0,,,
stoch>=50,2025,2026,train,2,2,0.012731360993876395,0.011731360993876394,1.0
stoch>=50,2025,2026,train,3,2,0.012217818892840238,0.011217818892840237,1.0
stoch>=50,2025,2026,train,6,2,-0.006981707903514156,-0.007981707903514157,0.0
stoch>=50,2025,2026,train,12,2,-0.011040553908398254,-0.012040553908398255,0.0
stoch>=50,2025,2026,validation,2,0,,,
stoch>=50,2025,2026,validation,3,0,,,
stoch>=50,2025,2026,validation,6,0,,,
stoch>=50,2025,2026,validation,12,0,,,
mfi<=30,2022,2023,train,2,40,-0.0016710596494136699,-0.0026710596494136708,0.4
mfi<=30,2022,2023,train,3,40,-0.0026857271160011242,-0.003685727116001125,0.375
mfi<=30,2022,2023,train,6,40,-0.00792253415463294,-0.008922534154632941,0.425
mfi<=30,2022,2023,train,12,40,-0.003236655672122918,-0.004236655672122919,0.4
mfi<=30,2022,2023,validation,2,14,0.004072071252081144,0.0030720712520811433,0.5
mfi<=30,2022,2023,validation,3,14,0.0048599658991063345,0.003859965899106334,0.5714285714285714
mfi<=30,2022,2023,validation,6,14,0.0017273260157459336,0.0007273260157459327,0.42857142857142855
mfi<=30,2022,2023,validation,12,14,0.012100545655686992,0.01110054565568699,0.5
mfi<=30,2023,2024,train,2,54,-0.00018209978606316247,-0.0011820997860631634,0.42592592592592593
mfi<=30,2023,2024,train,3,54,-0.0007294363343065978,-0.0017294363343065987,0.42592592592592593
mfi<=30,2023,2024,train,6,54,-0.005420718554905084,-0.006420718554905085,0.42592592592592593
mfi<=30,2023,2024,train,12,54,0.0007396557832352067,-0.0002603442167647942,0.42592592592592593
mfi<=30,2023,2024,validation,2,12,0.007057586055023379,0.0060575860550233784,0.6666666666666666
mfi<=30,2023,2024,validation,3,12,0.006848727564868891,0.00584872756486889,0.5833333333333334
mfi<=30,2023,2024,validation,6,12,0.007055569541822793,0.006055569541822792,0.6666666666666666
mfi<=30,2023,2024,validation,12,12,0.007136252423957166,0.006136252423957165,0.6666666666666666
mfi<=30,2024,2025,train,2,66,0.0011342067304980269,0.00013420673049802605,0.4696969696969697
mfi<=30,2024,2025,train,3,66,0.0006484116473616729,-0.00035158835263832794,0.45454545454545453
mfi<=30,2024,2025,train,6,66,-0.0031523025373181974,-0.004152302537318199,0.4696969696969697
mfi<=30,2024,2025,train,12,66,0.001902673354275563,0.000902673354275562,0.4696969696969697
mfi<=30,2024,2025,validation,2,16,-0.0022371920980520793,-0.00323719209805208,0.5
mfi<=30,2024,2025,validation,3,16,-0.0028115890808106114,-0.0038115890808106123,0.375
mfi<=30,2024,2025,validation,6,16,-0.006955522260769634,-0.007955522260769635,0.375
mfi<=30,2024,2025,validation,12,16,0.011140565904505066,0.010140565904505065,0.5
mfi<=30,2025,2026,train,2,82,0.00047637281273215255,-0.0005236271872678483,0.47560975609756095
mfi<=30,2025,2026,train,3,82,-2.6710445940236208e-05,-0.0010267104459402371,0.43902439024390244
mfi<=30,2025,2026,train,6,82,-0.0038943941906745753,-0.004894394190674576,0.45121951219512196
mfi<=30,2025,2026,train,12,82,0.0037051889738325392,0.0027051889738325383,0.47560975609756095
mfi<=30,2025,2026,validation,2,11,0.008914838067766122,0.007914838067766121,0.6363636363636364
mfi<=30,2025,2026,validation,3,11,0.00862628790344665,0.00762628790344665,0.5454545454545454
mfi<=30,2025,2026,validation,6,11,0.003247751027954059,0.002247751027954058,0.6363636363636364
mfi<=30,2025,2026,validation,12,11,0.007935046733444927,0.006935046733444927,0.7272727272727273
mfi>=50,2022,2023,train,2,2,-0.02311104264684999,-0.02411104264684999,0.5
mfi>=50,2022,2023,train,3,2,-0.01044015409054505,-0.011440154090545052,0.5
mfi>=50,2022,2023,train,6,2,-0.011173803233175572,-0.012173803233175573,0.5
mfi>=50,2022,2023,train,12,2,-0.016702749633519753,-0.017702749633519754,0.5
mfi>=50,2022,2023,validation,2,0,,,
mfi>=50,2022,2023,validation,3,0,,,
mfi>=50,2022,2023,validation,6,0,,,
mfi>=50,2022,2023,validation,12,0,,,
mfi>=50,2023,2024,train,2,2,-0.02311104264684999,-0.02411104264684999,0.5
mfi>=50,2023,2024,train,3,2,-0.01044015409054505,-0.011440154090545052,0.5
mfi>=50,2023,2024,train,6,2,-0.011173803233175572,-0.012173803233175573,0.5
mfi>=50,2023,2024,train,12,2,-0.016702749633519753,-0.017702749633519754,0.5
mfi>=50,2023,2024,validation,2,0,,,
mfi>=50,2023,2024,validation,3,0,,,
mfi>=50,2023,2024,validation,6,0,,,
mfi>=50,2023,2024,validation,12,0,,,
mfi>=50,2024,2025,train,2,2,-0.02311104264684999,-0.02411104264684999,0.5
mfi>=50,2024,2025,train,3,2,-0.01044015409054505,-0.011440154090545052,0.5
mfi>=50,2024,2025,train,6,2,-0.011173803233175572,-0.012173803233175573,0.5
mfi>=50,2024,2025,train,12,2,-0.016702749633519753,-0.017702749633519754,0.5
mfi>=50,2024,2025,validation,2,0,,,
mfi>=50,2024,2025,validation,3,0,,,
mfi>=50,2024,2025,validation,6,0,,,
mfi>=50,2024,2025,validation,12,0,,,
mfi>=50,2025,2026,train,2,2,-0.02311104264684999,-0.02411104264684999,0.5
mfi>=50,2025,2026,train,3,2,-0.01044015409054505,-0.011440154090545052,0.5
mfi>=50,2025,2026,train,6,2,-0.011173803233175572,-0.012173803233175573,0.5
mfi>=50,2025,2026,train,12,2,-0.016702749633519753,-0.017702749633519754,0.5
mfi>=50,2025,2026,validation,2,0,,,
mfi>=50,2025,2026,validation,3,0,,,
mfi>=50,2025,2026,validation,6,0,,,
mfi>=50,2025,2026,validation,12,0,,,
obv_z>=1,2022,2023,train,2,3,0.005679828661904529,0.004679828661904528,0.6666666666666666
obv_z>=1,2022,2023,train,3,3,0.0007698068359756801,-0.0002301931640243208,0.6666666666666666
obv_z>=1,2022,2023,train,6,3,-0.004041113034279824,-0.0050411130342798245,0.6666666666666666
obv_z>=1,2022,2023,train,12,3,-0.00016481679455504494,-0.0011648167945550458,0.6666666666666666
obv_z>=1,2022,2023,validation,2,0,,,
obv_z>=1,2022,2023,validation,3,0,,,
obv_z>=1,2022,2023,validation,6,0,,,
obv_z>=1,2022,2023,validation,12,0,,,
obv_z>=1,2023,2024,train,2,3,0.005679828661904529,0.004679828661904528,0.6666666666666666
obv_z>=1,2023,2024,train,3,3,0.0007698068359756801,-0.0002301931640243208,0.6666666666666666
obv_z>=1,2023,2024,train,6,3,-0.004041113034279824,-0.0050411130342798245,0.6666666666666666
obv_z>=1,2023,2024,train,12,3,-0.00016481679455504494,-0.0011648167945550458,0.6666666666666666
obv_z>=1,2023,2024,validation,2,1,0.030423696811508805,0.029423696811508804,1.0
obv_z>=1,2023,2024,validation,3,1,0.0382376839377887,0.0372376839377887,1.0
obv_z>=1,2023,2024,validation,6,1,0.031844151065284265,0.030844151065284264,1.0
obv_z>=1,2023,2024,validation,12,1,0.028045424145484166,0.027045424145484165,1.0
obv_z>=1,2024,2025,train,2,4,0.011865795699305598,0.010865795699305597,0.75
obv_z>=1,2024,2025,train,3,4,0.010136776111428936,0.009136776111428935,0.75
obv_z>=1,2024,2025,train,6,4,0.004930202990611199,0.003930202990611198,0.75
obv_z>=1,2024,2025,train,12,4,0.006887743440454758,0.005887743440454757,0.75
obv_z>=1,2024,2025,validation,2,1,0.021282132298441336,0.020282132298441335,1.0
obv_z>=1,2024,2025,validation,3,1,0.020474081279629575,0.019474081279629574,1.0
obv_z>=1,2024,2025,validation,6,1,0.029417436363734284,0.028417436363734283,1.0
obv_z>=1,2024,2025,validation,12,1,0.05227547441924574,0.05127547441924574,1.0
obv_z>=1,2025,2026,train,2,5,0.013749063019132746,0.012749063019132745,0.8
obv_z>=1,2025,2026,train,3,5,0.012204237145069064,0.011204237145069063,0.8
obv_z>=1,2025,2026,train,6,5,0.009827649665235815,0.008827649665235814,0.8
obv_z>=1,2025,2026,train,12,5,0.015965289636212954,0.014965289636212954,0.8
obv_z>=1,2025,2026,validation,2,0,,,
obv_z>=1,2025,2026,validation,3,0,,,
obv_z>=1,2025,2026,validation,6,0,,,
obv_z>=1,2025,2026,validation,12,0,,,
obv_z<=-1,2022,2023,train,2,28,0.0005997551415239269,-0.0004002448584760739,0.42857142857142855
obv_z<=-1,2022,2023,train,3,28,-0.001379600259291692,-0.0023796002592916927,0.39285714285714285
obv_z<=-1,2022,2023,train,6,28,-0.0048980377167259425,-0.005898037716725943,0.4642857142857143
obv_z<=-1,2022,2023,train,12,28,0.00356175609113199,0.002561756091131989,0.4642857142857143
obv_z<=-1,2022,2023,validation,2,12,0.005274027851328744,0.004274027851328743,0.5
obv_z<=-1,2022,2023,validation,3,12,0.005646971673435558,0.004646971673435558,0.5833333333333334
obv_z<=-1,2022,2023,validation,6,12,0.0030531368390393963,0.0020531368390393954,0.5
obv_z<=-1,2022,2023,validation,12,12,0.01815366762450509,0.017153667624505087,0.5833333333333334
obv_z<=-1,2023,2024,train,2,40,0.002002036954465372,0.0010020369544653713,0.45
obv_z<=-1,2023,2024,train,3,40,0.000728371320526483,-0.00027162867947351786,0.45
obv_z<=-1,2023,2024,train,6,40,-0.0025126853499963407,-0.0035126853499963416,0.475
obv_z<=-1,2023,2024,train,12,40,0.00793932955114392,0.006939329551143919,0.5
obv_z<=-1,2023,2024,validation,2,9,0.007200356038791088,0.006200356038791087,0.6666666666666666
obv_z<=-1,2023,2024,validation,3,9,0.00829732132848012,0.007297321328480118,0.6666666666666666
obv_z<=-1,2023,2024,validation,6,9,0.010824348807628182,0.009824348807628181,0.6666666666666666
obv_z<=-1,2023,2024,validation,12,9,0.011322124315273475,0.010322124315273474,0.6666666666666666
obv_z<=-1,2024,2025,train,2,49,0.0029568302556680546,0.0019568302556680537,0.4897959183673469
obv_z<=-1,2024,2025,train,3,49,0.0021185866281098037,0.001118586628109803,0.4897959183673469
obv_z<=-1,2024,2025,train,6,49,-6.30260149224488e-05,-0.0010630260149224497,0.5102040816326531
obv_z<=-1,2024,2025,train,12,49,0.008560659201698328,0.007560659201698327,0.5306122448979592
obv_z<=-1,2024,2025,validation,2,14,-0.0040612195924204985,-0.005061219592420499,0.5
obv_z<=-1,2024,2025,validation,3,14,-0.00472043157656716,-0.005720431576567161,0.2857142857142857
obv_z<=-1,2024,2025,validation,6,14,-0.010901951169738895,-0.011901951169738896,0.2857142857142857
obv_z<=-1,2024,2025,validation,12,14,0.006375762180047325,0.005375762180047324,0.42857142857142855
obv_z<=-1,2025,2026,train,2,63,0.0013972636227594874,0.00039726362275948636,0.49206349206349204
obv_z<=-1,2025,2026,train,3,63,0.0005988048048482564,-0.00040119519515174456,0.4444444444444444
obv_z<=-1,2025,2026,train,6,63,-0.0024716760493261034,-0.0034716760493261043,0.4603174603174603
obv_z<=-1,2025,2026,train,12,63,0.008075126530220328,0.007075126530220326,0.5079365079365079
obv_z<=-1,2025,2026,validation,2,7,0.011362417090537933,0.010362417090537932,0.5714285714285714
obv_z<=-1,2025,2026,validation,3,7,0.010580872823251248,0.009580872823251247,0.42857142857142855
obv_z<=-1,2025,2026,validation,6,7,0.011679541119824484,0.010679541119824483,0.7142857142857143
obv_z<=-1,2025,2026,validation,12,7,0.019545318327056083,0.018545318327056082,0.7142857142857143
vwap_dist>=0,2022,2023,train,2,0,,,
vwap_dist>=0,2022,2023,train,3,0,,,
vwap_dist>=0,2022,2023,train,6,0,,,
vwap_dist>=0,2022,2023,train,12,0,,,
vwap_dist>=0,2022,2023,validation,2,1,0.011399178166760171,0.01039917816676017,1.0
vwap_dist>=0,2022,2023,validation,3,1,0.012752070361103929,0.011752070361103928,1.0
vwap_dist>=0,2022,2023,validation,6,1,-0.003999007037563951,-0.004999007037563951,0.0
vwap_dist>=0,2022,2023,validation,12,1,-0.00656479749265515,-0.00756479749265515,0.0
vwap_dist>=0,2023,2024,train,2,1,0.011399178166760171,0.01039917816676017,1.0
vwap_dist>=0,2023,2024,train,3,1,0.012752070361103929,0.011752070361103928,1.0
vwap_dist>=0,2023,2024,train,6,1,-0.003999007037563951,-0.004999007037563951,0.0
vwap_dist>=0,2023,2024,train,12,1,-0.00656479749265515,-0.00756479749265515,0.0
vwap_dist>=0,2023,2024,validation,2,0,,,
vwap_dist>=0,2023,2024,validation,3,0,,,
vwap_dist>=0,2023,2024,validation,6,0,,,
vwap_dist>=0,2023,2024,validation,12,0,,,
vwap_dist>=0,2024,2025,train,2,1,0.011399178166760171,0.01039917816676017,1.0
vwap_dist>=0,2024,2025,train,3,1,0.012752070361103929,0.011752070361103928,1.0
vwap_dist>=0,2024,2025,train,6,1,-0.003999007037563951,-0.004999007037563951,0.0
vwap_dist>=0,2024,2025,train,12,1,-0.00656479749265515,-0.00756479749265515,0.0
vwap_dist>=0,2024,2025,validation,2,0,,,
vwap_dist>=0,2024,2025,validation,3,0,,,
vwap_dist>=0,2024,2025,validation,6,0,,,
vwap_dist>=0,2024,2025,validation,12,0,,,
vwap_dist>=0,2025,2026,train,2,1,0.011399178166760171,0.01039917816676017,1.0
vwap_dist>=0,2025,2026,train,3,1,0.012752070361103929,0.011752070361103928,1.0
vwap_dist>=0,2025,2026,train,6,1,-0.003999007037563951,-0.004999007037563951,0.0
vwap_dist>=0,2025,2026,train,12,1,-0.00656479749265515,-0.00756479749265515,0.0
vwap_dist>=0,2025,2026,validation,2,0,,,
vwap_dist>=0,2025,2026,validation,3,0,,,
vwap_dist>=0,2025,2026,validation,6,0,,,
vwap_dist>=0,2025,2026,validation,12,0,,,
vwap_dist<0,2022,2023,train,2,42,-0.002692011220720161,-0.003692011220720162,0.40476190476190477
vwap_dist<0,2022,2023,train,3,42,-0.003054985543360359,-0.00405498554336036,0.38095238095238093
vwap_dist<0,2022,2023,train,6,42,-0.008077356491706399,-0.0090773564917064,0.42857142857142855
vwap_dist<0,2022,2023,train,12,42,-0.0038778982417132435,-0.004877898241713244,0.40476190476190477
vwap_dist<0,2022,2023,validation,2,13,0.0035084476432596804,0.0025084476432596795,0.46153846153846156
vwap_dist<0,2022,2023,validation,3,13,0.004252880940491135,0.0032528809404911343,0.5384615384615384
vwap_dist<0,2022,2023,validation,6,13,0.0021678131736928476,0.001167813173692847,0.46153846153846156
vwap_dist<0,2022,2023,validation,12,13,0.013536341282482541,0.01253634128248254,0.5384615384615384
vwap_dist<0,2023,2024,train,2,55,-0.001226448216506744,-0.002226448216506745,0.41818181818181815
vwap_dist<0,2023,2024,train,3,55,-0.0013276716471772785,-0.002327671647177279,0.41818181818181815
vwap_dist<0,2023,2024,train,6,55,-0.005655770934430213,-0.006655770934430214,0.43636363636363634
vwap_dist<0,2023,2024,train,12,55,0.00023819473673303282,-0.0007618052632669681,0.43636363636363634
vwap_dist<0,2023,2024,validation,2,12,0.007057586055023379,0.0060575860550233784,0.6666666666666666
vwap_dist<0,2023,2024,validation,3,12,0.006848727564868891,0.00584872756486889,0.5833333333333334
vwap_dist<0,2023,2024,validation,6,12,0.007055569541822793,0.006055569541822792,0.6666666666666666
vwap_dist<0,2023,2024,validation,12,12,0.007136252423957166,0.006136252423957165,0.6666666666666666
vwap_dist<0,2024,2025,train,2,67,0.0002572594142150691,-0.0007427405857849318,0.4626865671641791
vwap_dist<0,2024,2025,train,3,67,0.0001367580624429311,-0.0008632419375570698,0.44776119402985076
vwap_dist<0,2024,2025,train,6,67,-0.0033791129386834063,-0.004379112938683407,0.47761194029850745
vwap_dist<0,2024,2025,train,12,67,0.0014736677553403403,0.00047366775534033936,0.47761194029850745
vwap_dist<0,2024,2025,validation,2,16,-0.0022371920980520793,-0.00323719209805208,0.5
vwap_dist<0,2024,2025,validation,3,16,-0.0028115890808106114,-0.0038115890808106123,0.375
vwap_dist<0,2024,2025,validation,6,16,-0.006955522260769634,-0.007955522260769635,0.375
vwap_dist<0,2024,2025,validation,12,16,0.011140565904505066,0.010140565904505065,0.5
vwap_dist<0,2025,2026,train,2,83,-0.0002235987086316101,-0.001223598708631611,0.46987951807228917
vwap_dist<0,2025,2026,train,3,83,-0.0004315980133649807,-0.0014315980133649815,0.43373493975903615
vwap_dist<0,2025,2026,train,6,83,-0.004068541241736173,-0.005068541241736174,0.4578313253012048
vwap_dist<0,2025,2026,train,12,83,0.0033371661937335404,0.0023371661937335395,0.4819277108433735
vwap_dist<0,2025,2026,validation,2,11,0.008914838067766122,0.007914838067766121,0.6363636363636364
vwap_dist<0,2025,2026,validation,3,11,0.00862628790344665,0.00762628790344665,0.5454545454545454
vwap_dist<0,2025,2026,validation,6,11,0.003247751027954059,0.002247751027954058,0.6363636363636364
vwap_dist<0,2025,2026,validation,12,11,0.007935046733444927,0.006935046733444927,0.7272727272727273
bb_width<=0.05,2022,2023,train,2,9,-0.0010400297939023861,-0.002040029793902387,0.4444444444444444
bb_width<=0.05,2022,2023,train,3,9,0.0004174119202339479,-0.000582588079766052,0.3333333333333333
bb_width<=0.05,2022,2023,train,6,9,0.0001659887816207739,-0.000834011218379227,0.5555555555555556
bb_width<=0.05,2022,2023,train,12,9,-0.002845205220526411,-0.0038452052205264118,0.3333333333333333
bb_width<=0.05,2022,2023,validation,2,8,0.004873215764958749,0.0038732157649587484,0.625
bb_width<=0.05,2022,2023,validation,3,8,0.007263600679853058,0.006263600679853057,0.625
bb_width<=0.05,2022,2023,validation,6,8,0.0006749507965794765,-0.0003250492034205239,0.375
bb_width<=0.05,2022,2023,validation,12,8,0.004403410050252368,0.0034034100502523673,0.375
bb_width<=0.05,2023,2024,train,2,17,0.001742673998502854,0.0007426739985028532,0.5294117647058824
bb_width<=0.05,2023,2024,train,3,17,0.003639147807113529,0.0026391478071135285,0.47058823529411764
bb_width<=0.05,2023,2024,train,6,17,0.0004055003180719281,-0.0005944996819280728,0.47058823529411764
bb_width<=0.05,2023,2024,train,12,17,0.0005659078480753676,-0.0004340921519246331,0.35294117647058826
bb_width<=0.05,2023,2024,validation,2,2,0.006119189580414353,0.005119189580414352,1.0
bb_width<=0.05,2023,2024,validation,3,2,0.005359170955054893,0.004359170955054892,0.5
bb_width<=0.05,2023,2024,validation,6,2,-0.0018073926323776135,-0.002807392632377614,0.5
bb_width<=0.05,2023,2024,validation,12,2,0.01071878654409636,0.009718786544096358,0.5
bb_width<=0.05,2024,2025,train,2,19,0.0022033598492303802,0.0012033598492303794,0.5789473684210527
bb_width<=0.05,2024,2025,train,3,19,0.0038202028753178833,0.002820202875317883,0.47368421052631576
bb_width<=0.05,2024,2025,train,6,19,0.0001725642180246079,-0.0008274357819753929,0.47368421052631576
bb_width<=0.05,2024,2025,train,12,19,0.0016346319213407351,0.0006346319213407344,0.3684210526315789
bb_width<=0.05,2024,2025,validation,2,3,0.002284224934353244,0.0012842249343532437,0.6666666666666666
bb_width<=0.05,2024,2025,validation,3,3,0.002936119251111443,0.0019361192511114418,0.6666666666666666
bb_width<=0.05,2024,2025,validation,6,3,0.010864632512764557,0.009864632512764556,0.6666666666666666
bb_width<=0.05,2024,2025,validation,12,3,0.020352251491842794,0.019352251491842793,0.6666666666666666
bb_width<=0.05,2025,2026,train,2,22,0.0022143869062925888,0.001214386906292588,0.5909090909090909
bb_width<=0.05,2025,2026,train,3,22,0.0036996460174715503,0.0026996460174715494,0.5
bb_width<=0.05,2025,2026,train,6,22,0.0016305735309436918,0.000630573530943691,0.5
bb_width<=0.05,2025,2026,train,12,22,0.004187034590045561,0.0031870345900455606,0.4090909090909091
bb_width<=0.05,2025,2026,validation,2,4,0.005486418503300172,0.004486418503300171,0.75
bb_width<=0.05,2025,2026,validation,3,4,0.0040672118852773664,0.0030672118852773655,0.5
bb_width<=0.05,2025,2026,validation,6,4,0.007952005985095933,0.006952005985095933,0.5
bb_width<=0.05,2025,2026,validation,12,4,0.012327134901536363,0.011327134901536362,0.75
bb_width>=0.12,2022,2023,train,2,15,0.001657025988761244,0.0006570259887612432,0.4666666666666667
bb_width>=0.12,2022,2023,train,3,15,0.0018903552435514336,0.0008903552435514328,0.3333333333333333
bb_width>=0.12,2022,2023,train,6,15,-0.006528217383441737,-0.007528217383441738,0.4666666666666667
bb_width>=0.12,2022,2023,train,12,15,0.003008576466087513,0.002008576466087512,0.4666666666666667
bb_width>=0.12,2022,2023,validation,2,1,-0.0032068380784975314,-0.0042068380784975315,0.0
bb_width>=0.12,2022,2023,validation,3,1,-0.0044023306397944495,-0.0054023306397944495,0.0
bb_width>=0.12,2022,2023,validation,6,1,0.01120408283785812,0.01020408283785812,1.0
bb_width>=0.12,2022,2023,validation,12,1,0.10326842405892811,0.10226842405892811,1.0
bb_width>=0.12,2023,2024,train,2,16,0.0013530344845575706,0.00035303448455756975,0.4375
bb_width>=0.12,2023,2024,train,3,16,0.001497062375842316,0.0004970623758423151,0.3125
bb_width>=0.12,2023,2024,train,6,16,-0.005419948619610496,-0.0064199486196104966,0.5
bb_width>=0.12,2023,2024,train,12,16,0.00927481694064005,0.00827481694064005,0.5
bb_width>=0.12,2023,2024,validation,2,2,0.004416744247272064,0.0034167442472720637,0.5
bb_width>=0.12,2023,2024,validation,3,2,0.009375274655755272,0.008375274655755272,0.5
bb_width>=0.12,2023,2024,validation,6,2,0.021819063379540093,0.020819063379540093,1.0
bb_width>=0.12,2023,2024,validation,12,2,0.018029758509314542,0.01702975850931454,1.0
bb_width>=0.12,2024,2025,train,2,18,0.0016934466804147366,0.0006934466804147357,0.4444444444444444
bb_width>=0.12,2024,2025,train,3,18,0.0023724192958326446,0.0013724192958326437,0.3333333333333333
bb_width>=0.12,2024,2025,train,6,18,-0.0023933917308159858,-0.0033933917308159867,0.5555555555555556
bb_width>=0.12,2024,2025,train,12,18,0.010247588226048328,0.009247588226048327,0.5555555555555556
bb_width>=0.12,2024,2025,validation,2,5,0.008167004729499517,0.007167004729499516,0.8
bb_width>=0.12,2024,2025,validation,3,5,-0.0010426913613541312,-0.002042691361354132,0.4
bb_width>=0.12,2024,2025,validation,6,5,-0.02128019142427031,-0.02228019142427031,0.4
bb_width>=0.12,2024,2025,validation,12,5,0.019001948630686716,0.018001948630686715,0.6
bb_width>=0.12,2025,2026,train,2,23,0.003100741908476645,0.0021007419084766443,0.5217391304347826
bb_width>=0.12,2025,2026,train,3,23,0.0016300039355746497,0.0006300039355746489,0.34782608695652173
bb_width>=0.12,2025,2026,train,6,23,-0.006499217751132143,-0.007499217751132144,0.5217391304347826
bb_width>=0.12,2025,2026,train,12,23,0.012150710053143629,0.011150710053143628,0.5652173913043478
bb_width>=0.12,2025,2026,validation,2,2,0.027556322871634065,0.026556322871634064,0.5
bb_width>=0.12,2025,2026,validation,3,2,0.029943288902649745,0.028943288902649744,0.5
bb_width>=0.12,2025,2026,validation,6,2,0.024190096659366223,0.02319009665936622,1.0
bb_width>=0.12,2025,2026,validation,12,2,0.051182069004238384,0.05018206900423838,1.0
body<=0.3,2022,2023,train,2,19,0.0027474848680816874,0.0017474848680816863,0.47368421052631576
body<=0.3,2022,2023,train,3,19,-0.0020863578894797217,-0.0030863578894797226,0.42105263157894735
body<=0.3,2022,2023,train,6,19,-0.011966685881278728,-0.01296668588127873,0.3157894736842105
body<=0.3,2022,2023,train,12,19,-0.008576516125248842,-0.009576516125248843,0.42105263157894735
body<=0.3,2022,2023,validation,2,7,0.0018945280133918813,0.0008945280133918805,0.5714285714285714
body<=0.3,2022,2023,validation,3,7,0.004502659465702877,0.0035026594657028764,0.5714285714285714
body<=0.3,2022,2023,validation,6,7,0.007472857767166742,0.006472857767166741,0.5714285714285714
body<=0.3,2022,2023,validation,12,7,0.007310957551192694,0.006310957551192693,0.42857142857142855
body<=0.3,2023,2024,train,2,26,0.0025178426379728934,0.0015178426379728925,0.5
body<=0.3,2023,2024,train,3,26,-0.0003123916784690219,-0.0013123916784690227,0.46153846153846156
body<=0.3,2023,2024,train,6,26,-0.006732962591312641,-0.0077329625913126416,0.38461538461538464
body<=0.3,2023,2024,train,12,26,-0.00429911936620689,-0.005299119366206891,0.4230769230769231
body<=0.3,2023,2024,validation,2,1,0.030423696811508805,0.029423696811508804,1.0
body<=0.3,2023,2024,validation,3,1,0.0382376839377887,0.0372376839377887,1.0
body<=0.3,2023,2024,validation,6,1,0.031844151065284265,0.030844151065284264,1.0
body<=0.3,2023,2024,validation,12,1,0.028045424145484166,0.027045424145484165,1.0
body<=0.3,2024,2025,train,2,27,0.0035513927925482974,0.0025513927925482965,0.5185185185185185
body<=0.3,2024,2025,train,3,27,0.0011153888999108938,0.00011538889991089294,0.48148148148148145
body<=0.3,2024,2025,train,6,27,-0.005304180604031273,-0.006304180604031274,0.4074074074074074
body<=0.3,2024,2025,train,12,27,-0.003101173310218333,-0.004101173310218333,0.4444444444444444
body<=0.3,2024,2025,validation,2,7,0.0012456546735349905,0.0002456546735349897,0.7142857142857143
body<=0.3,2024,2025,validation,3,7,0.001825712566452967,0.0008257125664529663,0.2857142857142857
body<=0.3,2024,2025,validation,6,7,0.00039071571943016803,-0.0006092842805698328,0.42857142857142855
body<=0.3,2024,2025,validation,12,7,0.02046278090044083,0.01946278090044083,0.5714285714285714
body<=0.3,2025,2026,train,2,34,0.0030766820033396756,0.0020766820033396747,0.5588235294117647
body<=0.3,2025,2026,train,3,34,0.0012616320077283795,0.0002616320077283786,0.4411764705882353
body<=0.3,2025,2026,train,6,34,-0.004131701949200976,-0.005131701949200977,0.4117647058823529
body<=0.3,2025,2026,train,12,34,0.0017502290272703187,0.0007502290272703177,0.47058823529411764
body<=0.3,2025,2026,validation,2,5,0.02344762564697056,0.02244762564697056,0.6
body<=0.3,2025,2026,validation,3,5,0.021551612128768615,0.020551612128768614,0.6
body<=0.3,2025,2026,validation,6,5,0.019188691661035852,0.01818869166103585,0.8
body<=0.3,2025,2026,validation,12,5,0.03946850794987813,0.03846850794987813,1.0
body>=0.7,2022,2023,train,2,7,-0.025844638441364105,-0.026844638441364106,0.2857142857142857
body>=0.7,2022,2023,train,3,7,-0.01424911455162917,-0.01524911455162917,0.0
body>=0.7,2022,2023,train,6,7,-0.028067247603534025,-0.029067247603534026,0.42857142857142855
body>=0.7,2022,2023,train,12,7,-0.014344798881383656,-0.015344798881383657,0.2857142857142857
body>=0.7,2022,2023,validation,2,1,0.009524604297950434,0.008524604297950433,1.0
body>=0.7,2022,2023,validation,3,1,0.009049466620764557,0.008049466620764556,1.0
body>=0.7,2022,2023,validation,6,1,-0.013322451347784758,-0.01432245134778476,0.0
body>=0.7,2022,2023,validation,12,1,-0.017388086364408806,-0.018388086364408807,0.0
body>=0.7,2023,2024,train,2,8,-0.021423483098949786,-0.022423483098949787,0.375
body>=0.7,2023,2024,train,3,8,-0.011336791905079954,-0.012336791905079955,0.125
body>=0.7,2023,2024,train,6,8,-0.026224148071565367,-0.02722414807156537,0.375
body>=0.7,2023,2024,train,12,8,-0.0147252098167618,-0.0157252098167618,0.25
body>=0.7,2023,2024,validation,2,3,0.009854114644612352,0.008854114644612351,1.0
body>=0.7,2023,2024,validation,3,3,0.0057400838441196145,0.0047400838441196145,0.3333333333333333
body>=0.7,2023,2024,validation,6,3,0.00714011337387684,0.006140113373876839,0.6666666666666666
body>=0.7,2023,2024,validation,12,3,0.007716129532357489,0.006716129532357488,0.6666666666666666
body>=0.7,2024,2025,train,2,11,-0.012893229168887384,-0.013893229168887385,0.5454545454545454
body>=0.7,2024,2025,train,3,11,-0.006679462155298254,-0.007679462155298255,0.18181818181818182
body>=0.7,2024,2025,train,6,11,-0.01712480404099022,-0.01812480404099022,0.45454545454545453
body>=0.7,2024,2025,train,12,11,-0.008604844539729267,-0.009604844539729268,0.36363636363636365
body>=0.7,2024,2025,validation,2,1,-0.01114604332575253,-0.012146043325752531,0.0
body>=0.7,2024,2025,validation,3,1,-0.011263145772095862,-0.012263145772095863,0.0
body>=0.7,2024,2025,validation,6,1,-0.04332725936146886,-0.04432725936146886,0.0
body>=0.7,2024,2025,validation,12,1,-0.06445822359463615,-0.06545822359463616,0.0
body>=0.7,2025,2026,train,2,12,-0.012747630348626146,-0.013747630348626147,0.5
body>=0.7,2025,2026,train,3,12,-0.007061435790031388,-0.008061435790031388,0.16666666666666666
body>=0.7,2025,2026,train,6,12,-0.01930834198436344,-0.020308341984363442,0.4166666666666667
body>=0.7,2025,2026,train,12,12,-0.013259292794304841,-0.014259292794304842,0.3333333333333333
body>=0.7,2025,2026,validation,2,2,0.0024365779315455027,0.0014365779315455027,1.0
body>=0.7,2025,2026,validation,3,2,0.003457362187933799,0.002457362187933799,0.5
body>=0.7,2025,2026,validation,6,2,0.006522145145666514,0.005522145145666513,1.0
body>=0.7,2025,2026,validation,12,2,0.005017021531464438,0.0040170215314644375,0.5
lower_wick>=0.5,2022,2023,train,2,10,0.009120407663469998,0.008120407663469997,0.4
lower_wick>=0.5,2022,2023,train,3,10,0.0009553749626122432,-4.462503738775769e-05,0.3
lower_wick>=0.5,2022,2023,train,6,10,-0.008042332585664513,-0.009042332585664514,0.2
lower_wick>=0.5,2022,2023,train,12,10,-0.005220617601287958,-0.006220617601287959,0.3
lower_wick>=0.5,2022,2023,validation,2,4,0.011650963331028386,0.010650963331028385,0.75
lower_wick>=0.5,2022,2023,validation,3,4,0.011860210487573492,0.01086021048757349,0.75
lower_wick>=0.5,2022,2023,validation,6,4,0.0022237206052447833,0.0012237206052447833,0.5
lower_wick>=0.5,2022,2023,validation,12,4,0.007643752270818843,0.006643752270818842,0.25
lower_wick>=0.5,2023,2024,train,2,14,0.00984342356848668,0.00884342356848668,0.5
lower_wick>=0.5,2023,2024,train,3,14,0.004071042255458314,0.0030710422554583133,0.42857142857142855
lower_wick>=0.5,2023,2024,train,6,14,-0.005109174531119,-0.0061091745311190005,0.2857142857142857
lower_wick>=0.5,2023,2024,train,12,14,-0.0015450833521145862,-0.002545083352114587,0.2857142857142857
lower_wick>=0.5,2023,2024,validation,2,3,0.005588158957327782,0.0045881589573277815,0.3333333333333333
lower_wick>=0.5,2023,2024,validation,3,3,0.0033335519370309243,0.0023335519370309235,0.6666666666666666
lower_wick>=0.5,2023,2024,validation,6,3,-0.01094354381677698,-0.01194354381677698,0.3333333333333333
lower_wick>=0.5,2023,2024,validation,12,3,-0.0077066115547959795,-0.008706611554795981,0.6666666666666666
lower_wick>=0.5,2024,2025,train,2,17,0.009092494519458639,0.008092494519458638,0.47058823529411764
lower_wick>=0.5,2024,2025,train,3,17,0.0039408969051475985,0.0029408969051475976,0.47058823529411764
lower_wick>=0.5,2024,2025,train,6,17,-0.0061387691109409965,-0.007138769110940997,0.29411764705882354
lower_wick>=0.5,2024,2025,train,12,17,-0.002632411858470126,-0.003632411858470127,0.35294117647058826
lower_wick>=0.5,2024,2025,validation,2,6,-0.0027897414504714133,-0.003789741450471414,0.3333333333333333
lower_wick>=0.5,2024,2025,validation,3,6,-0.009339491675921777,-0.010339491675921778,0.16666666666666666
lower_wick>=0.5,2024,2025,validation,6,6,-0.02304279968006932,-0.02404279968006932,0.16666666666666666
lower_wick>=0.5,2024,2025,validation,12,6,-0.01372108004705517,-0.014721080047055171,0.16666666666666666
lower_wick>=0.5,2025,2026,train,2,23,0.005992780788172539,0.004992780788172538,0.43478260869565216
lower_wick>=0.5,2025,2026,train,3,23,0.000476447710086022,-0.0005235522899139789,0.391304347826087
lower_wick>=0.5,2025,2026,train,6,23,-0.010548516215930993,-0.011548516215930994,0.2608695652173913
lower_wick>=0.5,2025,2026,train,12,23,-0.005525107907666225,-0.006525107907666226,0.30434782608695654
lower_wick>=0.5,2025,2026,validation,2,2,0.010543447716696464,0.009543447716696463,0.5
lower_wick>=0.5,2025,2026,validation,3,2,0.006198399542189703,0.005198399542189702,0.5
lower_wick>=0.5,2025,2026,validation,6,2,0.01513743313654925,0.014137433136549249,0.5
lower_wick>=0.5,2025,2026,validation,12,2,0.015677930345881275,0.014677930345881274,1.0
close_loc>=0.5,2022,2023,train,2,38,-0.0025466133661122096,-0.0035466133661122105,0.3684210526315789
close_loc>=0.5,2022,2023,train,3,38,-0.0024522239445662663,-0.003452223944566267,0.34210526315789475
close_loc>=0.5,2022,2023,train,6,38,-0.00684307260356227,-0.007843072603562271,0.42105263157894735
close_loc>=0.5,2022,2023,train,12,38,-0.0017769203693245598,-0.0027769203693245605,0.39473684210526316
close_loc>=0.5,2022,2023,validation,2,11,0.005666161115513032,0.004666161115513031,0.45454545454545453
close_loc>=0.5,2022,2023,validation,3,11,0.005604109893615705,0.004604109893615704,0.5454545454545454
close_loc>=0.5,2022,2023,validation,6,11,-0.0022425987077419355,-0.0032425987077419364,0.36363636363636365
close_loc>=0.5,2022,2023,validation,12,11,0.009972161475865134,0.008972161475865133,0.45454545454545453
close_loc>=0.5,2023,2024,train,2,49,-0.000702929298808584,-0.0017029292988085848,0.3877551020408163
close_loc>=0.5,2023,2024,train,3,49,-0.0006436592053825584,-0.0016436592053825593,0.3877551020408163
close_loc>=0.5,2023,2024,train,6,49,-0.005810313157561787,-0.0068103131575617875,0.40816326530612246
close_loc>=0.5,2023,2024,train,12,49,0.0008606286163302696,-0.0001393713836697313,0.40816326530612246
close_loc>=0.5,2023,2024,validation,2,12,0.007057586055023379,0.0060575860550233784,0.6666666666666666
close_loc>=0.5,2023,2024,validation,3,12,0.006848727564868891,0.00584872756486889,0.5833333333333334
close_loc>=0.5,2023,2024,validation,6,12,0.007055569541822793,0.006055569541822792,0.6666666666666666
close_loc>=0.5,2023,2024,validation,12,12,0.007136252423957166,0.006136252423957165,0.6666666666666666
close_loc>=0.5,2024,2025,train,2,61,0.000823729459322294,-0.00017627054067770683,0.4426229508196721
close_loc>=0.5,2024,2025,train,3,61,0.0008302529461423169,-0.00016974705385768395,0.4262295081967213
close_loc>=0.5,2024,2025,train,6,61,-0.003279319839650066,-0.0042793198396500675,0.45901639344262296
close_loc>=0.5,2024,2025,train,12,61,0.002095177562092938,0.0010951775620929368,0.45901639344262296
close_loc>=0.5,2024,2025,validation,2,15,-0.0026798608456785277,-0.0036798608456785286,0.4666666666666667
close_loc>=0.5,2024,2025,validation,3,15,-0.0029116587472114356,-0.003911658747211436,0.4
close_loc>=0.5,2024,2025,validation,6,15,-0.007839161526831558,-0.00883916152683156,0.3333333333333333
close_loc>=0.5,2024,2025,validation,12,15,0.00980851925124328,0.008808519251243279,0.4666666666666667
close_loc>=0.5,2025,2026,train,2,76,0.00013223137280897395,-0.000867768627191027,0.4473684210526316
close_loc>=0.5,2025,2026,train,3,76,9.171774350670789e-05,-0.000908282256493293,0.42105263157894735
close_loc>=0.5,2025,2026,train,6,76,-0.0041792885936990445,-0.005179288593699045,0.4342105263157895
close_loc>=0.5,2025,2026,train,12,76,0.0036175476323199785,0.0026175476323199776,0.4605263157894737
close_loc>=0.5,2025,2026,validation,2,9,0.015068587071318652,0.014068587071318651,0.7777777777777778
close_loc>=0.5,2025,2026,validation,3,9,0.015058997500487621,0.01405899750048762,0.6666666666666666
close_loc>=0.5,2025,2026,validation,6,9,0.01140349656116393,0.01040349656116393,0.6666666666666666
close_loc>=0.5,2025,2026,validation,12,9,0.023080259396335918,0.022080259396335917,0.7777777777777778
