event_id,event_time,entry_time,entry_index,reentry_rsi,reentry_atr_pct,reentry_bb_width,reentry_vol_z,year,entry_price,net_2h,net_3h,net_6h,net_12h,rsi_bin,atr_bin,bb_bin,anchor
1,2020-03-01T00:00:00+00:00,2020-03-01T12:00:00+00:00,362,37.659482101250696,0.019841676943798597,0.045288829533900656,-0.8734197052487939,2020,8647.42,-0.01436121062698481,-0.006253590088141968,0.02002245525254931,0.011210578415296157,30-40,1-2%,<0.05,False
2,2020-03-09T12:00:00+00:00,2020-03-09T20:00:00+00:00,412,16.635616030183755,0.024699440994820104,0.22382687362936554,2.3283068050883715,2020,7842.04,0.006408786489229824,0.02743392790651422,0.00569723694344837,0.010792849819689754,<20,2-4%,>=0.12,True
3,2020-03-13T04:00:00+00:00,2020-03-14T00:00:00+00:00,437,24.32522796623344,0.10215134579957515,0.5980363865047131,0.7895903015886051,2020,5576.05,-0.023896136153728875,-0.04846549977134351,-0.07227088171734464,-0.05528753328969427,20-30,>=4%,>=0.12,False
4,2020-06-12T00:00:00+00:00,2020-06-12T08:00:00+00:00,979,33.29010973034232,0.016462768637764046,0.07316464325388855,-0.23161104866428703,2020,9439.48,-0.0018761075821973608,0.0017173106993181317,-0.004642149779436887,-0.0023920258319313206,30-40,1-2%,0.05-0.12,False
5,2020-06-25T04:00:00+00:00,2020-06-25T12:00:00+00:00,1058,36.01664995856142,0.013631362406518473,0.07625692235819449,0.1891554839284756,2020,9255.79,-0.0016806550278259938,-0.00196804270624129,-0.01221244107742292,-0.014508301290327541,30-40,1-2%,0.05-0.12,False
6,2020-07-02T16:00:00+00:00,2020-07-03T08:00:00+00:00,1105,37.988330598668206,0.010492817269402429,0.023901703986655934,1.7076629655636648,2020,9105.25,-0.0031449163943879635,-0.006160758902830742,-0.006223360149364309,-0.008772438977513008,30-40,1-2%,<0.05,True
7,2020-07-16T12:00:00+00:00,2020-07-17T12:00:00+00:00,1190,39.331654277617574,0.007609372173241678,0.02337078203870745,-0.0674880512145656,2020,9138.92,0.0006851006464657647,-0.001426746267611411,0.002353787974946565,-0.003082302941704306,30-40,<1%,<0.05,False
8,2020-08-11T20:00:00+00:00,2020-08-12T16:00:00+00:00,1347,38.31785609206881,0.018398259936160104,0.057226744386656224,1.2551685701228488,2020,11581.54,-0.002237313863268752,-0.00688091048340722,-0.007507770123835077,0.018030284400865404,30-40,1-2%,0.05-0.12,True
9,2020-08-22T04:00:00+00:00,2020-08-23T00:00:00+00:00,1409,39.271534466910204,0.013794833320387135,0.038267575061540965,-0.9711892548211284,2020,11663.51,-0.012744320534727516,-0.0018796665840729023,0.0007910560371618977,-0.0004795734731654058,30-40,1-2%,<0.05,False
10,2020-09-04T04:00:00+00:00,2020-09-04T12:00:00+00:00,1484,23.406765912249384,0.02592198787008706,0.20798495486308885,-0.4595306890098964,2020,10422.52,0.0012768006201954183,-0.0023490019688138233,-0.015260466758519109,-0.024904967320763083,20-30,2-4%,>=0.12,False
11,2020-09-22T00:00:00+00:00,2020-09-22T20:00:00+00:00,1594,34.03616153756697,0.01412174411012628,0.0832056421618056,-0.4267664192345452,2020,10491.98,-0.007036992064414881,-0.0026707999824626674,-0.024877285316975528,0.022288263988303414,30-40,1-2%,0.05-0.12,False
12,2020-12-09T08:00:00+00:00,2020-12-10T00:00:00+00:00,2063,36.99265220536661,0.019736724321957395,0.08543764079687222,2.7107136182976364,2020,18541.29,-0.01981206755301268,-0.022962333796623602,-0.03068563675990177,-0.014983385190566634,30-40,1-2%,0.05-0.12,True
13,2021-02-26T08:00:00+00:00,2021-02-27T04:00:00+00:00,2538,38.83694055320289,0.050227254893109016,0.14714126061007018,-0.0714477558776487,2021,47423.07,-0.019860651577386257,-0.0013728143285536279,-0.06472931992804343,-0.02493117948711454,30-40,>=4%,>=0.12,False
14,2021-04-18T12:00:00+00:00,2021-04-19T04:00:00+00:00,2844,35.02046652770758,0.03594348806622954,0.1909002688907054,0.612017621601747,2021,57030.9,-0.04388341933934059,-0.02028708822760994,-0.04694579429747736,-0.03127937486520471,30-40,2-4%,>=0.12,False
15,2021-04-22T00:00:00+00:00,2021-04-22T12:00:00+00:00,2864,38.548093882495216,0.03193463029529822,0.0760484278822281,2.3429765966193496,2021,54866.63,-0.058879807817611485,-0.08425406535812374,-0.0926770357501453,-0.0858348076052784,30-40,2-4%,0.05-0.12,True
16,2021-04-23T08:00:00+00:00,2021-04-24T00:00:00+00:00,2873,35.988268947333935,0.041256680471198175,0.16870599638573597,0.9935379091030822,2021,51110.56,-0.0408518427503044,-0.018580124342210236,-0.030250706703272234,0.02420868485886285,30-40,>=4%,>=0.12,False
17,2021-05-16T00:00:00+00:00,2021-05-16T08:00:00+00:00,3007,38.74102761683764,0.036206761333198806,0.08288889019049542,-0.6477282313103706,2021,49375.28,-0.07848857322935676,-0.06062052265830187,-0.07479988528672643,-0.08311112929384912,30-40,2-4%,0.05-0.12,False
18,2021-05-23T16:00:00+00:00,2021-05-24T00:00:00+00:00,3053,30.360283767454874,0.07385595133997716,0.24816336979882017,1.8733089392182611,2021,34681.44,0.08315365682624487,0.08141266798610414,0.10346711555229537,0.13805247302303492,30-40,>=4%,>=0.12,True
19,2021-09-11T00:00:00+00:00,2021-09-11T12:00:00+00:00,3716,36.24003737667735,0.024851997525359895,0.049979864593817105,-1.0487381386667425,2021,45555.68,-0.009385123435760367,-0.006255107595803721,0.006272638669864939,-0.027217806429406854,30-40,2-4%,<0.05,False
20,2021-11-19T08:00:00+00:00,2021-11-19T16:00:00+00:00,4131,31.886365867046905,0.025616824218994052,0.10531867277470228,-0.10950444646673078,2021,57887.96,0.009799136815323961,0.007500904160381406,0.02563904549408902,0.023636729295694603,30-40,2-4%,0.05-0.12,False
21,2021-12-04T12:00:00+00:00,2021-12-04T20:00:00+00:00,4222,26.371511664503544,0.042229446286124336,0.25389342410878873,0.2007562652846421,2021,49249.99,-0.00020426379782001371,-0.0011504568833414766,0.001971371161699876,0.023201629279518632,20-30,>=4%,>=0.12,False
22,2021-12-13T20:00:00+00:00,2021-12-14T12:00:00+00:00,4280,35.3950188821331,0.026712491767769277,0.08169329306148713,0.5698606806352943,2021,47617.99,0.01423142829002233,0.012533120570607958,-0.021699739741219637,0.019324671410951955,30-40,2-4%,0.05-0.12,False
23,2021-12-31T20:00:00+00:00,2022-01-01T04:00:00+00:00,4386,37.68546373721937,0.021068392154973907,0.052224888058177654,-0.18118600991190278,2021,46813.21,0.007669134203785678,0.010034705802058785,0.006695263794129881,0.004087452879219523,30-40,2-4%,0.05-0.12,False
24,2022-01-06T12:00:00+00:00,2022-01-06T20:00:00+00:00,4420,28.6553022891905,0.021977677775501518,0.13348325247321477,0.10741929605588188,2022,43438.11,-0.04085900859867064,-0.02815334529978397,-0.04408727981028637,-0.04147989196583379,20-30,2-4%,>=0.12,False
25,2022-02-12T04:00:00+00:00,2022-02-12T20:00:00+00:00,4642,39.55251646889326,0.02300523147164118,0.07144017278629093,-0.6541437468071803,2022,42662.47,-0.006861592167542118,-0.005494348311290919,-0.015270388001444757,-0.0039658385930303455,30-40,2-4%,0.05-0.12,False
26,2022-02-22T04:00:00+00:00,2022-02-22T12:00:00+00:00,4700,31.76061041807661,0.02716112830129958,0.11649445129101788,0.4402601604137931,2022,37519.47,0.01794642968037652,0.0051621339533846075,0.02546732483161407,-0.043631465742986264,30-40,2-4%,0.05-0.12,False
27,2022-02-24T08:00:00+00:00,2022-02-24T20:00:00+00:00,4714,33.32478188920051,0.03020032547345621,0.1233795387951106,1.4774172236762506,2022,37300.0,0.030266487935656783,0.037740214477211764,0.050452278820375285,0.04770563002680961,30-40,2-4%,>=0.12,True
28,2022-03-05T04:00:00+00:00,2022-03-05T20:00:00+00:00,4768,29.190983343326337,0.026447931946030765,0.1688981738254073,-1.0277728771489516,2022,39433.71,-0.002170064901324208,-0.0284189265985878,-0.026686145178833054,-0.037661779984688226,20-30,2-4%,>=0.12,False
29,2022-03-07T20:00:00+00:00,2022-03-08T04:00:00+00:00,4782,39.25956684978238,0.02629232223172492,0.06523774669710124,0.9685262111609696,2022,38696.56,-0.0019876846934198103,0.0007655316131459653,0.07896938229134587,0.013015199283864187,30-40,2-4%,0.05-0.12,False
30,2022-04-25T08:00:00+00:00,2022-04-25T20:00:00+00:00,5074,36.07427830485599,0.01568081183930968,0.04774629819388267,0.954503636686619,2022,40225.98,0.007912647995151345,0.00499239595902934,-0.053536445351983986,-0.025617423863881106,30-40,1-2%,<0.05,False
31,2022-05-01T00:00:00+00:00,2022-05-01T16:00:00+00:00,5109,39.16549655704332,0.016364949306595794,0.06313904496393365,-0.17575390002087846,2022,38490.01,0.003782799484853273,0.009170431236572685,0.0009062089097923174,-0.02107066249138423,30-40,1-2%,0.05-0.12,False
32,2022-05-12T04:00:00+00:00,2022-05-12T16:00:00+00:00,5175,22.937453090038602,0.05148666577523348,0.187952489373804,2.1873411430371106,2022,29021.26,0.052797802025136176,0.03862164289214187,0.03562315144139172,0.009940944672974239,20-30,>=4%,>=0.12,True
33,2022-06-14T00:00:00+00:00,2022-06-14T08:00:00+00:00,5371,12.405168424371837,0.0490383413863939,0.35853410224736376,2.1468334219946255,2022,22877.52,-0.03077770317761719,-0.03339468264042611,-0.07533017215152693,-0.08112100961992386,<20,>=4%,>=0.12,True
34,2022-06-18T20:00:00+00:00,2022-06-19T12:00:00+00:00,5402,32.074860386957965,0.04884787198202289,0.2191099199157518,2.2932534027918736,2022,19692.49,0.043763765272954225,0.013624864605745635,0.05649653802033161,0.08531209156383956,30-40,>=4%,>=0.12,True
35,2022-08-17T20:00:00+00:00,2022-08-18T12:00:00+00:00,5762,36.10844184742907,0.01651569071423337,0.058403537543521185,-1.3202966719406126,2022,23534.43,-0.015584164562302938,-0.033521713931461306,-0.08985152519096484,-0.09596682095126163,30-40,1-2%,0.05-0.12,False
36,2022-08-20T00:00:00+00:00,2022-08-20T16:00:00+00:00,5775,21.995048495774682,0.02108017895794132,0.1781127344222794,-0.10006337618965615,2022,21300.5,-0.0053088190418064665,-0.0033060491537756356,0.008929813854134827,-0.012419919720194406,20-30,2-4%,>=0.12,False
37,2022-09-07T04:00:00+00:00,2022-09-07T20:00:00+00:00,5884,28.635886199075088,0.017328275382638713,0.08534036787002201,-0.17003340715906645,2022,18992.37,0.008440106737600428,0.015784635092934818,0.01623850156668183,0.12366795876449344,20-30,1-2%,0.05-0.12,False
38,2022-09-19T12:00:00+00:00,2022-09-19T20:00:00+00:00,5956,38.10572748272779,0.021412719931782426,0.09647342823377208,2.0809134067301494,2022,19514.8,-0.009038514358333138,-0.0161326172955909,-0.03378537315268404,-0.05498159345727338,30-40,2-4%,0.05-0.12,True
39,2022-10-11T04:00:00+00:00,2022-10-11T12:00:00+00:00,6086,29.697273578178923,0.010455698363931837,0.030258621025760216,0.18479551923503862,2022,19153.68,-0.005890966122437113,-0.006479364800915598,-0.0018541439556263297,-0.011185510042978741,20-30,1-2%,<0.05,False
40,2022-10-13T12:00:00+00:00,2022-10-13T20:00:00+00:00,6100,38.86502735802421,0.013003060667678892,0.024513678262553608,3.7623959050327223,2022,19369.94,0.013063543820992618,0.010683567424576546,-0.010964408769464362,-0.01651631032414136,30-40,1-2%,<0.05,True
41,2022-11-28T16:00:00+00:00,2022-11-29T04:00:00+00:00,6378,39.10233402693478,0.011303552979566138,0.03714029288484737,2.248819634278605,2022,16287.53,0.005504976506566562,0.007535978137875988,0.03563231932650324,0.04705394065275692,30-40,1-2%,<0.05,True
42,2022-12-17T00:00:00+00:00,2022-12-18T00:00:00+00:00,6491,29.34155530188231,0.013682392647490596,0.09348848222651393,-0.2291390241996978,2022,16777.54,-0.0049451552492202335,-0.006584847361412959,-0.00672610764152548,-0.003998055734034888,20-30,1-2%,0.05-0.12,False
43,2023-02-06T04:00:00+00:00,2023-02-06T16:00:00+00:00,6795,34.40110867473193,0.011313523074491058,0.037915890184537254,0.019791368875703902,2023,23042.86,-0.008154927817119906,-0.006726285712797874,0.0011282080436195727,-0.008289459728523352,30-40,1-2%,<0.05,False
44,2023-02-22T16:00:00+00:00,2023-02-23T00:00:00+00:00,6893,38.34747254245966,0.017817085389603676,0.06115783317574008,0.6082714847896782,2023,24182.21,-0.017624204322102877,-0.010564469086985828,-0.01043503509398025,-0.04667696666268306,30-40,1-2%,0.05-0.12,False
45,2023-03-10T12:00:00+00:00,2023-03-11T00:00:00+00:00,6989,18.92571035710752,0.01872060525595246,0.1642247439827244,2.2579488820735185,2023,20150.69,-0.0042068380784975315,-0.0054023306397944495,0.01020408283785812,0.10226842405892811,<20,1-2%,>=0.12,True
46,2023-05-01T20:00:00+00:00,2023-05-02T16:00:00+00:00,7305,37.083030236314414,0.01611209426210505,0.06857446924484284,0.4497608083331169,2023,28540.69,-0.0016933959900757847,0.0029631137158913088,-0.0086280566447412,0.01141841034677149,30-40,1-2%,0.05-0.12,False
47,2023-06-10T16:00:00+00:00,2023-06-11T20:00:00+00:00,7546,36.48261514287007,0.01377556593943031,0.04915455108647646,1.2611480231189955,2023,26030.89,-0.009755367181068286,-0.0026157726454991695,-0.005828878305735973,-0.004712512326701112,30-40,1-2%,<0.05,True
48,2023-06-15T12:00:00+00:00,2023-06-15T20:00:00+00:00,7570,28.68660592270838,0.011777969799401867,0.06349084771746415,0.3636059784209567,2023,25455.49,0.0022024525947054183,-0.000252813440244303,0.03394373905196868,0.04070023833758463,20-30,1-2%,0.05-0.12,False
49,2023-08-01T12:00:00+00:00,2023-08-01T20:00:00+00:00,7852,39.77156949784722,0.007035156168507349,0.023982124839038527,2.7026845292101678,2023,29274.42,0.009344867635293963,0.008840331593247819,-0.004020042754049435,-0.0037594056517601384,30-40,<1%,<0.05,True
50,2023-08-22T20:00:00+00:00,2023-08-23T16:00:00+00:00,7983,39.626987326508065,0.010452889336231529,0.013984709003486726,2.4040726344365457,2023,26143.99,0.01039917816676017,0.011752070361103928,-0.004999007037563951,-0.00756479749265515,30-40,1-2%,<0.05,True
51,2023-09-25T12:00:00+00:00,2023-09-26T04:00:00+00:00,8184,37.38715927801317,0.007385578368904471,0.026650553206467156,1.6649668776671709,2023,26353.87,-0.009621504166181238,-0.005028630330194294,-0.005080235654194242,0.0030267330756356134,30-40,<1%,<0.05,True
52,2023-11-15T04:00:00+00:00,2023-11-15T12:00:00+00:00,8486,35.77132794759568,0.013523052813614139,0.06669552341408601,-0.654096994671247,2023,36240.95,0.04362493394902722,0.03249884591877439,0.003554240437957713,-0.006412385712846746,30-40,1-2%,0.05-0.12,False
53,2023-11-27T16:00:00+00:00,2023-11-28T00:00:00+00:00,8561,38.37516648549765,0.010027599355761842,0.037305706411003434,0.39736603002182047,2023,37242.7,-0.0007658601551444591,0.006262899843459403,0.01773628925937165,0.020726136934217876,30-40,1-2%,<0.05,False
54,2023-12-11T20:00:00+00:00,2023-12-12T04:00:00+00:00,8646,32.70183827749268,0.01743166008726164,0.0966038170905397,0.11631666704349235,2023,41735.29,-0.010279676743590427,-0.015311629318976894,-0.01585601274125581,0.026882638409844506,30-40,1-2%,0.05-0.12,False
55,2023-12-18T08:00:00+00:00,2023-12-18T20:00:00+00:00,8686,36.912420836571314,0.01397741780137083,0.04665540675704561,2.301346493992543,2023,41701.11,0.03101473533917931,0.02957472570874009,0.012785724168972945,0.04618867195621401,30-40,1-2%,<0.05,True
56,2023-12-26T20:00:00+00:00,2023-12-27T12:00:00+00:00,8738,39.34372250076514,0.01203876060223704,0.04592473916673313,-0.40539377627782747,2023,43019.11,0.008524604297950433,0.008049466620764556,-0.01432245134778476,-0.018388086364408807,30-40,1-2%,<0.05,False
57,2024-04-17T16:00:00+00:00,2024-04-18T04:00:00+00:00,9414,35.178931954265764,0.028428433283460883,0.09338144873033849,1.0639306640390422,2024,61987.99,0.023371011223303095,0.023021588698068807,0.04028525541802541,0.030832456577475686,30-40,2-4%,0.05-0.12,True
58,2024-06-11T16:00:00+00:00,2024-06-12T12:00:00+00:00,9746,36.7703845353237,0.011282060991525067,0.059722426174242255,1.1220590848923189,2024,67778.43,0.006163931061843876,-0.005477678222997938,-0.02030437161203058,-0.021455327749550945,30-40,1-2%,0.05-0.12,True
59,2024-06-24T20:00:00+00:00,2024-06-25T04:00:00+00:00,9822,25.896191876168615,0.014549804322233531,0.09878150460330903,1.0832577466564406,2024,61302.59,0.007277138045880372,0.009976208346172633,0.0058093370932615915,-0.009296223699520545,20-30,1-2%,0.05-0.12,True
60,2024-06-28T20:00:00+00:00,2024-06-29T08:00:00+00:00,9847,38.82593159646929,0.012609279045450702,0.032106621508928984,-1.0636820994618432,2024,61052.3,-0.0009166288575533912,-0.002074816182191407,0.007315821025579595,0.0253673932022217,30-40,1-2%,<0.05,False
61,2024-07-05T08:00:00+00:00,2024-07-05T16:00:00+00:00,9885,27.53655285264277,0.022992315700691462,0.16482312314934666,1.2083739308121284,2024,56662.99,-0.005464819099733286,-0.0020057711391509017,0.020089603637224118,0.007614264796121818,20-30,2-4%,>=0.12,True
62,2024-08-01T16:00:00+00:00,2024-08-02T00:00:00+00:00,10049,32.71659413215984,0.016840178184523838,0.08007800484267705,1.3780887271230746,2024,65354.02,-0.011619239642794654,-0.030654028933491673,-0.05391227685764399,-0.07167690709768115,30-40,1-2%,0.05-0.12,True
63,2024-08-05T12:00:00+00:00,2024-08-06T04:00:00+00:00,10074,30.963010316627745,0.04107311410223204,0.2393644911527144,2.218512084633881,2024,55665.73,0.012298307594277413,0.018756320450661446,0.021548523121856067,0.026445252222507265,30-40,>=4%,>=0.12,True
64,2024-09-02T00:00:00+00:00,2024-09-02T12:00:00+00:00,10238,37.253345551499095,0.01513325689837611,0.0377415995663454,0.6068377882015166,2024,58422.01,0.011155008018382095,0.010793158092301192,-0.012930606290334823,-0.005929820114028982,30-40,1-2%,<0.05,False
65,2024-09-06T20:00:00+00:00,2024-09-07T12:00:00+00:00,10268,30.06563440830233,0.021117918197983834,0.09252625727546662,0.5877319160329912,2024,54326.01,-0.004039980296730804,0.0004170008067957429,-0.012762505657971213,0.018511648287809046,30-40,2-4%,0.05-0.12,False
66,2024-10-10T00:00:00+00:00,2024-10-10T12:00:00+00:00,10466,36.01931295169814,0.012425035128256172,0.05253513795965624,-0.45218623921010326,2024,61262.01,-0.016272433927649543,-0.0115776810130781,0.015275012850541558,0.02994054537224622,30-40,1-2%,0.05-0.12,False
67,2024-10-10T20:00:00+00:00,2024-10-11T12:00:00+00:00,10472,37.499057830123604,0.013668705728847692,0.060095598867933794,-0.13514215102824811,2024,61174.88,0.02131504172954657,0.021772745937548188,0.031408890708081505,0.01623632314440171,30-40,1-2%,0.05-0.12,False
68,2024-12-10T16:00:00+00:00,2024-12-11T04:00:00+00:00,10836,37.24691904275669,0.019481939846806424,0.06238933676721565,2.2703449655777534,2024,97398.42,0.029423696811508804,0.0372376839377887,0.030844151065284264,0.027045424145484165,30-40,1-2%,0.05-0.12,True
69,2025-01-13T16:00:00+00:00,2025-01-14T00:00:00+00:00,11039,39.669062246591544,0.016164786645763908,0.044985635362277655,0.4362160379539827,2025,94536.11,0.020282132298441335,0.019474081279629574,0.028417436363734283,0.05127547441924574,30-40,1-2%,<0.05,False
70,2025-02-25T16:00:00+00:00,2025-02-26T00:00:00+00:00,11297,22.855137939761136,0.01895746417496263,0.1320452820805277,0.8795219276847804,2025,88680.39,-0.001717069467105369,-0.01354911035010109,-0.03994964828188052,-0.09378206827913138,20-30,1-2%,>=0.12,False
71,2025-02-26T20:00:00+00:00,2025-02-27T04:00:00+00:00,11304,20.73576141822643,0.0233556583919905,0.16943891506142728,1.079252539102627,2025,85226.32,0.0022210706739419503,-0.014051601899507271,-0.07165575517046863,-0.00670445843490619,20-30,2-4%,>=0.12,True
72,2025-02-28T08:00:00+00:00,2025-02-28T16:00:00+00:00,11313,27.922348009324296,0.027464155343023842,0.13978601285184414,0.13717165641222392,2025,84005.05,0.014782265470944744,0.0077506643945809426,0.01662227389900972,0.112290212909819,20-30,2-4%,>=0.12,False
73,2025-03-10T00:00:00+00:00,2025-03-10T12:00:00+00:00,11372,34.34772362730172,0.024054393437785822,0.10671425640150371,0.270594331945545,2025,83582.0,-0.06065566748821516,-0.04957158239812409,-0.029113230121317946,-0.02305056112560122,30-40,2-4%,0.05-0.12,False
74,2025-04-07T08:00:00+00:00,2025-04-07T16:00:00+00:00,11541,29.589400931833566,0.021425743159882767,0.1288551691717064,0.9745539896942061,2025,78479.91,0.017145917853371606,0.011947135133055009,-0.021716894298171363,0.04808479125422027,20-30,2-4%,>=0.12,False
75,2025-05-30T00:00:00+00:00,2025-05-30T12:00:00+00:00,11858,38.26258396552857,0.012393736398812801,0.049990487491208914,0.8271163827988319,2025,105880.5,-0.01889772432128678,-0.02174499081511705,-0.013508630012136313,-0.012006748173648552,30-40,1-2%,<0.05,False
76,2025-06-06T00:00:00+00:00,2025-06-06T12:00:00+00:00,11900,37.03219038440188,0.011539867166703195,0.04938195745628757,0.017692687785506592,2025,103927.99,0.002468266825905175,0.008079267288821801,0.014685091186695698,0.018788028229931197,30-40,1-2%,<0.05,False
77,2025-06-13T04:00:00+00:00,2025-06-14T00:00:00+00:00,11945,35.14446173565763,0.011684916979919151,0.06266094953210644,0.09727500335862953,2025,106066.59,-0.01028265912951476,-0.012552082517218621,-0.006591204544239559,-0.0023647087174198935,30-40,1-2%,0.05-0.12,False
78,2025-10-16T20:00:00+00:00,2025-10-17T04:00:00+00:00,12696,32.68885040774882,0.01670729412939969,0.06933188178797146,-1.0621713099006194,2025,109176.74,-0.022737322436995333,-0.025932233734035304,-0.024006182452416147,-0.0228978877735313,30-40,1-2%,0.05-0.12,False
79,2025-10-17T12:00:00+00:00,2025-10-18T12:00:00+00:00,12704,34.974249348793336,0.018902568381205274,0.0825588316612145,0.8410176678298342,2025,107208.61,-0.0012201315733876275,-0.00037346450065911443,0.010921523840296099,0.035712909532172765,30-40,1-2%,0.05-0.12,False
80,2025-11-04T20:00:00+00:00,2025-11-05T16:00:00+00:00,12813,27.94035890522086,0.017364056622625634,0.11610080041607637,2.149430069218263,2025,103728.3,-0.0018895354498242858,-0.00623309453639953,-0.023554018527248588,-0.004210792040359345,20-30,1-2%,0.05-0.12,True
81,2025-11-18T08:00:00+00:00,2025-11-18T16:00:00+00:00,12891,33.38142662630017,0.017585394265635053,0.08046873830722946,0.2495527496458548,2025,92910.1,-0.012146043325752531,-0.012263145772095863,-0.04432725936146886,-0.06545822359463616,30-40,1-2%,0.05-0.12,False
82,2025-11-21T12:00:00+00:00,2025-11-21T20:00:00+00:00,12910,25.033689822086785,0.028142676540376558,0.15357145955581541,2.8028249463769703,2025,84209.3,0.003402839116344648,-0.0023105440847982486,0.005299066730159231,0.030121265703431876,20-30,2-4%,>=0.12,True
83,2025-12-01T16:00:00+00:00,2025-12-02T00:00:00+00:00,12971,26.780196718316546,0.015246866117997764,0.1043772063858457,0.6154655968744827,2025,86286.01,0.011550238445374839,0.05189385845978978,0.07251017853299746,0.08310436407941457,20-30,1-2%,0.05-0.12,False
84,2025-12-16T04:00:00+00:00,2025-12-16T12:00:00+00:00,13058,30.250866643059382,0.013929964600267903,0.0722155234048984,0.3021309216442656,2025,87261.46,0.00589834893892427,-0.0015485812407907132,-0.0013211039558587148,0.013347456483079667,30-40,1-2%,0.05-0.12,False
85,2026-01-26T00:00:00+00:00,2026-01-26T08:00:00+00:00,13303,32.94892198026061,0.010386101319101152,0.04521900921895636,1.4262235517988426,2026,88000.64,-0.0008573874008189755,0.002936789550621489,-0.0010897720743848751,0.022628919062406827,30-40,1-2%,<0.05,True
86,2026-02-03T20:00:00+00:00,2026-02-04T04:00:00+00:00,13356,32.18979956318503,0.024926227108182056,0.05702034093376925,-0.31916180171674,2026,76698.17,-0.03440118805963688,-0.037179220442938976,-0.07846364743774192,-0.15539964212966229,30-40,2-4%,0.05-0.12,False
87,2026-02-06T00:00:00+00:00,2026-02-06T12:00:00+00:00,13370,18.72131568606143,0.03856406204862342,0.2685374501389829,2.058752316182393,2026,66631.32,0.05826552258007178,0.06334916792883594,0.03682275362397125,0.06740131637794355,<20,2-4%,>=0.12,True
88,2026-02-28T08:00:00+00:00,2026-02-28T16:00:00+00:00,13503,34.80029468589126,0.019109252807662864,0.08631647195011012,0.39103732254040174,2026,64841.17,0.040038587058191744,0.03447468375416418,0.016288398713348307,0.06262254104915133,30-40,1-2%,0.05-0.12,False
89,2026-03-27T20:00:00+00:00,2026-03-28T16:00:00+00:00,13671,30.910733333541373,0.015966494643258278,0.10146186887571469,-0.8409963030530575,2026,67014.92,-0.002535777405986538,-0.006131991502787758,-0.01094256204439259,-0.007936813473775617,30-40,1-2%,0.05-0.12,False
90,2026-04-28T12:00:00+00:00,2026-04-29T04:00:00+00:00,13860,38.3936397542525,0.010471615593283209,0.038514034555065475,1.7388342401072676,2026,76994.77,-0.014903801517947346,-0.019584509051718713,-0.01182021545099754,0.0007633665247651642,30-40,1-2%,<0.05,True
91,2026-05-23T12:00:00+00:00,2026-05-23T20:00:00+00:00,14008,37.996647410042755,0.010291865338398732,0.05544067890678934,1.36925279233854,2026,75983.45,0.009746287513925922,0.016590804313307728,0.013233494267501755,0.01661646779660575,30-40,1-2%,0.05-0.12,True
92,2026-06-05T16:00:00+00:00,2026-06-06T00:00:00+00:00,14087,21.07563221304075,0.02614765692245365,0.1330543517456387,1.6946995859821312,2026,61056.47,-0.005152876836803654,-0.005462590123536447,0.009557439694761194,0.03296282163053321,20-30,2-4%,>=0.12,True
93,2026-06-18T16:00:00+00:00,2026-06-19T16:00:00+00:00,14169,37.67795458193743,0.01505084841618775,0.07577248871542829,0.4574069691261789,2026,63214.01,0.003156989882464268,0.0059794654697590275,0.010421360549662917,0.014710283210952801,30-40,1-2%,0.05-0.12,False
94,2026-07-13T20:00:00+00:00,2026-07-14T12:00:00+00:00,14318,35.86839767664438,0.010190713800029633,0.04300230892149925,-0.7782767405088077,2026,62844.99,0.03399069695134027,0.029981308136098117,0.04009508172409604,0.028592494166997384,30-40,1-2%,<0.05,False
95,2026-09-11T00:00:00+00:00,2026-09-11T08:00:00+00:00,14671,32.71441300904047,0.009835504701156388,0.03841734277487164,-0.26242311917522726,2026,77230.7,-0.0002838340193732627,-0.0010647410938914295,0.0006229297416701094,-0.0066762401480239255,30-40,<1%,<0.05,False
