category,horizon,n,avg_net,median_net,win,pf
decreases_then_reincreases,2,9,0.005935487350506912,0.007024907566347439,0.6666666666666666,3.274350835764761
decreases_then_reincreases,3,9,0.0016344027307671543,0.005504976506566562,0.5555555555555556,1.3056895741739096
decreases_then_reincreases,6,9,0.0022668992318787395,-0.0015671420834030272,0.4444444444444444,1.4949214619031863
decreases_then_reincreases,12,9,0.005974761191211209,0.0007703799881472193,0.5555555555555556,1.7822324423827474
increasing,2,4,0.00897021876801865,0.007653044223891348,0.75,3.7252626630367405
increasing,3,4,0.011317852762513292,0.004900702459072925,0.75,6.551417751977328
increasing,6,4,-3.80407551501536e-05,-0.0035187475528628545,0.25,0.9943487270176323
increasing,12,4,-0.006600598376974742,-0.006527296166803809,0.25,0.09086958940151774
other,2,51,-0.00218887255411918,-0.0015627434235533358,0.4117647058823529,0.6595978446221058
other,3,51,-0.0024293527404756882,-0.0009166288575533912,0.4117647058823529,0.6967888511188223
other,6,51,-0.004013531061896988,-0.0007696225696486305,0.47058823529411764,0.6991905949936805
other,12,51,-0.0004033805516529815,-0.0005498585515301127,0.49019607843137253,0.9754064436437565
remains_elevated,2,1,0.011247552641521108,0.011247552641521108,1.0,inf
remains_elevated,3,1,0.009344867635293963,0.009344867635293963,1.0,inf
remains_elevated,6,1,-0.005196838058619035,-0.005196838058619035,0.0,0.0
remains_elevated,12,1,-0.0007642993439324055,-0.0007642993439324055,0.0,0.0
sharply_decreases,2,30,0.000736972500740433,-0.0020210634758584525,0.4,1.1223611424865358
sharply_decreases,3,30,0.001682493019925746,-0.0026911151288283577,0.4,1.1771217124000017
sharply_decreases,6,30,-0.006732073887586609,-0.004074892177283739,0.4,0.6304498763592917
sharply_decreases,12,30,0.001521942889298633,-0.004044203930336831,0.43333333333333335,1.0930613285207222
