year,atr_bin,anchor_n,control_n,anchor_avg_2h,control_avg_2h,diff_2h,anchor_avg_3h,control_avg_3h,diff_3h,anchor_avg_6h,control_avg_6h,diff_6h,anchor_avg_12h,control_avg_12h,diff_12h
2020,1-2%,3,5,-0.008398099270223133,-0.007539857167230113,-0.0008582421029930199,-0.012001334394287189,-0.0022109577323201394,-0.009790376661967049,-0.014805589011033718,-0.004183672976824826,-0.010621916034208891,-0.0019085132557380795,0.0032237883616350604,-0.00513230161737314
2020,2-4%,1,1,0.006408786489229824,0.0012768006201954183,0.005131985869034406,0.02743392790651422,-0.0023490019688138233,0.029782929875328046,0.00569723694344837,-0.015260466758519109,0.02095770370196748,0.010792849819689754,-0.024904967320763083,0.03569781714045284
2021,2-4%,1,6,-0.058879807817611485,-0.016676236115887626,-0.042203571701723855,-0.08425406535812374,-0.00951566465811123,-0.07473840070001252,-0.0926770357501453,-0.017473078561223265,-0.07520395718892203,-0.0858348076052784,-0.015759909500432434,-0.07007489810484596
2021,>=4%,1,3,0.08315365682624487,-0.020305586041836892,0.10345924286808177,0.08141266798610414,-0.007034465184701781,0.08844713317080592,0.10346711555229537,-0.031002885156538595,0.13447000070883397,0.13805247302303492,0.007493044883755647,0.13055942813927926
2022,1-2%,2,6,0.00928426016377959,-0.0010474552860592066,0.010331715449838796,0.009109772781226266,-0.002773077300875504,0.01188285008210177,0.012333955278519437,-0.022470585277271082,0.03480454055579052,0.01526881516430778,-0.0056950857198411935,0.020963900884148973
2022,2-4%,2,6,0.010613986788661822,-0.006540123287064455,0.017154110075726276,0.010803798590810432,-0.009907500632817959,0.02071129922362839,0.008333452833845623,0.004553784664421763,0.0037796681694238594,-0.003637981715231886,-0.021023949453811475,0.01738596773857959
2023,1-2%,4,8,0.006862927061593416,0.0019792407267062023,0.004883686334887213,0.0083271731961376,0.002114891067485594,0.006212282128652005,0.003040480415882785,0.0008901151206444496,0.0021503652952383355,0.034044946548946464,0.0024950656949945665,0.0315498808539519
2024,1-2%,4,4,0.007811381569109599,0.0038202467406814322,0.003991134828428167,0.0027705462818679305,0.004728351708644968,-0.0019578054267770373,-0.00939079007778218,0.010267279573466959,-0.019658069651249138,-0.01884575860031712,0.01640361040121016,-0.03524936900152728
2024,2-4%,2,1,0.008953096061784904,-0.004039980296730804,0.01299307635851571,0.010507908779458952,0.0004170008067957429,0.01009090797266321,0.030187429527624765,-0.012762505657971213,0.04294993518559598,0.01922336068679875,0.018511648287809046,0.0007117123989897056
2025,1-2%,1,10,-0.0018895354498242858,-0.0026801963745396785,0.0007906609247153927,-0.00623309453639953,-0.0008516401901776605,-0.005381454346221869,-0.023554018527248588,-0.000316979868427658,-0.02323703865882093,-0.004210792040359345,0.0005718596205476656,-0.00478265166090701
2025,2-4%,2,3,0.002811954895143299,-0.009575828054632937,0.012387782949776237,-0.00818107299215276,-0.009957927623496047,0.0017768546313432863,-0.0331783442201547,-0.011402616840159863,-0.021775727379994836,0.011708403634262843,0.04577481434614602,-0.034066410711883176
2026,1-2%,3,4,-0.0020049671349468,0.018662624121502436,-0.020667591256449236,-1.897172926316563e-05,0.01607586646430839,-0.01609483819357156,0.00010783558070644646,0.013965569735678668,-0.01385773415497222,0.013336251127925913,0.024497126238331474,-0.01116087511040556
2026,2-4%,2,1,0.026556322871634064,-0.03440118805963688,0.06095751093127094,0.028943288902649744,-0.037179220442938976,0.06612250934558872,0.02319009665936622,-0.07846364743774192,0.10165374409710815,0.05018206900423838,-0.15539964212966229,0.20558171113390067
