year,bb_bin,anchor_n,control_n,anchor_avg_2h,control_avg_2h,diff_2h,anchor_avg_3h,control_avg_3h,diff_3h,anchor_avg_6h,control_avg_6h,diff_6h,anchor_avg_12h,control_avg_12h,diff_12h
2020,<0.05,1,3,-0.0031449163943879635,-0.008806810171748855,0.005661893777360891,-0.006160758902830742,-0.0031866676466087603,-0.002974091256221982,-0.006223360149364309,0.0077224330882192565,-0.013945793237583565,-0.008772438977513008,0.0025495673334754816,-0.011322006310988491
2020,0.05-0.12,2,3,-0.011024690708140716,-0.0035312515581460784,-0.0074934391499946375,-0.014921622140015411,-0.0009738439964619419,-0.013947778143553469,-0.019096703441868423,-0.013910625391278445,-0.005186078050589979,0.001523449605149385,0.0017959789553481837,-0.00027252935019879865
2020,>=0.12,1,2,0.006408786489229824,-0.011309667766766729,0.017718454255996552,0.02743392790651422,-0.025407250870078668,0.05284117877659289,0.00569723694344837,-0.04376567423793187,0.04946291118138024,0.010792849819689754,-0.040096250305228676,0.05088910012491843
2021,0.05-0.12,1,4,-0.058879807817611485,-0.011697218480056198,-0.047182589337555286,-0.08425406535812374,-0.00763794803131343,-0.07661611732681031,-0.0926770357501453,-0.016041328934931792,-0.0766357068152135,-0.0858348076052784,-0.00901556892699576,-0.07681923867828264
2021,>=0.12,1,4,0.08315365682624487,-0.026200044366212816,0.10935370119245769,0.08141266798610414,-0.01034762094542882,0.09176028893153296,0.10346711555229537,-0.03498861244177329,0.13845572799406866,0.13805247302303492,-0.0022000600534844428,0.14025253307651936
2022,<0.05,2,2,0.00928426016377959,0.0010108409363571162,0.008273419227422474,0.009109772781226266,-0.0007434844209431293,0.009853257202169396,0.012333955278519437,-0.027695294653805158,0.040029249932324595,0.01526881516430778,-0.018401466953429924,0.033670282117737704
2022,0.05-0.12,1,7,-0.009038514358333138,0.00011296274719215965,-0.009151477105525298,-0.0161326172955909,-0.0021025968154467297,-0.014030020480144172,-0.03378537315268404,0.0013904852522141433,-0.03517585840489818,-0.05498159345727338,-0.0045642407806199626,-0.05041735267665342
2022,>=0.12,4,3,0.0240125880140325,-0.016112630847267106,0.040125218861299605,0.01414800983366829,-0.019959440350715802,0.03410745018438409,0.01681044903264292,-0.020614537044994868,0.03742498607763779,0.01545941416092489,-0.030520530556905474,0.04597994471783036
2023,<0.05,5,3,0.006276381958796784,-0.0001320612247713108,0.006408443183568095,0.008504544937479675,0.002528693583808695,0.00597585135367098,-0.001428487916514131,0.0015140153184021548,-0.002942503234916286,0.006635737912146644,-0.001983803052904761,0.008619540965051405
2024,0.05-0.12,5,3,0.010923307499948298,0.0003342091683887401,0.010589098331559558,0.006820754765108105,0.0035373552437552767,0.0032833995213528287,0.0005444190213793387,0.011307132633550617,-0.010762713612171279,-0.008910115564758559,0.02156283893481899,-0.03047295449957755
2025,0.05-0.12,1,7,-0.0018895354498242858,-0.012799033795652328,0.010909498345828043,-0.00623309453639953,-0.007192461671876276,0.0009593671354767462,-0.023554018527248588,-0.0031324682945725246,-0.020421550232676063,-0.004210792040359345,0.0026276212690683476,-0.0068384133094276925
2025,>=0.12,2,3,0.002811954895143299,0.010070371285736993,-0.007258416390593694,-0.00818107299215276,0.002049563059178287,-0.010230636051331048,-0.0331783442201547,-0.015014756227014056,-0.01816358799314064,0.011708403634262843,0.022197645294969297,-0.010489241660706455
2026,<0.05,2,2,-0.007880594459383161,0.016853431465983504,-0.024734025925366665,-0.008323859750548612,0.014458283521103343,-0.022782143271651956,-0.006454993762691208,0.020359005732883073,-0.02681399949557428,0.011696142793585995,0.010958127009486729,0.0007380157840992663
2026,0.05-0.12,1,4,0.009746287513925922,0.001564652868758149,0.008181634645167774,0.016590804313307728,-0.0007142656804508816,0.01730506999375861,0.013233494267501755,-0.015674112554780822,0.028907606822282578,0.01661646779660575,-0.021500907835833444,0.03811737563243919
